latitude,longitude,brightness,scan,track,acq_date,acq_time,satellite,instrument,confidence,version,bright_t31,frp,daynight,type
42.6862,-111.5934,343.4,1,1,2018-10-24,0519,Terra,MODIS,100,6.03,276.9,57.2,N,2
38.6954,-90.1315,311.6,1.1,1,2018-10-24,0752,Aqua,MODIS,83,6.03,277.8,17.7,N,2
42.6847,-111.5878,303.7,1,1,2018-10-24,0930,Aqua,MODIS,56,6.03,274.5,10.7,N,2
36.6681,-121.37,302,2.3,1.5,2018-10-24,0932,Aqua,MODIS,46,6.03,283.5,25,N,0
36.8498,-78.4113,319.3,1.9,1.4,2018-10-24,1540,Terra,MODIS,79,6.03,287.3,48.2,D,0
33.5856,-80.9403,304,2.6,1.5,2018-10-24,1541,Terra,MODIS,58,6.03,290.8,22,D,0
33.7724,-82.8088,314.9,3.4,1.7,2018-10-24,1541,Terra,MODIS,75,6.03,290.9,77.2,D,0
33.7645,-82.8528,319.3,3.4,1.7,2018-10-24,1541,Terra,MODIS,79,6.03,290.8,104,D,0
34.552,-84.1161,304.4,4.3,1.9,2018-10-24,1541,Terra,MODIS,59,6.03,289.1,54.8,D,0
33.3043,-82.4831,302.9,3.2,1.7,2018-10-24,1541,Terra,MODIS,54,6.03,291.8,25,D,0
32.8931,-82.9891,302.5,3.4,1.7,2018-10-24,1541,Terra,MODIS,33,6.03,290.8,25.6,D,0
32.903,-82.9824,310.2,3.4,1.7,2018-10-24,1541,Terra,MODIS,70,6.03,291.3,59.3,D,0
33.1029,-80.974,301.7,2.5,1.5,2018-10-24,1541,Terra,MODIS,48,6.03,291.5,14.2,D,0
34.8862,-80.0907,303.2,2.3,1.5,2018-10-24,1541,Terra,MODIS,55,6.03,290.2,19.5,D,0
33.3078,-82.4901,307.7,3.2,1.7,2018-10-24,1541,Terra,MODIS,66,6.03,291.8,41.6,D,0
34.9655,-78.1721,301.4,1.8,1.3,2018-10-24,1541,Terra,MODIS,47,6.03,290.6,8.5,D,0
33.7746,-82.846,320.6,3.4,1.7,2018-10-24,1541,Terra,MODIS,80,6.03,290.9,108.9,D,0
33.7621,-82.8157,325,3.4,1.7,2018-10-24,1541,Terra,MODIS,83,6.03,291.5,137.8,D,0
33.4036,-83.3318,305.8,3.7,1.8,2018-10-24,1541,Terra,MODIS,59,6.03,291.3,45,D,0
33.4116,-83.3257,303.8,3.7,1.8,2018-10-24,1541,Terra,MODIS,40,6.03,291.2,34.1,D,0
30.7257,-83.3166,300.4,3.4,1.7,2018-10-24,1542,Terra,MODIS,28,6.03,276.6,22.3,D,0
31.7125,-81.9585,311.3,2.9,1.6,2018-10-24,1542,Terra,MODIS,71,6.03,295,38.2,D,0
31.7107,-81.9647,308.6,2.9,1.6,2018-10-24,1542,Terra,MODIS,67,6.03,294.8,31.4,D,0
31.7839,-81.5054,305.4,2.7,1.6,2018-10-24,1542,Terra,MODIS,61,6.03,292.9,23.7,D,0
26.672,-81.471,310.4,2.3,1.5,2018-10-24,1543,Terra,MODIS,52,6.03,290.9,13.8,D,0
26.6742,-81.494,326.5,2.3,1.5,2018-10-24,1543,Terra,MODIS,81,6.03,292,63.7,D,0
47.4339,-93.2991,319.9,1,1,2018-10-24,1716,Terra,MODIS,69,6.03,280.8,20.5,D,0
48.686,-98.6727,306.6,1.5,1.2,2018-10-24,1716,Terra,MODIS,59,6.03,278.5,19.6,D,0
48.6842,-98.6519,302.4,1.5,1.2,2018-10-24,1716,Terra,MODIS,31,6.03,278.3,14.5,D,0
48.675,-98.6749,332,1.5,1.2,2018-10-24,1716,Terra,MODIS,85,6.03,276.6,62.7,D,0
48.6732,-98.6541,327.8,1.5,1.2,2018-10-24,1716,Terra,MODIS,63,6.03,277.9,52.4,D,0
48.683,-98.6581,319.3,1.5,1.2,2018-10-24,1716,Terra,MODIS,42,6.03,278.4,35.3,D,0
48.6721,-98.6602,337.2,1.5,1.2,2018-10-24,1716,Terra,MODIS,83,6.03,277.4,75.4,D,0
48.6577,-98.7478,309,1.5,1.2,2018-10-24,1716,Terra,MODIS,0,6.03,268.5,24.3,D,0
48.5442,-100.8676,315.3,2,1.4,2018-10-24,1716,Terra,MODIS,76,6.03,287.4,37.5,D,0
48.5423,-100.8409,329.8,2,1.4,2018-10-24,1716,Terra,MODIS,86,6.03,287.9,77.9,D,0
48.4207,-99.7047,300.2,1.7,1.3,2018-10-24,1716,Terra,MODIS,28,6.03,284.9,10.2,D,0
48.5058,-101.2316,301.7,2.1,1.4,2018-10-24,1716,Terra,MODIS,49,6.03,287.5,11.7,D,0
48.253,-98.4179,300,1.5,1.2,2018-10-24,1716,Terra,MODIS,12,6.03,278.9,10.6,D,0
48.4839,-101.9131,304.9,2.2,1.4,2018-10-24,1716,Terra,MODIS,60,6.03,286.8,21.4,D,0
48.4865,-101.9202,303.5,2.2,1.4,2018-10-24,1716,Terra,MODIS,56,6.03,286.5,17.5,D,0
48.1828,-98.6425,303,1.5,1.2,2018-10-24,1716,Terra,MODIS,54,6.03,281.8,12.5,D,0
48.181,-98.6223,307,1.5,1.2,2018-10-24,1716,Terra,MODIS,61,6.03,281.6,17,D,0
48.1625,-99.0463,330.9,1.6,1.2,2018-10-24,1716,Terra,MODIS,87,6.03,286.6,57.2,D,0
48.1625,-99.0524,324.5,1.6,1.2,2018-10-24,1716,Terra,MODIS,83,6.03,286.5,45.3,D,0
48.1606,-99.0313,308,1.6,1.2,2018-10-24,1716,Terra,MODIS,63,6.03,286.5,17.1,D,0
47.4321,-93.286,301.7,1,1,2018-10-24,1716,Terra,MODIS,48,6.03,280.7,7,D,0
47.8114,-99.5807,315.2,1.7,1.3,2018-10-24,1716,Terra,MODIS,75,6.03,286.1,29.6,D,0
47.8292,-100.0865,300.9,1.8,1.3,2018-10-24,1716,Terra,MODIS,43,6.03,286.7,9.5,D,0
43.9402,-103.3898,307.7,2.4,1.5,2018-10-24,1717,Terra,MODIS,66,6.03,289.9,29.3,D,0
39.0675,-93.0104,302.9,1.1,1,2018-10-24,1718,Terra,MODIS,54,6.03,289.7,4.8,D,0
39.2704,-92.2781,300.4,1.2,1.1,2018-10-24,1718,Terra,MODIS,34,6.03,285.8,4.9,D,0
39.2522,-92.5158,305.3,1.1,1.1,2018-10-24,1718,Terra,MODIS,61,6.03,282.9,9.6,D,0
38.6976,-90.1395,300.9,1.5,1.2,2018-10-24,1718,Terra,MODIS,37,6.03,286.8,6.9,D,2
38.6924,-90.1301,301.9,1.5,1.2,2018-10-24,1718,Terra,MODIS,0,6.03,285.4,7,D,2
34.4114,-88.5981,312.7,2.3,1.5,2018-10-24,1719,Terra,MODIS,73,6.03,288.6,42.2,D,0
34.406,-88.5731,300.7,2.4,1.5,2018-10-24,1719,Terra,MODIS,40,6.03,288.3,15,D,0
33.219,-85.4236,304.2,4,1.9,2018-10-24,1719,Terra,MODIS,58,6.03,282.4,49.5,D,0
33.2137,-85.4298,301.9,4,1.9,2018-10-24,1719,Terra,MODIS,40,6.03,282.8,37.7,D,0
35.7642,-90.8069,320.8,1.6,1.2,2018-10-24,1719,Terra,MODIS,61,6.03,290.2,36.4,D,0
34.678,-88.3553,304.7,2.4,1.5,2018-10-24,1719,Terra,MODIS,60,6.03,286.1,24.9,D,0
34.6391,-87.9228,328.2,2.6,1.5,2018-10-24,1719,Terra,MODIS,85,6.03,283.6,111,D,0
34.6826,-88.3591,301.8,2.4,1.5,2018-10-24,1719,Terra,MODIS,46,6.03,284.9,17.7,D,0
33.9075,-85.4023,315.7,3.9,1.8,2018-10-24,1719,Terra,MODIS,76,6.03,281.7,105.4,D,0
33.9173,-85.4047,312.9,3.9,1.8,2018-10-24,1719,Terra,MODIS,73,6.03,282.7,89.3,D,0
33.9077,-85.3649,303.2,3.9,1.8,2018-10-24,1719,Terra,MODIS,55,6.03,283.6,43.5,D,0
31.0643,-86.4865,322.5,3.9,1.8,2018-10-24,1720,Terra,MODIS,82,6.03,292.1,137.6,D,0
32.4761,-85.1643,323.3,4.4,1.9,2018-10-24,1720,Terra,MODIS,82,6.03,279.8,185.8,D,0
32.4747,-85.1722,325.2,4.4,1.9,2018-10-24,1720,Terra,MODIS,84,6.03,282.5,203.3,D,0
33.0495,-89.2975,324.1,2.3,1.5,2018-10-24,1720,Terra,MODIS,83,6.03,273.3,84.4,D,0
31.8357,-85.2356,315,4.5,2,2018-10-24,1720,Terra,MODIS,51,6.03,281.5,109.9,D,0
31.824,-85.1899,318.3,4.5,2,2018-10-24,1720,Terra,MODIS,42,6.03,283.5,134.8,D,0
31.8347,-85.2412,308.2,4.5,2,2018-10-24,1720,Terra,MODIS,67,6.03,280.5,79.6,D,0
31.8232,-85.1953,319.1,4.5,2,2018-10-24,1720,Terra,MODIS,60,6.03,283.7,156.4,D,0
31.678,-88.4893,324.5,2.8,1.6,2018-10-24,1720,Terra,MODIS,83,6.03,291.9,97.2,D,0
31.6716,-88.4609,319.9,2.8,1.6,2018-10-24,1720,Terra,MODIS,80,6.03,292.5,74.8,D,0
31.6889,-88.4915,319.7,2.8,1.6,2018-10-24,1720,Terra,MODIS,80,6.03,292.4,78.1,D,0
31.6827,-88.4632,327.2,2.8,1.6,2018-10-24,1720,Terra,MODIS,85,6.03,293.6,112.9,D,0
31.0542,-86.4848,316.1,3.9,1.8,2018-10-24,1720,Terra,MODIS,76,6.03,292.5,91.7,D,0
31.4333,-88.1702,305.9,3,1.6,2018-10-24,1720,Terra,MODIS,62,6.03,293,28.5,D,0
31.4327,-88.1757,307.2,3,1.6,2018-10-24,1720,Terra,MODIS,65,6.03,292.9,33.7,D,0
26.6742,-81.4866,319.2,1.1,1.1,2018-10-24,1853,Aqua,MODIS,68,6.03,295.8,12,D,0
26.6728,-81.4976,331.4,1.1,1,2018-10-24,1853,Aqua,MODIS,84,6.03,296.5,27.9,D,0
48.4691,-101.447,302.1,4.1,1.9,2018-10-24,1854,Terra,MODIS,21,6.03,277.3,57.1,D,0
48.6799,-101.832,306,3.9,1.8,2018-10-24,1854,Terra,MODIS,48,6.03,287.5,40.1,D,0
48.6562,-101.7852,329.5,3.9,1.8,2018-10-24,1854,Terra,MODIS,86,6.03,288.3,198.6,D,0
48.6704,-101.8333,322.6,3.9,1.8,2018-10-24,1854,Terra,MODIS,82,6.03,288.2,138.9,D,0
28.1275,-82.1751,321.5,1.1,1,2018-10-24,1854,Aqua,MODIS,74,6.03,296.9,16.1,D,0
31.1438,-82.9911,310.1,1.1,1,2018-10-24,1854,Aqua,MODIS,70,6.03,287.1,8.3,D,0
31.2921,-82.9728,313.8,1.1,1,2018-10-24,1854,Aqua,MODIS,74,6.03,284.7,13,D,0
48.6648,-101.8422,315.2,3.9,1.8,2018-10-24,1854,Terra,MODIS,75,6.03,287.9,89,D,0
31.2906,-82.9839,315.9,1.1,1,2018-10-24,1854,Aqua,MODIS,76,6.03,283.7,14.7,D,0
48.6507,-101.7939,328.1,3.9,1.8,2018-10-24,1854,Terra,MODIS,85,6.03,288,185.7,D,0
32.3526,-87.0788,320,1.1,1,2018-10-24,1855,Aqua,MODIS,75,6.03,292,19,D,0
48.6596,-115.4446,309.2,1,1,2018-10-24,1855,Terra,MODIS,39,6.03,273.3,11.8,D,0
47.8612,-113.7131,306,1.1,1.1,2018-10-24,1855,Terra,MODIS,63,6.03,283.3,11.5,D,0
47.666,-115.0734,325.9,1.1,1,2018-10-24,1855,Terra,MODIS,84,6.03,284.4,27.2,D,0
47.6638,-115.0599,301.4,1.1,1,2018-10-24,1855,Terra,MODIS,29,6.03,282.4,5.9,D,0
47.6925,-115.5227,327.4,1,1,2018-10-24,1855,Terra,MODIS,85,6.03,282.6,28,D,0
47.1883,-114.0371,336.7,1.1,1.1,2018-10-24,1855,Terra,MODIS,85,6.03,281.7,46,D,0
47.1858,-114.0231,319.7,1.1,1.1,2018-10-24,1855,Terra,MODIS,80,6.03,278.7,20.9,D,0
46.7447,-111.8497,319.3,1.4,1.2,2018-10-24,1855,Terra,MODIS,60,6.03,291.1,28.2,D,0
47.1944,-115.16,314.1,1.1,1,2018-10-24,1855,Terra,MODIS,74,6.03,278.2,17.7,D,0
47.192,-115.1456,321,1.1,1,2018-10-24,1855,Terra,MODIS,81,6.03,277.8,24.3,D,0
43.9434,-103.4149,305.9,4.7,2,2018-10-24,1855,Terra,MODIS,59,6.03,288.2,69.1,D,0
43.9448,-103.4221,303.6,4.7,2,2018-10-24,1855,Terra,MODIS,56,6.03,287.9,57,D,0
43.9279,-103.3642,301.3,4.7,2,2018-10-24,1855,Terra,MODIS,41,6.03,289.2,42.1,D,0
46.1056,-116.6624,323.1,1,1,2018-10-24,1855,Terra,MODIS,82,6.03,280.6,24.1,D,0
45.9726,-116.1788,305.8,1,1,2018-10-24,1855,Terra,MODIS,29,6.03,281.9,6.4,D,0
32.5402,-86.2947,328.8,1,1,2018-10-24,1855,Aqua,MODIS,86,6.03,288.4,27.9,D,0
32.5386,-86.3054,320.8,1,1,2018-10-24,1855,Aqua,MODIS,80,6.03,288,18.8,D,0
33.116,-82.2938,322.2,1.2,1.1,2018-10-24,1855,Aqua,MODIS,81,6.03,295.9,21.9,D,0
33.1242,-82.3081,318.1,1.2,1.1,2018-10-24,1855,Aqua,MODIS,75,6.03,293.3,16.4,D,0
32.9146,-83.9837,359.9,1,1,2018-10-24,1855,Aqua,MODIS,99,6.03,296.1,88.6,D,0
32.9132,-83.9946,360.1,1,1,2018-10-24,1855,Aqua,MODIS,100,6.03,297.7,89.1,D,0
32.9236,-83.9853,309.3,1,1,2018-10-24,1855,Aqua,MODIS,68,6.03,293.5,8.1,D,0
32.9222,-83.9963,307.7,1,1,2018-10-24,1855,Aqua,MODIS,66,6.03,292.9,7,D,0
32.6385,-86.0679,306.1,1,1,2018-10-24,1855,Aqua,MODIS,63,6.03,289.5,6.1,D,0
32.984,-84.2266,318.9,1,1,2018-10-24,1855,Aqua,MODIS,79,6.03,288.8,16.4,D,0
32.9826,-84.2374,307.6,1,1,2018-10-24,1855,Aqua,MODIS,66,6.03,287.9,7.1,D,0
32.1832,-89.5254,301.7,1.4,1.2,2018-10-24,1855,Aqua,MODIS,48,6.03,284.6,7.1,D,0
32.6085,-87.3296,302.9,1.1,1,2018-10-24,1855,Aqua,MODIS,54,6.03,278.5,8,D,0
33.3051,-82.4919,320.4,1.2,1.1,2018-10-24,1855,Aqua,MODIS,80,6.03,293.9,20.5,D,0
33.3147,-82.4935,310.9,1.2,1.1,2018-10-24,1855,Aqua,MODIS,58,6.03,291.6,10,D,0
32.9149,-85.5713,303.1,1,1,2018-10-24,1855,Aqua,MODIS,52,6.03,285.5,5.2,D,0
32.9133,-85.5818,338,1,1,2018-10-24,1855,Aqua,MODIS,91,6.03,287.7,40.7,D,0
32.9118,-85.5924,303.1,1,1,2018-10-24,1855,Aqua,MODIS,51,6.03,285.2,4.9,D,0
32.8748,-86.1591,300.4,1,1,2018-10-24,1855,Aqua,MODIS,20,6.03,286.1,3.2,D,0
32.8854,-86.1503,339.1,1,1,2018-10-24,1855,Aqua,MODIS,91,6.03,288.2,42.4,D,0
32.8838,-86.161,355.9,1,1,2018-10-24,1855,Aqua,MODIS,98,6.03,289.6,76.9,D,0
33.2969,-83.2327,309.1,1.1,1,2018-10-24,1855,Aqua,MODIS,59,6.03,285.6,10.2,D,0
33.2687,-83.6025,308,1.1,1,2018-10-24,1855,Aqua,MODIS,66,6.03,295.6,7.1,D,0
33.4477,-82.6676,301.8,1.2,1.1,2018-10-24,1855,Aqua,MODIS,43,6.03,290.7,4.2,D,0
33.0562,-86.3653,310,1,1,2018-10-24,1855,Aqua,MODIS,69,6.03,295.4,8.5,D,0
33.2194,-85.4468,362.3,1,1,2018-10-24,1855,Aqua,MODIS,100,6.03,294.2,91.1,D,0
33.2178,-85.4574,354,1,1,2018-10-24,1855,Aqua,MODIS,97,6.03,292.5,69.9,D,0
33.5781,-82.8343,318.8,1.1,1.1,2018-10-24,1855,Aqua,MODIS,79,6.03,289.6,18.7,D,0
33.5766,-82.8465,346.6,1.1,1.1,2018-10-24,1855,Aqua,MODIS,95,6.03,292.5,65.7,D,0
33.2282,-85.4486,332.8,1,1,2018-10-24,1855,Aqua,MODIS,88,6.03,290.8,31.4,D,0
33.2267,-85.4592,305.3,1,1,2018-10-24,1855,Aqua,MODIS,59,6.03,287.6,5.1,D,0
33.5811,-82.8404,349.1,1.1,1.1,2018-10-24,1855,Aqua,MODIS,96,6.03,292.8,71.7,D,0
33.5796,-82.8526,330.7,1.1,1.1,2018-10-24,1855,Aqua,MODIS,87,6.03,291.4,34.4,D,0
33.7,-82.7807,333.8,1.1,1.1,2018-10-24,1855,Aqua,MODIS,89,6.03,291.8,39,D,0
33.6985,-82.7929,315.4,1.1,1.1,2018-10-24,1855,Aqua,MODIS,75,6.03,290.5,13.9,D,0
33.7095,-82.7823,334.6,1.1,1.1,2018-10-24,1855,Aqua,MODIS,89,6.03,290.9,40.7,D,0
33.708,-82.7945,323.5,1.1,1.1,2018-10-24,1855,Aqua,MODIS,82,6.03,289.7,23.7,D,0
33.687,-83.3518,321.2,1.1,1,2018-10-24,1855,Aqua,MODIS,65,6.03,290.8,18.4,D,0
33.6855,-83.3635,351.2,1.1,1,2018-10-24,1855,Aqua,MODIS,96,6.03,294.6,71.1,D,0
33.762,-82.8292,339.8,1.1,1.1,2018-10-24,1855,Aqua,MODIS,92,6.03,290.5,50.3,D,0
33.7605,-82.8413,330.4,1.1,1.1,2018-10-24,1855,Aqua,MODIS,87,6.03,289.7,33.7,D,0
33.6963,-83.3535,333.1,1.1,1,2018-10-24,1855,Aqua,MODIS,81,6.03,292.1,33.5,D,0
33.6948,-83.3652,375.9,1.1,1,2018-10-24,1855,Aqua,MODIS,100,6.03,297,152.7,D,0
33.7663,-82.823,305.1,1.1,1.1,2018-10-24,1855,Aqua,MODIS,46,6.03,288.6,5.6,D,0
33.7649,-82.8352,345.4,1.1,1.1,2018-10-24,1855,Aqua,MODIS,94,6.03,293.1,63.1,D,0
33.7634,-82.8474,309,1.1,1.1,2018-10-24,1855,Aqua,MODIS,67,6.03,288.5,8.6,D,0
33.701,-83.36,321.3,1.1,1,2018-10-24,1855,Aqua,MODIS,76,6.03,291.6,20.5,D,0
33.6996,-83.3717,306.5,1.1,1,2018-10-24,1855,Aqua,MODIS,55,6.03,290.2,6.9,D,0
33.0569,-87.928,330.1,1.1,1.1,2018-10-24,1855,Aqua,MODIS,87,6.03,280.9,36.1,D,0
33.4314,-85.5739,302.5,1,1,2018-10-24,1855,Aqua,MODIS,53,6.03,288.3,3.4,D,0
33.4298,-85.5845,302.4,1,1,2018-10-24,1855,Aqua,MODIS,49,6.03,289.7,3.5,D,0
33.4079,-86.2999,307,1,1,2018-10-24,1855,Aqua,MODIS,65,6.03,295.1,6,D,0
33.0488,-88.5292,313.8,1.2,1.1,2018-10-24,1855,Aqua,MODIS,74,6.03,293.3,14.5,D,0
33.0467,-88.5418,320.9,1.2,1.1,2018-10-24,1855,Aqua,MODIS,80,6.03,293.4,22.9,D,0
33.0508,-89.2853,305.6,1.3,1.1,2018-10-24,1855,Aqua,MODIS,61,6.03,278.2,11.8,D,0
33.0484,-89.299,352.8,1.3,1.1,2018-10-24,1855,Aqua,MODIS,97,6.03,283,104.2,D,0
33.3013,-88.3696,341.2,1.2,1.1,2018-10-24,1855,Aqua,MODIS,92,6.03,292.4,56.8,D,0
33.2992,-88.3819,304.4,1.2,1.1,2018-10-24,1855,Aqua,MODIS,59,6.03,290.1,6.5,D,0
33.7594,-85.4753,306,1,1,2018-10-24,1855,Aqua,MODIS,62,6.03,290.1,6,D,0
33.7698,-85.4665,361.7,1,1,2018-10-24,1855,Aqua,MODIS,100,6.03,292.9,89.4,D,0
33.7683,-85.4771,385.5,1,1,2018-10-24,1855,Aqua,MODIS,100,6.03,296.4,175.8,D,0
33.7299,-86.3657,309.9,1,1,2018-10-24,1855,Aqua,MODIS,69,6.03,294.1,7.7,D,0
33.7283,-86.3764,328.4,1,1,2018-10-24,1855,Aqua,MODIS,86,6.03,296.4,25.6,D,0
33.9091,-85.3979,334.7,1,1,2018-10-24,1855,Aqua,MODIS,89,6.03,290.7,35.5,D,0
33.9076,-85.4086,309.2,1,1,2018-10-24,1855,Aqua,MODIS,68,6.03,286.3,9,D,0
34.6223,-80.1427,308.2,1.6,1.3,2018-10-24,1855,Aqua,MODIS,67,6.03,293.2,14.7,D,0
34.6336,-80.1442,340.1,1.6,1.3,2018-10-24,1855,Aqua,MODIS,92,6.03,295.2,86.8,D,0
33.5808,-88.6173,306.7,1.2,1.1,2018-10-24,1855,Aqua,MODIS,64,6.03,294.1,6.7,D,0
34.8864,-78.7782,312.8,2,1.4,2018-10-24,1855,Aqua,MODIS,73,6.03,293.5,30.2,D,0
33.9171,-87.0229,304.5,1,1,2018-10-24,1855,Aqua,MODIS,51,6.03,293.3,4.5,D,0
33.9154,-87.034,305.7,1,1,2018-10-24,1855,Aqua,MODIS,57,6.03,293.8,5.3,D,0
33.9239,-87.0301,305.3,1,1,2018-10-24,1855,Aqua,MODIS,61,6.03,293.4,6,D,0
34.0736,-86.3541,308.6,1,1,2018-10-24,1855,Aqua,MODIS,67,6.03,289.2,7.9,D,0
34.0719,-86.3649,304.2,1,1,2018-10-24,1855,Aqua,MODIS,58,6.03,287.7,5,D,0
33.9555,-87.1866,306.1,1,1,2018-10-24,1855,Aqua,MODIS,63,6.03,295.1,5.5,D,0
34.5417,-84.1199,303.7,1.1,1,2018-10-24,1855,Aqua,MODIS,57,6.03,289.1,5.7,D,0
34.9916,-80.2021,305.3,1.6,1.3,2018-10-24,1855,Aqua,MODIS,61,6.03,291.9,11.9,D,0
35.0421,-79.9147,347.8,1.7,1.3,2018-10-24,1855,Aqua,MODIS,83,6.03,294.4,125.9,D,0
35.0403,-79.9333,326.5,1.7,1.3,2018-10-24,1855,Aqua,MODIS,84,6.03,292.1,53.4,D,0
34.0844,-87.6026,308.4,1.1,1,2018-10-24,1855,Aqua,MODIS,67,6.03,294.5,8.4,D,0
34.0826,-87.6141,345.9,1.1,1,2018-10-24,1855,Aqua,MODIS,94,6.03,295.9,59.4,D,0
35.1417,-79.9543,321.6,1.7,1.3,2018-10-24,1855,Aqua,MODIS,81,6.03,290.4,40.6,D,0
35.14,-79.9728,322.6,1.7,1.3,2018-10-24,1855,Aqua,MODIS,82,6.03,290.4,42.2,D,0
35.1329,-80.0464,369.5,1.7,1.3,2018-10-24,1855,Aqua,MODIS,94,6.03,293.6,243.7,D,0
34.0716,-88.4582,317.7,1.2,1.1,2018-10-24,1855,Aqua,MODIS,78,6.03,293.7,17,D,0
33.9924,-88.9209,306.4,1.2,1.1,2018-10-24,1855,Aqua,MODIS,63,6.03,293.2,8.3,D,0
33.9902,-88.9337,307.8,1.2,1.1,2018-10-24,1855,Aqua,MODIS,66,6.03,294,9.8,D,0
34.0811,-88.4605,317,1.2,1.1,2018-10-24,1855,Aqua,MODIS,77,6.03,294.4,16.5,D,0
34.2815,-87.8714,319.1,1.1,1,2018-10-24,1855,Aqua,MODIS,79,6.03,292.8,17.9,D,0
33.8576,-90.8651,316.5,1.5,1.2,2018-10-24,1855,Aqua,MODIS,77,6.03,298.6,18.8,D,0
33.8545,-90.8814,312.4,1.6,1.2,2018-10-24,1855,Aqua,MODIS,58,6.03,298.4,12.5,D,0
35.4909,-78.9634,314.5,2,1.4,2018-10-24,1855,Aqua,MODIS,75,6.03,289.7,37.2,D,0
35.4062,-80.0287,330.9,1.7,1.3,2018-10-24,1855,Aqua,MODIS,87,6.03,291.2,64.6,D,0
31.5034,-82.5498,301.5,1.1,1.1,2018-10-24,1855,Aqua,MODIS,36,6.03,282.1,4.7,D,0
31.0566,-86.4965,323.5,1.1,1,2018-10-24,1855,Aqua,MODIS,82,6.03,300.9,19.5,D,0
31.0674,-86.4875,317,1.1,1,2018-10-24,1855,Aqua,MODIS,73,6.03,297.2,12.2,D,0
31.0657,-86.4985,358.5,1.1,1,2018-10-24,1855,Aqua,MODIS,99,6.03,300.7,85.7,D,0
31.1236,-86.1875,322.6,1,1,2018-10-24,1855,Aqua,MODIS,82,6.03,287.8,19.6,D,0
31.0574,-86.8502,308.5,1.1,1,2018-10-24,1855,Aqua,MODIS,43,6.03,291.9,7.2,D,0
30.9403,-88.013,311.8,1.2,1.1,2018-10-24,1855,Aqua,MODIS,70,6.03,298,11.7,D,2
31.821,-82.136,312.7,1.2,1.1,2018-10-24,1855,Aqua,MODIS,72,6.03,297.3,10.4,D,0
31.1611,-87.1188,328.9,1.1,1,2018-10-24,1855,Aqua,MODIS,86,6.03,296.7,29.4,D,0
31.1592,-87.1301,312.7,1.1,1,2018-10-24,1855,Aqua,MODIS,72,6.03,295.8,10.7,D,0
31.576,-85.1421,345.6,1,1,2018-10-24,1855,Aqua,MODIS,94,6.03,293.6,52.4,D,0
31.5745,-85.1525,307.6,1,1,2018-10-24,1855,Aqua,MODIS,66,6.03,291,6.2,D,0
31.7952,-83.6287,323.2,1,1,2018-10-24,1855,Aqua,MODIS,82,6.03,278.7,21.6,D,0
31.5782,-85.378,318.4,1,1,2018-10-24,1855,Aqua,MODIS,78,6.03,293.6,15.6,D,0
31.782,-84.7998,324.6,1,1,2018-10-24,1855,Aqua,MODIS,75,6.03,279.9,20.9,D,0
31.7909,-84.8016,324.3,1,1,2018-10-24,1855,Aqua,MODIS,82,6.03,279.1,21.2,D,0
31.8962,-84.1756,306.1,1,1,2018-10-24,1855,Aqua,MODIS,63,6.03,289.9,4.8,D,0
31.6845,-85.6595,308.2,1,1,2018-10-24,1855,Aqua,MODIS,65,6.03,284.4,7.9,D,0
31.683,-85.67,309.4,1,1,2018-10-24,1855,Aqua,MODIS,68,6.03,283.8,8.9,D,0
31.3767,-87.6201,311.4,1.2,1.1,2018-10-24,1855,Aqua,MODIS,30,6.03,295.1,8.6,D,0
31.6934,-85.6614,304.9,1,1,2018-10-24,1855,Aqua,MODIS,25,6.03,285.5,5.4,D,0
31.6919,-85.6719,306.6,1,1,2018-10-24,1855,Aqua,MODIS,35,6.03,286.5,6.6,D,0
31.3862,-87.6223,317.1,1.2,1.1,2018-10-24,1855,Aqua,MODIS,77,6.03,296.3,14.9,D,0
31.3842,-87.6342,316.3,1.2,1.1,2018-10-24,1855,Aqua,MODIS,76,6.03,296.7,14,D,0
32.2523,-81.8547,327.1,1.2,1.1,2018-10-24,1855,Aqua,MODIS,84,6.03,296.5,29.1,D,0
31.8239,-85.2099,372.1,1,1,2018-10-24,1855,Aqua,MODIS,100,6.03,283.8,123.1,D,0
31.8224,-85.2203,332.9,1,1,2018-10-24,1855,Aqua,MODIS,88,6.03,277.5,32.1,D,0
31.8328,-85.2117,363.5,1,1,2018-10-24,1855,Aqua,MODIS,75,6.03,279,95.4,D,0
31.8313,-85.2221,336.9,1,1,2018-10-24,1855,Aqua,MODIS,68,6.03,274.6,37.7,D,0
31.8254,-85.5756,317.5,1,1,2018-10-24,1855,Aqua,MODIS,78,6.03,285.2,15.8,D,0
31.4287,-88.1761,305.9,1.2,1.1,2018-10-24,1855,Aqua,MODIS,62,6.03,294.4,6.3,D,0
31.9444,-85.2086,321.4,1,1,2018-10-24,1855,Aqua,MODIS,81,6.03,286.8,17.7,D,0
31.9429,-85.219,317.3,1,1,2018-10-24,1855,Aqua,MODIS,70,6.03,286.7,13.8,D,0
31.9533,-85.2104,320.2,1,1,2018-10-24,1855,Aqua,MODIS,69,6.03,289,16.4,D,0
31.9518,-85.2208,316.9,1,1,2018-10-24,1855,Aqua,MODIS,50,6.03,289.9,13.4,D,0
31.6,-87.6518,305.4,1.1,1.1,2018-10-24,1855,Aqua,MODIS,33,6.03,292.1,5.5,D,0
31.598,-87.6636,315.2,1.1,1.1,2018-10-24,1855,Aqua,MODIS,76,6.03,293.1,14.2,D,0
31.6075,-87.6658,309.9,1.1,1.1,2018-10-24,1855,Aqua,MODIS,57,6.03,293.2,9,D,0
32.0313,-85.1781,301.7,1,1,2018-10-24,1855,Aqua,MODIS,46,6.03,286.2,4,D,0
32.634,-80.4392,307.1,1.5,1.2,2018-10-24,1855,Aqua,MODIS,0,6.03,296.1,9.4,D,0
32.0402,-85.1799,352.2,1,1,2018-10-24,1855,Aqua,MODIS,97,6.03,287.9,66.6,D,0
32.0387,-85.1904,342.6,1,1,2018-10-24,1855,Aqua,MODIS,93,6.03,287.9,47.7,D,0
31.8697,-86.5073,321.4,1,1,2018-10-24,1855,Aqua,MODIS,81,6.03,279.1,22.1,D,0
31.868,-86.5181,301.3,1,1,2018-10-24,1855,Aqua,MODIS,46,6.03,276.8,6.2,D,0
32.5313,-82.5097,318.7,1.1,1.1,2018-10-24,1855,Aqua,MODIS,46,6.03,294.3,15.4,D,0
31.7861,-87.7065,360.8,1.1,1.1,2018-10-24,1855,Aqua,MODIS,100,6.03,286,108,D,0
31.7841,-87.7184,311.4,1.1,1.1,2018-10-24,1855,Aqua,MODIS,61,6.03,286.2,12.4,D,0
32.5423,-82.4992,322.4,1.1,1.1,2018-10-24,1855,Aqua,MODIS,80,6.03,293.7,20.8,D,0
32.5408,-82.5114,318.1,1.1,1.1,2018-10-24,1855,Aqua,MODIS,71,6.03,292.7,15.6,D,0
31.6773,-88.464,309.5,1.2,1.1,2018-10-24,1855,Aqua,MODIS,69,6.03,288.8,10.2,D,0
31.675,-88.4769,344.5,1.2,1.1,2018-10-24,1855,Aqua,MODIS,94,6.03,292.5,69.3,D,0
31.7425,-88.3203,373.8,1.2,1.1,2018-10-24,1855,Aqua,MODIS,100,6.03,292.9,173.3,D,0
31.7403,-88.3329,318.6,1.2,1.1,2018-10-24,1855,Aqua,MODIS,79,6.03,287.5,21.2,D,0
31.7522,-88.3225,355.7,1.2,1.1,2018-10-24,1855,Aqua,MODIS,98,6.03,291.8,99.4,D,0
31.75,-88.3352,328.6,1.2,1.1,2018-10-24,1855,Aqua,MODIS,86,6.03,288.1,34.7,D,0
32.1068,-86.2877,311.3,1,1,2018-10-24,1855,Aqua,MODIS,71,6.03,277.7,13.1,D,0
31.938,-87.5285,317,1.1,1.1,2018-10-24,1855,Aqua,MODIS,77,6.03,275,19.2,D,0
31.9361,-87.5401,351.8,1.1,1.1,2018-10-24,1855,Aqua,MODIS,97,6.03,280.6,80.3,D,0
32.6839,-82.8408,366.1,1.1,1.1,2018-10-24,1855,Aqua,MODIS,87,6.03,299.9,118.3,D,0
32.6824,-82.8526,385.2,1.1,1.1,2018-10-24,1855,Aqua,MODIS,94,6.03,304.6,202.6,D,0
32.6918,-82.8542,340.3,1.1,1.1,2018-10-24,1855,Aqua,MODIS,86,6.03,292.1,47.7,D,0
32.9612,-81.0775,331.6,1.4,1.2,2018-10-24,1855,Aqua,MODIS,87,6.03,295.3,45.3,D,0
32.9596,-81.092,314.5,1.4,1.2,2018-10-24,1855,Aqua,MODIS,74,6.03,293.4,16.2,D,0
32.9698,-81.0711,308,1.4,1.2,2018-10-24,1855,Aqua,MODIS,21,6.03,295.7,9.1,D,0
32.9682,-81.0856,328.3,1.4,1.2,2018-10-24,1855,Aqua,MODIS,85,6.03,295.5,38.3,D,0
32.9677,-81.1879,306.3,1.3,1.1,2018-10-24,1855,Aqua,MODIS,56,6.03,294.6,6.4,D,0
32.9661,-81.2022,371.9,1.3,1.1,2018-10-24,1855,Aqua,MODIS,100,6.03,299.2,185.4,D,0
32.9646,-81.2164,306.7,1.3,1.1,2018-10-24,1855,Aqua,MODIS,59,6.03,293.3,6.7,D,0
32.4669,-85.1681,327.2,1,1,2018-10-24,1855,Aqua,MODIS,85,6.03,295.8,22.4,D,0
32.4654,-85.1786,345.3,1,1,2018-10-24,1855,Aqua,MODIS,94,6.03,298.4,49.1,D,0
32.4638,-85.189,319,1,1,2018-10-24,1855,Aqua,MODIS,79,6.03,296.5,13.7,D,0
32.4623,-85.1995,318.3,1,1,2018-10-24,1855,Aqua,MODIS,78,6.03,295.1,13.3,D,0
32.4757,-85.1699,346.7,1,1,2018-10-24,1855,Aqua,MODIS,95,6.03,295.5,52.6,D,0
32.4742,-85.1804,351.4,1,1,2018-10-24,1855,Aqua,MODIS,96,6.03,297.8,61,D,0
32.4727,-85.1908,335.6,1,1,2018-10-24,1855,Aqua,MODIS,90,6.03,294.6,32.9,D,0
32.4712,-85.2013,321.8,1,1,2018-10-24,1855,Aqua,MODIS,80,6.03,293.5,16.1,D,0
32.7966,-82.8312,308.7,1.1,1.1,2018-10-24,1855,Aqua,MODIS,64,6.03,286.3,9,D,0
32.0399,-88.1496,301.8,1.2,1.1,2018-10-24,1855,Aqua,MODIS,45,6.03,279.2,8.6,D,0
32.0378,-88.1619,306.4,1.2,1.1,2018-10-24,1855,Aqua,MODIS,60,6.03,273.5,12.6,D,0
32.6598,-84.4424,318.7,1,1,2018-10-24,1855,Aqua,MODIS,78,6.03,292.6,15.4,D,0
32.6584,-84.4531,354.2,1,1,2018-10-24,1855,Aqua,MODIS,97,6.03,297.8,71.8,D,0
32.7801,-83.6072,312.4,1.1,1,2018-10-24,1855,Aqua,MODIS,0,6.03,295.1,9.9,D,0
32.7787,-83.6183,324,1.1,1,2018-10-24,1855,Aqua,MODIS,71,6.03,295.3,20.9,D,0
32.934,-82.6901,312.7,1.1,1.1,2018-10-24,1855,Aqua,MODIS,71,6.03,290.4,12.1,D,0
32.8985,-82.9749,327.8,1.1,1,2018-10-24,1855,Aqua,MODIS,85,6.03,287.7,29.2,D,0
32.8971,-82.9867,326.3,1.1,1,2018-10-24,1855,Aqua,MODIS,84,6.03,288.3,27.1,D,0
32.9256,-82.8353,329.7,1.1,1.1,2018-10-24,1855,Aqua,MODIS,86,6.03,282.3,31,D,0
32.9241,-82.8472,343.4,1.1,1.1,2018-10-24,1855,Aqua,MODIS,93,6.03,283.7,55.8,D,0
32.9079,-82.9766,328.2,1.1,1,2018-10-24,1855,Aqua,MODIS,85,6.03,287.2,30.5,D,0
32.9064,-82.9883,313.3,1.1,1,2018-10-24,1855,Aqua,MODIS,72,6.03,286.7,13.3,D,0
32.935,-82.8369,308.8,1.1,1.1,2018-10-24,1855,Aqua,MODIS,65,6.03,283.4,8.9,D,0
32.9336,-82.8488,324.8,1.1,1.1,2018-10-24,1855,Aqua,MODIS,83,6.03,282.7,25.9,D,0
32.4955,-86.0362,307.9,1,1,2018-10-24,1855,Aqua,MODIS,66,6.03,292.5,7.3,D,0
31.9791,-89.507,302,1.4,1.2,2018-10-24,1855,Aqua,MODIS,48,6.03,288.4,5.9,D,0
36.3121,-80.1813,316,1.7,1.3,2018-10-24,1856,Aqua,MODIS,76,6.03,291.5,30.8,D,0
44.4515,-114.339,324,1.2,1.1,2018-10-24,1856,Terra,MODIS,83,6.03,278.3,31.3,D,0
35.9773,-83.963,306.1,1.1,1,2018-10-24,1856,Aqua,MODIS,57,6.03,295.7,5,D,2
36.1781,-82.8893,302,1.2,1.1,2018-10-24,1856,Aqua,MODIS,50,6.03,290.9,5.3,D,0
36.7669,-78.5326,309.1,2.2,1.4,2018-10-24,1856,Aqua,MODIS,68,6.03,288,29.2,D,0
36.765,-78.5572,338.2,2.2,1.4,2018-10-24,1856,Aqua,MODIS,91,6.03,292.1,128.9,D,0
37.0293,-78.658,305.1,2.2,1.4,2018-10-24,1856,Aqua,MODIS,47,6.03,287.9,18.8,D,0
37.0274,-78.682,308.7,2.2,1.4,2018-10-24,1856,Aqua,MODIS,65,6.03,288.9,25.8,D,0
37.0421,-78.6596,322,2.2,1.4,2018-10-24,1856,Aqua,MODIS,81,6.03,288.9,61.2,D,0
37.0402,-78.6835,329.3,2.2,1.4,2018-10-24,1856,Aqua,MODIS,86,6.03,289.8,86.4,D,0
36.3946,-84.9304,305.1,1,1,2018-10-24,1856,Aqua,MODIS,61,6.03,286.7,7.4,D,0
36.5029,-88.5205,307.5,1.1,1,2018-10-24,1856,Aqua,MODIS,65,6.03,290.3,8.2,D,0
36.5009,-88.5324,318.3,1.1,1,2018-10-24,1856,Aqua,MODIS,78,6.03,290.7,17.7,D,0
36.5018,-88.6447,302.7,1.1,1,2018-10-24,1856,Aqua,MODIS,53,6.03,288,5.5,D,0
36.5333,-88.6277,322.1,1.1,1,2018-10-24,1856,Aqua,MODIS,81,6.03,289.4,21.6,D,0
36.5625,-88.4928,303.4,1.1,1,2018-10-24,1856,Aqua,MODIS,56,6.03,290.5,5.4,D,0
36.539,-88.6358,314.3,1.1,1,2018-10-24,1856,Aqua,MODIS,75,6.03,289.1,13.9,D,0
36.7499,-89.1537,312.5,1.1,1.1,2018-10-24,1856,Aqua,MODIS,55,6.03,288.2,12.2,D,0
36.7478,-89.1661,309.2,1.1,1.1,2018-10-24,1856,Aqua,MODIS,59,6.03,288.6,9.3,D,0
36.7174,-89.4614,301.1,1.2,1.1,2018-10-24,1856,Aqua,MODIS,44,6.03,281.4,5,D,0
37.6936,-89.0648,372.4,1.1,1,2018-10-24,1856,Aqua,MODIS,94,6.03,293.4,144.1,D,0
37.6916,-89.077,326.4,1.1,1,2018-10-24,1856,Aqua,MODIS,80,6.03,289.3,29.1,D,0
37.8646,-90.1144,301.8,1.2,1.1,2018-10-24,1856,Aqua,MODIS,45,6.03,290.2,5.7,D,0
35.5029,-80.2169,326.5,1.7,1.3,2018-10-24,1856,Aqua,MODIS,80,6.03,291,51.5,D,0
35.5011,-80.2349,316.9,1.6,1.3,2018-10-24,1856,Aqua,MODIS,77,6.03,291.1,30.9,D,0
34.4078,-88.5855,337.2,1.2,1.1,2018-10-24,1856,Aqua,MODIS,90,6.03,288.5,48.5,D,0
34.4058,-88.5978,335.5,1.2,1.1,2018-10-24,1856,Aqua,MODIS,90,6.03,286.4,45.6,D,0
34.4105,-88.5915,338.7,1.2,1.1,2018-10-24,1856,Aqua,MODIS,91,6.03,287.1,52.2,D,0
34.6179,-87.682,319.8,1.1,1,2018-10-24,1856,Aqua,MODIS,80,6.03,289.2,19.5,D,0
34.6349,-87.9199,314.9,1.1,1,2018-10-24,1856,Aqua,MODIS,75,6.03,289.2,13.6,D,0
34.633,-87.9316,369.9,1.1,1,2018-10-24,1856,Aqua,MODIS,100,6.03,297.7,130.3,D,0
34.6311,-87.9432,309.9,1.1,1,2018-10-24,1856,Aqua,MODIS,39,6.03,289.8,9.1,D,0
34.6422,-87.9338,329,1.1,1,2018-10-24,1856,Aqua,MODIS,86,6.03,291.3,29.7,D,0
44.4517,-114.3324,319.1,1.2,1.1,2018-10-24,1856,Terra,MODIS,69,6.03,278.9,23.7,D,0
34.6403,-87.9454,311.1,1.1,1,2018-10-24,1856,Aqua,MODIS,47,6.03,290.4,10.2,D,0
34.6308,-88.0037,306.8,1.1,1,2018-10-24,1856,Aqua,MODIS,64,6.03,288,8.9,D,0
34.6108,-88.5638,310.3,1.1,1.1,2018-10-24,1856,Aqua,MODIS,70,6.03,292.7,11.9,D,0
34.1724,-90.9935,311.6,1.6,1.2,2018-10-24,1856,Aqua,MODIS,71,6.03,297.8,12.4,D,0
34.3205,-90.2653,316.7,1.4,1.2,2018-10-24,1856,Aqua,MODIS,77,6.03,296.6,19.2,D,0
34.6754,-88.3527,356,1.1,1.1,2018-10-24,1856,Aqua,MODIS,98,6.03,290,90.1,D,0
34.6734,-88.3647,331,1.1,1.1,2018-10-24,1856,Aqua,MODIS,87,6.03,286.6,35.7,D,0
36.0675,-80.5956,303.8,1.6,1.2,2018-10-24,1856,Aqua,MODIS,57,6.03,290.9,10.4,D,0
36.0658,-80.6132,302.4,1.6,1.2,2018-10-24,1856,Aqua,MODIS,52,6.03,291.2,8.6,D,0
35.1284,-88.5969,313.2,1.1,1.1,2018-10-24,1856,Aqua,MODIS,73,6.03,290.5,13.8,D,0
35.3043,-87.7877,306.7,1.1,1,2018-10-24,1856,Aqua,MODIS,63,6.03,279.2,9.9,D,0
42.6745,-111.5815,313.1,1.8,1.3,2018-10-24,1856,Terra,MODIS,63,6.03,288.2,26.6,D,2
42.6791,-111.6032,309.8,1.8,1.3,2018-10-24,1856,Terra,MODIS,40,6.03,287.2,21.2,D,2
42.68,-111.574,310.4,1.8,1.3,2018-10-24,1856,Terra,MODIS,53,6.03,288,22.1,D,2
42.6847,-111.5953,326.9,1.8,1.3,2018-10-24,1856,Terra,MODIS,74,6.03,288.4,60,D,2
39.5892,-121.8398,332,1.1,1,2018-10-24,1857,Terra,MODIS,87,6.03,298.4,29.5,D,0
39.5876,-121.8277,314.8,1.1,1,2018-10-24,1857,Terra,MODIS,72,6.03,296.7,10,D,0
39.3317,-121.7096,318.1,1,1,2018-10-24,1857,Terra,MODIS,77,6.03,295.8,12.4,D,0
39.3302,-121.6976,330.1,1,1,2018-10-24,1857,Terra,MODIS,86,6.03,296.8,26.5,D,0
39.2455,-121.6122,309.1,1,1,2018-10-24,1857,Terra,MODIS,62,6.03,295.9,5.2,D,0
39.0062,-121.6097,309.6,1,1,2018-10-24,1857,Terra,MODIS,41,6.03,296.8,5,D,0
38.7984,-121.8495,317.9,1,1,2018-10-24,1857,Terra,MODIS,58,6.03,298.3,10.5,D,0
38.2456,-120.0979,314.8,1,1,2018-10-24,1857,Terra,MODIS,71,6.03,285.3,13.4,D,0
38.244,-120.0867,325.2,1,1,2018-10-24,1857,Terra,MODIS,82,6.03,285.7,23.4,D,0
38.2368,-120.1,341.4,1,1,2018-10-24,1857,Terra,MODIS,92,6.03,288.4,45.2,D,0
39.7003,-122.2789,353.7,1.1,1,2018-10-24,1857,Terra,MODIS,97,6.03,298.3,75.3,D,0
39.7399,-121.9457,307,1.1,1,2018-10-24,1857,Terra,MODIS,46,6.03,295.1,4.4,D,0
39.7123,-121.317,325.3,1,1,2018-10-24,1857,Terra,MODIS,83,6.03,286.5,25.5,D,0
39.7139,-121.3292,310,1,1,2018-10-24,1857,Terra,MODIS,69,6.03,285.9,10.9,D,0
41.631,-87.1421,309.3,1,1,2018-10-24,1857,Aqua,MODIS,52,6.03,291.5,9.6,D,2
41.6119,-87.3467,303.7,1,1,2018-10-24,1857,Aqua,MODIS,49,6.03,290.1,5.1,D,2
42.3007,-83.1473,303.9,1.4,1.2,2018-10-24,1857,Aqua,MODIS,41,6.03,283.9,9.7,D,2
42.299,-83.164,317.1,1.4,1.2,2018-10-24,1857,Aqua,MODIS,73,6.03,287.4,24.8,D,2
39.6987,-122.2664,314.7,1.1,1,2018-10-24,1857,Terra,MODIS,74,6.03,295.2,10.2,D,0
38.2851,-88.4547,308.8,1,1,2018-10-24,1857,Aqua,MODIS,68,6.03,288.2,8.3,D,0
39.4634,-84.3855,306.1,1.1,1.1,2018-10-24,1857,Aqua,MODIS,59,6.03,290.2,6.7,D,2
38.6872,-90.1375,305.6,1.2,1.1,2018-10-24,1857,Aqua,MODIS,0,6.03,292.3,6.4,D,2
39.6696,-86.7884,308.5,1,1,2018-10-24,1857,Aqua,MODIS,67,6.03,287.4,9,D,0
36.6719,-121.3905,319.5,1,1,2018-10-24,1858,Terra,MODIS,63,6.03,302.5,11.7,D,0
36.6703,-121.3795,321.3,1,1,2018-10-24,1858,Terra,MODIS,71,6.03,299.6,12.8,D,0
36.6614,-121.3814,325.3,1,1,2018-10-24,1858,Terra,MODIS,62,6.03,299.6,16.1,D,0
36.2167,-118.6383,312.6,1.1,1,2018-10-24,1858,Terra,MODIS,58,6.03,290.1,13.8,D,0
36.2074,-118.64,333.6,1.1,1,2018-10-24,1858,Terra,MODIS,86,6.03,290.4,38.8,D,0
35.0689,-119.2189,341.8,1.1,1,2018-10-24,1858,Terra,MODIS,90,6.03,302.7,47.2,D,0
35.0669,-119.2073,336.8,1.1,1,2018-10-24,1858,Terra,MODIS,86,6.03,301.6,37.5,D,0
43.1214,-89.4825,301,1,1,2018-10-24,1858,Aqua,MODIS,38,6.03,284.3,5.7,D,0
37.9054,-120.0461,323.1,1,1,2018-10-24,1858,Terra,MODIS,78,6.03,297.8,16.2,D,0
37.9037,-120.0348,320,1,1,2018-10-24,1858,Terra,MODIS,68,6.03,298.1,12.7,D,0
37.8965,-120.0482,322.1,1,1,2018-10-24,1858,Terra,MODIS,68,6.03,299.1,14.7,D,0
37.8948,-120.0369,319.4,1,1,2018-10-24,1858,Terra,MODIS,52,6.03,299.9,11.8,D,0
37.7106,-121.3673,312.1,1,1,2018-10-24,1858,Terra,MODIS,44,6.03,298.8,5.1,D,0
37.6283,-121.1126,321.7,1,1,2018-10-24,1858,Terra,MODIS,76,6.03,298.7,15.2,D,0
37.4505,-119.9752,311,1,1,2018-10-24,1858,Terra,MODIS,51,6.03,300.3,4.9,D,0
37.1628,-119.2612,309.2,1,1,2018-10-24,1858,Terra,MODIS,56,6.03,289.6,9.8,D,0
37.0507,-119.1395,311.7,1,1,2018-10-24,1858,Terra,MODIS,61,6.03,291.8,11.6,D,0
36.6385,-119.5761,316.3,1,1,2018-10-24,1858,Terra,MODIS,70,6.03,297.1,10.3,D,0
36.6367,-119.5648,346.2,1,1,2018-10-24,1858,Terra,MODIS,94,6.03,301.2,52.6,D,0
36.5647,-119.4587,312.9,1,1,2018-10-24,1858,Terra,MODIS,63,6.03,296.7,7.7,D,0
36.5629,-119.4473,325.6,1,1,2018-10-24,1858,Terra,MODIS,80,6.03,297.2,20.3,D,0
45.8662,-92.6734,302,1.1,1.1,2018-10-24,1859,Aqua,MODIS,50,6.03,286.4,8,D,0
44.9931,-92.9074,315.4,1.2,1.1,2018-10-24,1859,Aqua,MODIS,66,6.03,277.5,21.3,D,0
45.0026,-92.9108,300.2,1.2,1.1,2018-10-24,1859,Aqua,MODIS,18,6.03,276.8,7.2,D,0
45.8687,-92.6591,309.3,1.1,1.1,2018-10-24,1859,Aqua,MODIS,68,6.03,286,13.4,D,0
43.9329,-103.416,320.1,4.5,1.9,2018-10-24,1859,Aqua,MODIS,72,6.03,289.3,162.1,D,0
43.9341,-103.4195,319.1,4.5,1.9,2018-10-24,1859,Aqua,MODIS,71,6.03,289.3,153.8,D,0
48.477,-97.8793,304.9,1.7,1.3,2018-10-24,1900,Aqua,MODIS,60,6.03,283.4,14.8,D,0
48.4797,-97.8639,300.8,1.7,1.3,2018-10-24,1900,Aqua,MODIS,29,6.03,282,9.6,D,0
48.6137,-97.7421,306.7,1.6,1.3,2018-10-24,1900,Aqua,MODIS,64,6.03,285.5,16.1,D,0
48.6167,-97.7248,300.8,1.6,1.3,2018-10-24,1900,Aqua,MODIS,41,6.03,285.2,9.8,D,0
48.6122,-97.7459,302.6,1.6,1.3,2018-10-24,1900,Aqua,MODIS,53,6.03,285.4,12,D,0
48.7651,-97.0788,302.5,1.5,1.2,2018-10-24,1900,Aqua,MODIS,36,6.03,276.2,13.2,D,0
48.5645,-98.4586,338,1.8,1.3,2018-10-24,1900,Aqua,MODIS,91,6.03,287.8,91.2,D,0
48.5594,-98.4815,318.2,1.8,1.3,2018-10-24,1900,Aqua,MODIS,74,6.03,287.1,35.5,D,0
48.5757,-98.4642,312.2,1.8,1.3,2018-10-24,1900,Aqua,MODIS,57,6.03,286.7,23.8,D,0
48.6092,-98.7969,320,1.8,1.3,2018-10-24,1900,Aqua,MODIS,80,6.03,287.1,44.6,D,0
48.6039,-98.8207,305.3,1.8,1.3,2018-10-24,1900,Aqua,MODIS,61,6.03,286.6,16.8,D,0
48.6631,-98.6676,310.4,1.8,1.3,2018-10-24,1900,Aqua,MODIS,44,6.03,285.3,22.3,D,0
48.1289,-98.4908,315.5,1.8,1.3,2018-10-24,1900,Aqua,MODIS,76,6.03,280.4,38.2,D,0
48.6744,-98.6734,332.6,1.8,1.3,2018-10-24,1900,Aqua,MODIS,83,6.03,286,74.2,D,0
48.6589,-98.7436,302.3,1.8,1.3,2018-10-24,1900,Aqua,MODIS,39,6.03,286.1,11.1,D,0
48.6326,-98.862,341.3,1.9,1.3,2018-10-24,1900,Aqua,MODIS,92,6.03,287.7,113.4,D,0
48.6273,-98.886,306.8,1.9,1.3,2018-10-24,1900,Aqua,MODIS,64,6.03,286.7,18.6,D,0
48.6918,-98.6897,315.6,1.8,1.3,2018-10-24,1900,Aqua,MODIS,35,6.03,284.3,31.4,D,0
48.7316,-98.7362,306.8,1.8,1.3,2018-10-24,1900,Aqua,MODIS,52,6.03,283.5,18.7,D,0
48.1885,-98.373,303.4,1.8,1.3,2018-10-24,1900,Aqua,MODIS,52,6.03,286.1,15.3,D,0
48.6468,-99.2858,316.1,1.9,1.4,2018-10-24,1900,Aqua,MODIS,76,6.03,282,37.5,D,0
48.6557,-99.267,310,1.9,1.4,2018-10-24,1900,Aqua,MODIS,44,6.03,285.7,25.2,D,0
48.65,-99.2918,316.6,1.9,1.4,2018-10-24,1900,Aqua,MODIS,77,6.03,284,38.5,D,0
48.7807,-99.3123,300,1.9,1.4,2018-10-24,1900,Aqua,MODIS,18,6.03,285.8,12,D,0
48.8769,-99.4795,301.3,2,1.4,2018-10-24,1900,Aqua,MODIS,43,6.03,286,13.1,D,0
48.966,-99.1405,310.6,1.9,1.3,2018-10-24,1900,Aqua,MODIS,66,6.03,286,25.6,D,0
48.9597,-99.1441,314.3,1.9,1.3,2018-10-24,1900,Aqua,MODIS,38,6.03,286.9,30.8,D,0
48.6595,-100.6454,308.9,2.3,1.5,2018-10-24,1900,Aqua,MODIS,68,6.03,288.5,27,D,0
48.6584,-101.8169,376.6,2.6,1.5,2018-10-24,1900,Aqua,MODIS,100,6.03,291.8,552,D,0
48.65,-101.8496,319.8,2.6,1.5,2018-10-24,1900,Aqua,MODIS,80,6.03,288,63.4,D,0
48.6713,-101.8245,322.6,2.6,1.5,2018-10-24,1900,Aqua,MODIS,82,6.03,287.9,76.1,D,0
48.8559,-101.5361,303.5,2.5,1.5,2018-10-24,1900,Aqua,MODIS,56,6.03,287.1,18.3,D,0
48.8611,-102.4623,317,2.7,1.6,2018-10-24,1900,Aqua,MODIS,63,6.03,287.8,60.1,D,0
48.8641,-102.4679,319,2.7,1.6,2018-10-24,1900,Aqua,MODIS,75,6.03,286.3,73.3,D,0
33.3318,-112.9057,328.9,1.1,1.1,2018-10-24,2034,Aqua,MODIS,79,6.03,298.9,22.3,D,0
33.3298,-112.9178,319.2,1.1,1.1,2018-10-24,2034,Aqua,MODIS,22,6.03,294.7,9.4,D,0
33.3392,-112.9201,352.6,1.1,1.1,2018-10-24,2034,Aqua,MODIS,96,6.03,296,71.6,D,0
33.3372,-112.9321,343.8,1.2,1.1,2018-10-24,2034,Aqua,MODIS,91,6.03,296.3,49.9,D,0
34.0938,-108.5626,332.3,1.1,1,2018-10-24,2034,Aqua,MODIS,76,6.03,285.5,33.3,D,0
34.561,-111.3452,304.3,1,1,2018-10-24,2034,Aqua,MODIS,45,6.03,286.3,7.1,D,0
35.1912,-111.7624,318.5,1,1,2018-10-24,2035,Aqua,MODIS,72,6.03,275.3,18.9,D,0
36.3985,-112.1526,305.2,1,1,2018-10-24,2035,Aqua,MODIS,57,6.03,285.6,8.1,D,0
36.4812,-119.0775,314.8,2.2,1.4,2018-10-24,2035,Aqua,MODIS,57,6.03,297.6,23.7,D,0
36.6292,-119.5708,309.5,2.3,1.5,2018-10-24,2035,Aqua,MODIS,48,6.03,298.1,15.7,D,0
36.6662,-121.3926,308.8,3,1.7,2018-10-24,2035,Aqua,MODIS,58,6.03,296,28.5,D,0
36.6658,-121.3964,308,3,1.7,2018-10-24,2035,Aqua,MODIS,55,6.03,296.2,27.8,D,0
38.9339,-112.82,304.8,1,1,2018-10-24,2036,Aqua,MODIS,52,6.03,294.2,3.2,D,0
37.8812,-120.0532,337.3,2.3,1.5,2018-10-24,2036,Aqua,MODIS,89,6.03,297.4,123.1,D,0
37.8998,-120.0314,306.5,2.3,1.5,2018-10-24,2036,Aqua,MODIS,42,6.03,294.9,13.9,D,0
37.8941,-120.0573,321,2.3,1.5,2018-10-24,2036,Aqua,MODIS,77,6.03,296.7,55,D,0
37.8772,-120.0579,322.7,2.3,1.5,2018-10-24,2036,Aqua,MODIS,79,6.03,297,55.6,D,0
37.8962,-120.0349,313.2,2.3,1.5,2018-10-24,2036,Aqua,MODIS,50,6.03,295.1,26.9,D,0
37.8902,-120.0613,323.5,2.3,1.5,2018-10-24,2036,Aqua,MODIS,80,6.03,297.1,60.2,D,0
38.2309,-120.1126,314.1,2.3,1.5,2018-10-24,2036,Aqua,MODIS,61,6.03,279.2,47.7,D,0
39.406,-120.2144,307.5,2.2,1.4,2018-10-24,2036,Aqua,MODIS,55,6.03,275.4,30.3,D,0
39.5867,-121.8414,307.7,2.7,1.6,2018-10-24,2036,Aqua,MODIS,25,6.03,281.8,16.1,D,0
42.6829,-111.5897,309.5,1,1,2018-10-24,2037,Aqua,MODIS,65,6.03,291.1,9.1,D,2
43.9411,-103.3925,323.3,2.6,1.5,2018-10-24,2037,Aqua,MODIS,82,6.03,289.1,82.8,D,0
43.9391,-103.426,330.5,2.6,1.5,2018-10-24,2037,Aqua,MODIS,86,6.03,290.1,116.7,D,0
43.9476,-103.4019,323,2.6,1.5,2018-10-24,2037,Aqua,MODIS,82,6.03,289,77.5,D,0
43.9458,-103.4349,316.2,2.6,1.5,2018-10-24,2037,Aqua,MODIS,74,6.03,290,51.5,D,0
44.7206,-108.8362,308.4,1.3,1.1,2018-10-24,2037,Aqua,MODIS,67,6.03,295.5,7.3,D,0
44.7716,-108.5321,306.2,1.4,1.2,2018-10-24,2037,Aqua,MODIS,59,6.03,291.7,6,D,0
44.4467,-114.3401,323.1,1,1,2018-10-24,2037,Aqua,MODIS,78,6.03,275.3,23.8,D,0
45.644,-108.8175,327.5,1.4,1.2,2018-10-24,2037,Aqua,MODIS,85,6.03,292.2,38.8,D,0
45.6423,-108.8351,306.9,1.4,1.2,2018-10-24,2037,Aqua,MODIS,64,6.03,289.9,9.2,D,0
45.6475,-108.8897,304.5,1.4,1.2,2018-10-24,2037,Aqua,MODIS,59,6.03,292.8,6.2,D,0
43.3158,-123.1225,321.8,2.5,1.5,2018-10-24,2037,Aqua,MODIS,74,6.03,290.4,73.3,D,0
44.4221,-118.2961,302.3,1.3,1.1,2018-10-24,2037,Aqua,MODIS,52,6.03,275.9,11.7,D,0
44.4192,-118.3117,316.9,1.3,1.1,2018-10-24,2037,Aqua,MODIS,77,6.03,270.1,27.5,D,0
45.6133,-111.0816,315.9,1.1,1.1,2018-10-24,2037,Aqua,MODIS,76,6.03,289.9,16.2,D,0
45.6116,-111.0957,301,1.1,1.1,2018-10-24,2037,Aqua,MODIS,43,6.03,289.9,4.4,D,0
45.9813,-123.5522,317.8,2.2,1.4,2018-10-24,2038,Aqua,MODIS,36,6.03,274.8,51.2,D,0
46.7438,-111.8496,319.4,1.1,1,2018-10-24,2038,Aqua,MODIS,75,6.03,289.8,18.3,D,0
46.7422,-111.8634,330.8,1.1,1,2018-10-24,2038,Aqua,MODIS,0,6.03,292.7,32.4,D,0
46.7961,-111.5351,300.9,1.1,1.1,2018-10-24,2038,Aqua,MODIS,38,6.03,284.1,4.8,D,0
46.1046,-116.6661,307.7,1.1,1,2018-10-24,2038,Aqua,MODIS,62,6.03,273.7,12.7,D,0
46.1771,-118.7876,302.2,1.3,1.1,2018-10-24,2038,Aqua,MODIS,32,6.03,278.9,8.9,D,0
46.1868,-118.7914,315.5,1.3,1.1,2018-10-24,2038,Aqua,MODIS,76,6.03,277.8,22.9,D,0
46.3107,-118.1742,302.7,1.2,1.1,2018-10-24,2038,Aqua,MODIS,53,6.03,276.7,9.1,D,0
46.1845,-118.8596,303,1.3,1.1,2018-10-24,2038,Aqua,MODIS,54,6.03,278.8,11.3,D,0
47.1857,-114.0368,353.5,1,1,2018-10-24,2038,Aqua,MODIS,92,6.03,293.5,71,D,0
47.1839,-114.0497,316.5,1,1,2018-10-24,2038,Aqua,MODIS,67,6.03,289.5,14.4,D,0
46.6201,-117.9582,307.5,1.2,1.1,2018-10-24,2038,Aqua,MODIS,64,6.03,289.4,8.6,D,0
46.6174,-117.9732,309.5,1.2,1.1,2018-10-24,2038,Aqua,MODIS,69,6.03,289.5,10.8,D,0
47.1424,-117.275,311.5,1.1,1,2018-10-24,2038,Aqua,MODIS,71,6.03,275.8,13.8,D,0
47.2699,-116.786,353,1.1,1,2018-10-24,2038,Aqua,MODIS,97,6.03,285.5,77.1,D,0
47.2677,-116.7995,307.5,1.1,1,2018-10-24,2038,Aqua,MODIS,57,6.03,284.9,10.7,D,0
47.1523,-117.5406,302.3,1.1,1.1,2018-10-24,2038,Aqua,MODIS,44,6.03,280.7,7,D,0
47.1639,-117.5299,300.2,1.1,1,2018-10-24,2038,Aqua,MODIS,27,6.03,281.3,5.9,D,0
47.1614,-117.5441,307.2,1.1,1.1,2018-10-24,2038,Aqua,MODIS,65,6.03,281.5,10.6,D,0
45.9875,-123.5254,332.3,2.2,1.4,2018-10-24,2038,Aqua,MODIS,85,6.03,276.9,104.4,D,0
47.8427,-113.7574,333.6,1,1,2018-10-24,2038,Aqua,MODIS,89,6.03,282.5,33.4,D,0
47.6579,-115.07,309,1,1,2018-10-24,2038,Aqua,MODIS,48,6.03,288,10,D,0
47.8515,-113.7601,376.6,1,1,2018-10-24,2038,Aqua,MODIS,100,6.03,291.2,142.5,D,0
48.8995,-99.4488,324.2,4.6,2,2018-10-24,2038,Aqua,MODIS,72,6.03,283.7,214,D,0
48.9001,-99.4575,321.4,4.6,2,2018-10-24,2038,Aqua,MODIS,76,6.03,283.5,187.5,D,0
47.9975,-114.3137,386.2,1,1,2018-10-24,2038,Aqua,MODIS,87,6.03,294.9,179.6,D,0
47.9956,-114.3269,462.9,1,1,2018-10-24,2038,Aqua,MODIS,94,6.03,320.3,897.2,D,0
47.9938,-114.3402,415.2,1,1,2018-10-24,2038,Aqua,MODIS,94,6.03,302.4,357.3,D,0
48.0151,-114.3261,343.6,1,1,2018-10-24,2038,Aqua,MODIS,0,6.03,282.3,49.8,D,0
47.7416,-119.4218,333.8,1.3,1.1,2018-10-24,2038,Aqua,MODIS,89,6.03,285.4,49.4,D,0
47.7386,-119.438,316.5,1.3,1.1,2018-10-24,2038,Aqua,MODIS,77,6.03,285.9,22,D,0
48.4734,-117.7034,325.8,1.1,1,2018-10-24,2038,Aqua,MODIS,79,6.03,288,28.4,D,0
48.471,-117.7176,337.2,1.1,1,2018-10-24,2038,Aqua,MODIS,90,6.03,290.2,45.3,D,0
47.7678,-124.2151,303.3,2.1,1.4,2018-10-24,2038,Aqua,MODIS,50,6.03,278.3,22,D,0
48.7298,-119.6789,317.3,1.2,1.1,2018-10-24,2038,Aqua,MODIS,78,6.03,285.9,23.9,D,0
47.7679,-124.2193,311.1,2.1,1.4,2018-10-24,2038,Aqua,MODIS,62,6.03,277.5,36.3,D,0
21.1169,-157.1065,318.9,1,1,2018-10-24,2348,Aqua,MODIS,14,6.03,303.7,9.5,D,0
48.6629,-98.6611,301.8,1,1,2018-10-25,0425,Terra,MODIS,44,6.03,272.1,9.5,N,0
48.6609,-98.6744,308.6,1,1,2018-10-25,0425,Terra,MODIS,75,6.03,274.6,13.8,N,0
48.1426,-98.4766,305.9,1,1,2018-10-25,0425,Terra,MODIS,66,6.03,269.8,11.2,N,0
36.2157,-118.6305,305.4,1,1,2018-10-25,0601,Terra,MODIS,48,6.03,282.8,8.9,N,0
36.2053,-118.6394,305.7,1,1,2018-10-25,0601,Terra,MODIS,53,6.03,283.6,9,N,0
36.2141,-118.6414,332.6,1,1,2018-10-25,0601,Terra,MODIS,100,6.03,285.1,34.9,N,0
36.2495,-118.6551,302,1,1,2018-10-25,0601,Terra,MODIS,46,6.03,281.7,8.1,N,0
37.1669,-119.2636,316.9,1,1,2018-10-25,0601,Terra,MODIS,94,6.03,282.2,18.8,N,0
39.6991,-122.2804,300.9,1.1,1,2018-10-25,0602,Terra,MODIS,36,6.03,285.6,7.8,N,0
40.7215,-121.1587,300.6,1,1,2018-10-25,0602,Terra,MODIS,8,6.03,277,8.2,N,0
40.7197,-121.1705,312.1,1,1,2018-10-25,0602,Terra,MODIS,84,6.03,280.8,16.4,N,0
40.7179,-121.1824,309,1,1,2018-10-25,0602,Terra,MODIS,71,6.03,277.6,13.8,N,0
42.1289,-120.1919,309.4,1,1,2018-10-25,0602,Terra,MODIS,77,6.03,276.2,14.1,N,0
44.0717,-120.5519,300.5,1,1,2018-10-25,0603,Terra,MODIS,28,6.03,276.7,8.7,N,0
42.6451,-120.8472,301.7,1,1,2018-10-25,0603,Terra,MODIS,44,6.03,269.6,10.1,N,0
44.4208,-118.2996,314.2,1.1,1.1,2018-10-25,0603,Terra,MODIS,89,6.03,278.1,21.4,N,0
45.776,-117.998,301.5,1.2,1.1,2018-10-25,0603,Terra,MODIS,42,6.03,278.6,10.9,N,0
45.7743,-118.0138,351.4,1.2,1.1,2018-10-25,0603,Terra,MODIS,100,6.03,281.9,91.4,N,0
56.1873,-159.3995,359.3,1.5,1.2,2018-10-25,0746,Terra,MODIS,100,6.03,269.2,0,N,1
56.1924,-159.3763,354.9,1.5,1.2,2018-10-25,0746,Terra,MODIS,100,6.03,266.6,0,N,1
36.9307,-105.1512,301.4,1.7,1.3,2018-10-25,0836,Aqua,MODIS,22,6.03,273.8,18.3,N,0
36.9037,-105.1045,300.4,1.7,1.3,2018-10-25,0836,Aqua,MODIS,27,6.03,274.6,18.5,N,0
36.9055,-105.1223,303,1.7,1.3,2018-10-25,0836,Aqua,MODIS,52,6.03,275.1,21.7,N,0
45.7789,-118.001,317.7,1.1,1.1,2018-10-25,1012,Aqua,MODIS,95,6.03,267.9,24.7,N,0
36.2179,-118.6407,303.7,1.5,1.2,2018-10-25,1015,Aqua,MODIS,56,6.03,282.9,16,N,0
56.1911,-159.3733,339.1,1.3,1.1,2018-10-25,1327,Aqua,MODIS,100,6.03,266.4,0,N,1
26.7368,-80.5555,312.5,3.9,1.8,2018-10-25,1758,Aqua,MODIS,53,6.03,294.3,44.3,D,0
26.7467,-80.5511,313.6,3.9,1.8,2018-10-25,1758,Aqua,MODIS,57,6.03,294,50.1,D,0
48.0538,-100.8005,307.8,1.1,1,2018-10-25,1759,Terra,MODIS,66,6.03,287.7,9,D,0
48.0514,-100.7866,310.6,1.1,1,2018-10-25,1759,Terra,MODIS,66,6.03,287.2,11.1,D,0
47.8587,-101.1418,303,1.1,1,2018-10-25,1759,Terra,MODIS,55,6.03,286.3,5.5,D,0
47.8565,-101.1281,317.3,1.1,1,2018-10-25,1759,Terra,MODIS,77,6.03,287.5,16.5,D,0
48.0553,-102.7517,303.7,1,1,2018-10-25,1759,Terra,MODIS,57,6.03,288.1,5.5,D,0
47.9646,-103.2078,301.6,1,1,2018-10-25,1759,Terra,MODIS,48,6.03,290,3.9,D,0
47.8779,-102.6852,309.7,1,1,2018-10-25,1759,Terra,MODIS,65,6.03,289.2,9,D,0
47.9312,-103.2322,300.1,1,1,2018-10-25,1759,Terra,MODIS,27,6.03,289.4,3.3,D,0
48.2941,-100.9496,321.8,1.1,1,2018-10-25,1759,Terra,MODIS,81,6.03,289.1,19.8,D,0
48.9865,-100.8464,321.8,1,1,2018-10-25,1759,Terra,MODIS,81,6.03,286.5,20.5,D,0
48.9888,-100.8603,316.8,1,1,2018-10-25,1759,Terra,MODIS,77,6.03,287.2,15.3,D,0
48.8999,-99.4965,313.4,1.1,1.1,2018-10-25,1759,Terra,MODIS,74,6.03,289.5,13.4,D,0
48.8431,-99.4552,303.7,1.1,1.1,2018-10-25,1759,Terra,MODIS,57,6.03,290.3,5.3,D,0
48.8282,-99.3158,301.6,1.1,1.1,2018-10-25,1759,Terra,MODIS,48,6.03,289,4,D,0
48.8973,-99.4816,303.1,1.1,1.1,2018-10-25,1759,Terra,MODIS,55,6.03,289,5.2,D,0
48.2918,-100.9358,305.9,1.1,1,2018-10-25,1759,Terra,MODIS,62,6.03,288.3,6.2,D,0
43.507,-108.0988,317.3,1.2,1.1,2018-10-25,1800,Terra,MODIS,77,6.03,278,20.1,D,0
43.5054,-108.0847,376.4,1.2,1.1,2018-10-25,1800,Terra,MODIS,100,6.03,283.1,175.3,D,0
39.4502,-75.0234,300.2,1,1,2018-10-25,1801,Aqua,MODIS,31,6.03,286.9,4.7,D,2
39.4171,-75.2906,300.8,1.1,1,2018-10-25,1801,Aqua,MODIS,41,6.03,286.1,5.3,D,0
35.9374,-106.5866,305.4,1,1,2018-10-25,1802,Terra,MODIS,61,6.03,278.5,9.5,D,0
36.9263,-105.1535,301.5,1.1,1,2018-10-25,1802,Terra,MODIS,41,6.03,286.8,6,D,0
34.091,-108.5556,316.4,1,1,2018-10-25,1803,Terra,MODIS,58,6.03,274.4,16.8,D,0
35.192,-111.753,314.6,1.4,1.2,2018-10-25,1803,Terra,MODIS,71,6.03,289.5,20.1,D,0
35.533,-105.2928,302.4,1.1,1,2018-10-25,1803,Terra,MODIS,52,6.03,289,5.6,D,0
31.8096,-106.4256,311,1.1,1,2018-10-25,1804,Terra,MODIS,56,6.03,297.9,4.5,D,2
39.3705,-122.1629,338.8,2.3,1.5,2018-10-25,1940,Terra,MODIS,79,6.03,297.2,122.8,D,0
37.89,-120.0436,321.6,3.4,1.7,2018-10-25,1940,Terra,MODIS,79,6.03,295.6,101.3,D,0
37.8952,-120.0489,319.8,3.4,1.7,2018-10-25,1940,Terra,MODIS,68,6.03,295.9,85.7,D,0
37.8851,-120.0077,312.5,3.4,1.7,2018-10-25,1940,Terra,MODIS,30,6.03,293.7,49.9,D,0
39.7398,-121.9421,313.1,2.3,1.5,2018-10-25,1940,Terra,MODIS,62,6.03,296.2,28.2,D,0
39.7363,-121.938,307.1,2.3,1.5,2018-10-25,1940,Terra,MODIS,43,6.03,295.5,13.9,D,0
39.6974,-122.2979,313.6,2.2,1.4,2018-10-25,1940,Terra,MODIS,52,6.03,299,18.9,D,0
39.6918,-122.2727,317.6,2.2,1.4,2018-10-25,1940,Terra,MODIS,76,6.03,297.6,31.6,D,0
39.593,-121.8333,336.7,2.4,1.5,2018-10-25,1940,Terra,MODIS,90,6.03,298,119.3,D,0
39.587,-121.8066,311.5,2.4,1.5,2018-10-25,1940,Terra,MODIS,47,6.03,298.7,20,D,0
39.3333,-121.7101,316.9,2.5,1.5,2018-10-25,1940,Terra,MODIS,75,6.03,296.2,39.3,D,0
39.327,-121.6826,314.6,2.5,1.5,2018-10-25,1940,Terra,MODIS,72,6.03,296.5,34.1,D,0
39.3262,-121.718,311.9,2.5,1.5,2018-10-25,1940,Terra,MODIS,29,6.03,296.6,20.9,D,0
39.32,-121.6905,317.6,2.5,1.5,2018-10-25,1940,Terra,MODIS,70,6.03,296.9,38.9,D,0
45.6596,-111.0588,303.1,2.7,1.6,2018-10-25,1942,Aqua,MODIS,25,6.03,278.9,28.8,D,0
47.8594,-101.135,304.5,1,1,2018-10-25,1942,Aqua,MODIS,59,6.03,289.3,6.2,D,0
47.8717,-101.4883,303.1,1,1,2018-10-25,1942,Aqua,MODIS,44,6.03,286.4,5.3,D,0
47.8804,-102.6929,309.4,1,1,2018-10-25,1942,Aqua,MODIS,69,6.03,291.1,8.9,D,0
47.8877,-102.8819,301.6,1,1,2018-10-25,1942,Aqua,MODIS,48,6.03,290.4,4.3,D,0
48.5674,-100.7153,315.5,1,1,2018-10-25,1943,Aqua,MODIS,76,6.03,288.4,14,D,0
47.9552,-103.2192,306.5,1.1,1,2018-10-25,1943,Aqua,MODIS,64,6.03,291.9,6.6,D,0
47.9632,-103.2128,303.5,1.1,1,2018-10-25,1943,Aqua,MODIS,56,6.03,291.2,5.2,D,0
47.9609,-103.2266,303.5,1.1,1,2018-10-25,1943,Aqua,MODIS,56,6.03,291,5.2,D,0
48.216,-101.6701,328.9,1,1,2018-10-25,1943,Aqua,MODIS,86,6.03,289,27.6,D,0
48.5338,-99.5938,302.7,1,1,2018-10-25,1943,Aqua,MODIS,21,6.03,288.2,3.6,D,0
48.532,-99.6076,324.3,1,1,2018-10-25,1943,Aqua,MODIS,83,6.03,290.1,21.8,D,0
48.5302,-99.6214,305.4,1,1,2018-10-25,1943,Aqua,MODIS,53,6.03,290.6,4.7,D,0
48.5464,-99.7118,302.2,1,1,2018-10-25,1943,Aqua,MODIS,39,6.03,289.9,4.4,D,0
48.599,-99.8767,304.1,1,1,2018-10-25,1943,Aqua,MODIS,58,6.03,289.9,5,D,0
48.3353,-101.7453,319.4,1,1,2018-10-25,1943,Aqua,MODIS,79,6.03,291,16.3,D,0
48.6079,-99.8794,303.6,1,1,2018-10-25,1943,Aqua,MODIS,57,6.03,290.6,4.6,D,0
48.6811,-99.7361,316.5,1,1,2018-10-25,1943,Aqua,MODIS,77,6.03,292.3,13.6,D,0
48.5693,-100.702,305.2,1,1,2018-10-25,1943,Aqua,MODIS,61,6.03,287.7,6.8,D,0
48.5631,-100.8115,306,1,1,2018-10-25,1943,Aqua,MODIS,63,6.03,289.3,6.6,D,0
48.5613,-100.8248,319.2,1,1,2018-10-25,1943,Aqua,MODIS,79,6.03,288.4,17,D,0
48.7746,-99.4473,304.4,1,1,2018-10-25,1943,Aqua,MODIS,59,6.03,292.1,3.9,D,0
48.7728,-99.4613,305,1,1,2018-10-25,1943,Aqua,MODIS,60,6.03,292,4.3,D,0
48.8946,-99.437,303.2,1,1,2018-10-25,1943,Aqua,MODIS,47,6.03,291.1,3.9,D,0
48.6776,-101.8174,310.3,1,1,2018-10-25,1943,Aqua,MODIS,70,6.03,290.6,8.4,D,0
48.7984,-101.1169,301.5,1,1,2018-10-25,1943,Aqua,MODIS,47,6.03,283,6.2,D,0
48.8584,-100.9546,308.8,1,1,2018-10-25,1943,Aqua,MODIS,59,6.03,287.9,8.6,D,0
48.8565,-100.968,301.8,1,1,2018-10-25,1943,Aqua,MODIS,49,6.03,288.9,4.1,D,0
48.8433,-101.5713,302.2,1,1,2018-10-25,1943,Aqua,MODIS,51,6.03,291.2,4,D,0
48.9581,-102.4207,305.3,1,1,2018-10-25,1943,Aqua,MODIS,61,6.03,288.8,6,D,0
48.956,-102.4342,300.8,1,1,2018-10-25,1943,Aqua,MODIS,42,6.03,289.5,3.4,D,0
47.7233,-113.8905,301.1,3.2,1.7,2018-10-25,1943,Aqua,MODIS,45,6.03,280.7,42.6,D,0
35.1778,-111.7689,317.8,3,1.6,2018-10-25,2117,Aqua,MODIS,69,6.03,289.3,74.6,D,0
35.1794,-111.7766,311.9,3,1.6,2018-10-25,2117,Aqua,MODIS,54,6.03,289.1,51.3,D,0
37.8955,-120.0475,317.5,1.1,1,2018-10-25,2118,Aqua,MODIS,70,6.03,303.4,11.3,D,0
36.2026,-118.641,314.6,1.2,1.1,2018-10-25,2118,Aqua,MODIS,56,6.03,286.5,16.8,D,0
36.2122,-118.6429,361.9,1.2,1.1,2018-10-25,2118,Aqua,MODIS,100,6.03,292.4,116.6,D,0
37.0988,-119.3,313.9,1.1,1.1,2018-10-25,2118,Aqua,MODIS,64,6.03,292.6,13.6,D,0
37.1552,-119.2659,326.4,1.1,1.1,2018-10-25,2118,Aqua,MODIS,81,6.03,294.2,28.2,D,0
37.1647,-119.2676,335.9,1.1,1.1,2018-10-25,2118,Aqua,MODIS,88,6.03,294.1,44.1,D,0
37.4421,-119.9978,331.1,1.1,1,2018-10-25,2118,Aqua,MODIS,84,6.03,303.1,27.6,D,0
37.4406,-120.0099,315.1,1.1,1,2018-10-25,2118,Aqua,MODIS,66,6.03,301.3,8.9,D,0
37.8878,-120.0332,351.7,1.1,1,2018-10-25,2118,Aqua,MODIS,96,6.03,301.9,68.6,D,0
37.8863,-120.0456,343.3,1.1,1,2018-10-25,2118,Aqua,MODIS,92,6.03,305.2,48.9,D,0
36.2136,-118.631,341.4,1.2,1.1,2018-10-25,2118,Aqua,MODIS,90,6.03,289.3,57.9,D,0
37.897,-120.0352,336.2,1.1,1,2018-10-25,2118,Aqua,MODIS,88,6.03,301.8,36.4,D,0
39.4017,-122.0249,337,1,1,2018-10-25,2119,Aqua,MODIS,89,6.03,303.8,32.4,D,0
39.4204,-122.0956,321.6,1,1,2018-10-25,2119,Aqua,MODIS,78,6.03,300,13.1,D,0
39.4296,-122.2284,332,1,1,2018-10-25,2119,Aqua,MODIS,86,6.03,301.3,24.9,D,0
39.5852,-121.8282,338.7,1,1,2018-10-25,2119,Aqua,MODIS,90,6.03,301.3,35.7,D,0
39.5836,-121.8399,340.8,1,1,2018-10-25,2119,Aqua,MODIS,91,6.03,305.6,38.8,D,0
39.6653,-121.8534,316,1,1,2018-10-25,2119,Aqua,MODIS,72,6.03,299.2,9.6,D,0
39.7438,-121.9491,320,1,1,2018-10-25,2119,Aqua,MODIS,58,6.03,303.2,12.3,D,0
39.6976,-122.2854,372.1,1,1,2018-10-25,2119,Aqua,MODIS,100,6.03,305.7,117.8,D,0
39.696,-122.297,322.1,1,1,2018-10-25,2119,Aqua,MODIS,79,6.03,302.4,12.7,D,0
41.4527,-121.4747,319,1.1,1,2018-10-25,2119,Aqua,MODIS,64,6.03,290.6,16.6,D,0
41.4511,-121.4872,347.4,1.1,1,2018-10-25,2119,Aqua,MODIS,72,6.03,295.6,59.8,D,0
38.238,-120.0926,345.2,1.1,1,2018-10-25,2119,Aqua,MODIS,93,6.03,298.9,57.5,D,0
38.2365,-120.1049,312.9,1.1,1,2018-10-25,2119,Aqua,MODIS,63,6.03,296,10.8,D,0
39.3765,-119.4044,323.2,1.2,1.1,2018-10-25,2119,Aqua,MODIS,78,6.03,306.4,14.8,D,0
39.3749,-119.4181,318.3,1.2,1.1,2018-10-25,2119,Aqua,MODIS,73,6.03,306,8.7,D,0
39.1407,-121.5775,314.1,1,1,2018-10-25,2119,Aqua,MODIS,53,6.03,299.6,5.8,D,2
39.1606,-121.4979,319.4,1,1,2018-10-25,2119,Aqua,MODIS,74,6.03,300.8,10.9,D,0
39.1793,-121.634,314.6,1,1,2018-10-25,2119,Aqua,MODIS,67,6.03,300.6,6.8,D,0
39.2415,-121.7135,320.2,1,1,2018-10-25,2119,Aqua,MODIS,75,6.03,307.2,9.3,D,0
39.2857,-121.5916,311,1,1,2018-10-25,2119,Aqua,MODIS,37,6.03,299.1,4.7,D,0
39.2841,-121.6032,319.9,1,1,2018-10-25,2119,Aqua,MODIS,75,6.03,299.5,12.4,D,0
39.2931,-121.6053,312.7,1,1,2018-10-25,2119,Aqua,MODIS,21,6.03,299.7,5.9,D,0
39.217,-122.1597,320.9,1,1,2018-10-25,2119,Aqua,MODIS,76,6.03,300.9,11.8,D,0
39.3264,-121.7035,336.5,1,1,2018-10-25,2119,Aqua,MODIS,88,6.03,301.9,32.5,D,0
41.881,-123.3654,303.7,1,1,2018-10-25,2120,Aqua,MODIS,57,6.03,285,6.7,D,0
32.1772,-102.1953,311.1,1,1,2018-10-26,0504,Terra,MODIS,82,6.03,284.9,14,N,0
28.9775,-95.3447,324.2,2.5,1.5,2018-10-26,0743,Aqua,MODIS,100,6.03,282.2,96.3,N,2
33.001,-110.7708,310.7,1,1,2018-10-26,0920,Aqua,MODIS,81,6.03,286.4,12.3,N,2
37.3918,-95.0345,310.6,1.1,1,2018-10-26,1707,Terra,MODIS,70,6.03,286.1,11.5,D,0
32.5711,-98.5973,335.1,1.4,1.2,2018-10-26,1708,Terra,MODIS,89,6.03,294,54.9,D,0
32.8761,-101.5575,305.8,2.2,1.4,2018-10-26,1708,Terra,MODIS,56,6.03,293.9,11.7,D,0
32.5832,-98.6105,306,1.4,1.2,2018-10-26,1708,Terra,MODIS,59,6.03,293.3,8,D,0
32.5815,-98.5957,334.4,1.4,1.2,2018-10-26,1708,Terra,MODIS,89,6.03,294.2,53.4,D,0
31.753,-98.6306,311.5,1.4,1.2,2018-10-26,1708,Terra,MODIS,68,6.03,294.4,13.6,D,0
31.4215,-98.0491,304.8,1.3,1.1,2018-10-26,1708,Terra,MODIS,51,6.03,294.2,5.2,D,0
30.2053,-95.8214,304.9,1,1,2018-10-26,1708,Terra,MODIS,54,6.03,293.8,4.4,D,0
29.5779,-98.0302,307.8,1.2,1.1,2018-10-26,1709,Terra,MODIS,61,6.03,295.9,6.7,D,2
30.3088,-99.5935,304.8,1.5,1.2,2018-10-26,1709,Terra,MODIS,40,6.03,294,6.6,D,0
48.9525,-100.9212,343.9,3,1.6,2018-10-26,1841,Terra,MODIS,81,6.03,283.3,249.4,D,0
27.1923,-80.4314,323.6,1,1,2018-10-26,1841,Aqua,MODIS,47,6.03,293.5,15.4,D,0
26.4699,-80.7768,326.8,1,1,2018-10-26,1841,Aqua,MODIS,71,6.03,307.9,15.4,D,0
48.9522,-100.914,339.9,3,1.6,2018-10-26,1841,Terra,MODIS,69,6.03,284.6,217,D,0
48.942,-100.8764,300.2,3,1.6,2018-10-26,1841,Terra,MODIS,30,6.03,285.5,21.1,D,0
31.0723,-84.1831,309.1,1.1,1.1,2018-10-26,1842,Aqua,MODIS,41,6.03,294.4,6.5,D,0
31.1273,-84.5311,320.6,1.2,1.1,2018-10-26,1842,Aqua,MODIS,78,6.03,297.4,17.3,D,0
30.281,-82.7642,314.3,1,1,2018-10-26,1842,Aqua,MODIS,34,6.03,297.2,8.6,D,0
30.2778,-82.7853,328.1,1,1,2018-10-26,1842,Aqua,MODIS,84,6.03,297.4,22.7,D,0
30.5396,-83.9518,309.8,1.1,1.1,2018-10-26,1842,Aqua,MODIS,50,6.03,298.3,7.2,D,0
31.0343,-83.2075,306.3,1,1,2018-10-26,1842,Aqua,MODIS,46,6.03,294.3,3.5,D,0
29.8172,-90.5084,319.7,2.9,1.6,2018-10-26,1842,Aqua,MODIS,62,6.03,292.2,76.7,D,0
42.0862,-111.9041,300.8,1.3,1.1,2018-10-26,1844,Terra,MODIS,33,6.03,286.6,5.2,D,0
42.6847,-111.5981,316.1,1.3,1.1,2018-10-26,1844,Terra,MODIS,66,6.03,288,19.7,D,2
42.6819,-111.583,320.7,1.3,1.1,2018-10-26,1844,Terra,MODIS,80,6.03,288.1,25.9,D,2
42.6835,-111.5928,325.7,1.3,1.1,2018-10-26,1844,Terra,MODIS,60,6.03,288.7,31.1,D,2
42.5372,-113.8631,308.8,1.1,1,2018-10-26,1844,Terra,MODIS,50,6.03,289.7,8.4,D,0
42.0878,-111.913,305.1,1.3,1.1,2018-10-26,1844,Terra,MODIS,61,6.03,285.4,8.9,D,0
39.3335,-121.6994,317.4,1.4,1.2,2018-10-26,1845,Terra,MODIS,77,6.03,290.4,20.6,D,0
39.1844,-122.2185,310.9,1.5,1.2,2018-10-26,1845,Terra,MODIS,70,6.03,290.1,11.9,D,0
37.4773,-112.8567,310,1.4,1.2,2018-10-26,1845,Terra,MODIS,68,6.03,292.4,14,D,0
38.6295,-121.58,315,1.3,1.1,2018-10-26,1845,Terra,MODIS,74,6.03,294.6,13.5,D,0
38.1536,-122.7167,311.5,1.5,1.2,2018-10-26,1845,Terra,MODIS,55,6.03,296.5,11.6,D,0
38.1518,-122.6995,311.6,1.5,1.2,2018-10-26,1845,Terra,MODIS,52,6.03,296.1,11.2,D,0
39.7401,-121.9468,309.1,1.4,1.2,2018-10-26,1845,Terra,MODIS,51,6.03,289.5,10.2,D,0
39.7467,-121.9518,306.8,1.4,1.2,2018-10-26,1845,Terra,MODIS,51,6.03,290.1,7.6,D,0
39.6711,-121.8466,311.8,1.4,1.2,2018-10-26,1845,Terra,MODIS,72,6.03,291.7,13.9,D,0
39.7028,-122.2693,320.9,1.5,1.2,2018-10-26,1845,Terra,MODIS,81,6.03,295.7,26.5,D,0
39.5895,-121.8339,323.6,1.4,1.2,2018-10-26,1845,Terra,MODIS,82,6.03,295.2,28.4,D,0
36.2164,-118.6343,326,1,1,2018-10-26,1846,Terra,MODIS,77,6.03,295.5,21.8,D,0
36.218,-118.6456,319,1,1,2018-10-26,1846,Terra,MODIS,43,6.03,293.7,14.1,D,0
36.2186,-118.5816,316.5,1,1,2018-10-26,1846,Terra,MODIS,66,6.03,289.7,15.1,D,0
34.5787,-111.2853,311.7,2,1.4,2018-10-26,1846,Terra,MODIS,71,6.03,287.6,30.8,D,0
34.0954,-117.5322,320.5,1,1,2018-10-26,1846,Terra,MODIS,60,6.03,308.4,6.2,D,2
34.5816,-111.279,308.2,2,1.4,2018-10-26,1846,Terra,MODIS,64,6.03,287.7,25,D,0
36.2075,-118.6364,318.6,1,1,2018-10-26,1846,Terra,MODIS,68,6.03,294.5,15,D,0
36.2091,-118.6475,315.8,1,1,2018-10-26,1846,Terra,MODIS,60,6.03,294.8,12.3,D,0
48.9557,-100.9177,302.5,3.2,1.7,2018-10-26,1848,Aqua,MODIS,49,6.03,286.3,30,D,0
26.4265,-98.0414,320.2,2.3,1.5,2018-10-26,2019,Aqua,MODIS,75,6.03,297.3,32.6,D,0
26.4251,-98.0487,315.2,2.3,1.5,2018-10-26,2019,Aqua,MODIS,57,6.03,296.7,19.5,D,0
31.6732,-103.7112,310.7,1.2,1.1,2018-10-26,2021,Aqua,MODIS,54,6.03,297.7,5.8,D,0
32.2457,-99.6584,308.5,2.1,1.4,2018-10-26,2021,Aqua,MODIS,60,6.03,295.1,16.7,D,0
32.2495,-99.6442,305.6,2.1,1.4,2018-10-26,2021,Aqua,MODIS,49,6.03,295.1,10.9,D,0
32.5688,-98.6011,310.7,2.5,1.5,2018-10-26,2021,Aqua,MODIS,66,6.03,295.3,26.2,D,0
32.5824,-98.6026,333,2.5,1.5,2018-10-26,2021,Aqua,MODIS,87,6.03,295.8,112,D,0
32.5845,-98.5761,310.9,2.5,1.5,2018-10-26,2021,Aqua,MODIS,66,6.03,294.9,26.2,D,0
30.7248,-100.6983,309.2,1.7,1.3,2018-10-26,2021,Aqua,MODIS,58,6.03,296.7,10.6,D,0
34.5732,-111.2797,312,1.3,1.1,2018-10-26,2022,Aqua,MODIS,63,6.03,289.9,16.1,D,0
32.9994,-110.7762,323.9,1.3,1.1,2018-10-26,2022,Aqua,MODIS,76,6.03,305.5,18.2,D,2
33.0009,-110.7691,321.4,1.3,1.1,2018-10-26,2022,Aqua,MODIS,69,6.03,304,14.6,D,2
35.9369,-106.5767,315.7,1,1,2018-10-26,2022,Aqua,MODIS,75,6.03,289.5,16.1,D,0
40.5985,-104.346,346.1,1.4,1.2,2018-10-26,2023,Aqua,MODIS,94,6.03,297.9,82.4,D,0
37.6392,-101.3628,328.6,1.9,1.3,2018-10-26,2023,Aqua,MODIS,85,6.03,294.2,61.8,D,0
37.6374,-101.3841,305.2,1.9,1.3,2018-10-26,2023,Aqua,MODIS,54,6.03,293.1,8.9,D,0
37.4747,-112.8558,308.4,1.4,1.2,2018-10-26,2023,Aqua,MODIS,62,6.03,295.1,10.6,D,0
40.5968,-104.3623,322.2,1.4,1.2,2018-10-26,2023,Aqua,MODIS,81,6.03,295.7,26.5,D,0
42.6788,-111.5954,322.9,1,1,2018-10-26,2024,Aqua,MODIS,77,6.03,292.1,21.2,D,2
40.9648,-110.4523,354.6,1,1,2018-10-26,2024,Aqua,MODIS,91,6.03,285,73.6,D,0
40.9737,-110.4547,338.4,1,1,2018-10-26,2024,Aqua,MODIS,91,6.03,282,43.3,D,0
40.1317,-118.5019,312.1,2.5,1.5,2018-10-26,2024,Aqua,MODIS,70,6.03,293.8,28.8,D,2
39.5736,-121.8486,310.2,4.1,1.9,2018-10-26,2024,Aqua,MODIS,67,6.03,283.9,54.5,D,0
39.5778,-121.8582,308.9,4.1,1.9,2018-10-26,2024,Aqua,MODIS,64,6.03,284.1,48.6,D,0
42.2626,-112.8101,305.5,1.1,1.1,2018-10-26,2024,Aqua,MODIS,62,6.03,289.2,6.9,D,0
42.2603,-112.8234,334.4,1.1,1.1,2018-10-26,2024,Aqua,MODIS,89,6.03,290.6,41.8,D,0
42.6808,-111.5829,307.5,1,1,2018-10-26,2024,Aqua,MODIS,65,6.03,290.5,7.3,D,2
47.9546,-103.2272,300.8,2,1.4,2018-10-26,2025,Aqua,MODIS,42,6.03,290,8.9,D,0
44.8144,-108.4737,308.5,1.1,1,2018-10-26,2025,Aqua,MODIS,60,6.03,292.4,7.8,D,0
44.8127,-108.487,306.8,1.1,1,2018-10-26,2025,Aqua,MODIS,49,6.03,292.4,6.1,D,0
47.5224,-100.1127,317.6,2.9,1.6,2018-10-26,2025,Aqua,MODIS,78,6.03,289.6,69.8,D,0
47.5265,-100.0833,305.9,2.9,1.6,2018-10-26,2025,Aqua,MODIS,62,6.03,288.5,29.1,D,0
47.5249,-100.1214,312.7,2.9,1.6,2018-10-26,2025,Aqua,MODIS,73,6.03,289.7,51.2,D,0
47.8753,-102.6868,303.1,2.1,1.4,2018-10-26,2025,Aqua,MODIS,0,6.03,288.6,14,D,0
48.5945,-101.7975,302.8,2.4,1.5,2018-10-26,2026,Aqua,MODIS,54,6.03,288.5,16,D,0
47.7888,-110.1239,307.1,1,1,2018-10-26,2026,Aqua,MODIS,65,6.03,287.4,7.3,D,0
48.6005,-101.7936,304.3,2.4,1.5,2018-10-26,2026,Aqua,MODIS,58,6.03,288.5,18.2,D,0
48.6159,-101.7626,300.6,2.4,1.5,2018-10-26,2026,Aqua,MODIS,18,6.03,288.5,11,D,0
48.6096,-101.7665,301.8,2.4,1.5,2018-10-26,2026,Aqua,MODIS,49,6.03,288.4,14.4,D,0
63.7913,-145.0451,303.1,1.4,1.2,2018-10-26,2155,Terra,MODIS,55,6.03,275.1,16.7,D,0
41.2506,-121.9467,314.6,3.7,1.8,2018-10-26,2202,Aqua,MODIS,75,6.03,289.3,87.4,D,0
41.2568,-121.9513,316.8,3.7,1.8,2018-10-26,2202,Aqua,MODIS,77,6.03,289.3,101.3,D,0
63.7903,-145.0575,305.3,1,1,2018-10-26,2209,Aqua,MODIS,61,6.03,275.3,11.3,D,0
19.7156,-155.0658,312.3,1.1,1,2018-10-26,2336,Aqua,MODIS,20,6.03,299.4,9.5,D,2
36.2158,-118.6496,309.8,1.2,1.1,2018-10-27,0549,Terra,MODIS,65,6.03,285.1,13.3,N,0
36.2181,-118.636,327.3,1.2,1.1,2018-10-27,0549,Terra,MODIS,100,6.03,287.5,33.6,N,0
47.018,-123.5939,303,1.2,1.1,2018-10-27,0552,Terra,MODIS,52,6.03,280.8,11.8,N,0
47.3281,-124.2316,307.8,1.3,1.1,2018-10-27,0552,Terra,MODIS,56,6.03,280.7,15.6,N,0
47.326,-124.2363,302,1.3,1.1,2018-10-27,0552,Terra,MODIS,29,6.03,280.5,10.7,N,0
48.4665,-115.4788,301.3,1,1,2018-10-27,0959,Aqua,MODIS,40,6.03,275.2,9.1,N,0
47.3308,-124.2204,303.5,1.6,1.3,2018-10-27,1000,Aqua,MODIS,56,6.03,278.9,20.3,N,0
47.9562,-116.6273,331.3,1,1,2018-10-27,1000,Aqua,MODIS,100,6.03,280.1,34.9,N,0
36.2096,-118.6428,310.1,1.1,1,2018-10-27,1003,Aqua,MODIS,79,6.03,285.9,13.3,N,0
36.2282,-118.6388,314.9,1.1,1,2018-10-27,1003,Aqua,MODIS,81,6.03,285.4,17.8,N,0
36.2263,-118.6276,323.7,1.1,1,2018-10-27,1003,Aqua,MODIS,100,6.03,287.5,27.4,N,0
36.2189,-118.641,317.4,1.1,1,2018-10-27,1003,Aqua,MODIS,95,6.03,286.7,20.6,N,0
33.6442,-88.4168,302.6,2.5,1.5,2018-10-27,1612,Terra,MODIS,53,6.03,287.3,19.4,D,0
26.4402,-80.7142,319.3,1,1,2018-10-27,1614,Terra,MODIS,30,6.03,306,10.4,D,0
43.5329,-94.6278,302.6,1.7,1.3,2018-10-27,1748,Terra,MODIS,0,6.03,288.8,10.2,D,0
43.5365,-94.632,301.1,1.7,1.3,2018-10-27,1748,Terra,MODIS,0,6.03,289,7.6,D,0
40.7892,-102.7362,307.5,1,1,2018-10-27,1749,Terra,MODIS,50,6.03,294.7,4.3,D,0
40.7875,-102.7246,309.1,1,1,2018-10-27,1749,Terra,MODIS,60,6.03,295.1,5.5,D,0
39.2807,-96.875,309.9,1.7,1.3,2018-10-27,1749,Terra,MODIS,68,6.03,293.8,15.5,D,0
39.2822,-96.8802,305.3,1.7,1.3,2018-10-27,1749,Terra,MODIS,59,6.03,293.6,10.1,D,0
38.1914,-100.9661,318.3,1.1,1,2018-10-27,1749,Terra,MODIS,76,6.03,294.4,15.4,D,0
38.1893,-100.9538,315.9,1.1,1,2018-10-27,1749,Terra,MODIS,73,6.03,293.2,13,D,0
40.7912,-102.6874,308,1,1,2018-10-27,1749,Terra,MODIS,57,6.03,294.7,5.1,D,0
40.7929,-102.6991,351.5,1,1,2018-10-27,1749,Terra,MODIS,96,6.03,298,62.2,D,0
40.7946,-102.7107,381.4,1,1,2018-10-27,1749,Terra,MODIS,100,6.03,302.7,155.2,D,0
40.7963,-102.7224,332.6,1,1,2018-10-27,1749,Terra,MODIS,87,6.03,296.8,28.5,D,0
40.798,-102.734,309.5,1,1,2018-10-27,1749,Terra,MODIS,55,6.03,295,5.3,D,0
40.182,-96.7495,306.1,1.6,1.2,2018-10-27,1749,Terra,MODIS,60,6.03,293.9,9.4,D,0
40.1857,-96.7678,304.8,1.6,1.2,2018-10-27,1749,Terra,MODIS,56,6.03,294.2,7.9,D,0
35.0689,-101.7849,310.8,1.1,1.1,2018-10-27,1750,Terra,MODIS,43,6.03,297.3,6.1,D,0
36.156,-97.4716,309.1,1.8,1.3,2018-10-27,1750,Terra,MODIS,62,6.03,295.3,14.4,D,0
35.2017,-102.0201,310.2,1.1,1,2018-10-27,1750,Terra,MODIS,57,6.03,296,5.8,D,0
35.071,-101.797,312.2,1.1,1.1,2018-10-27,1750,Terra,MODIS,57,6.03,298.6,7.3,D,0
31.9089,-100.6957,306.2,1.4,1.2,2018-10-27,1751,Terra,MODIS,39,6.03,296.1,6.2,D,0
31.9062,-100.681,309.3,1.4,1.2,2018-10-27,1751,Terra,MODIS,58,6.03,295.8,9.7,D,0
31.23,-98.3353,310.7,2.1,1.4,2018-10-27,1751,Terra,MODIS,64,6.03,297.1,19.2,D,0
31.6391,-101.769,314.1,1.3,1.1,2018-10-27,1751,Terra,MODIS,67,6.03,296.8,11.9,D,0
31.6368,-101.756,308.8,1.3,1.1,2018-10-27,1751,Terra,MODIS,53,6.03,296.8,6.4,D,0
30.4242,-100.0477,306.7,1.7,1.3,2018-10-27,1751,Terra,MODIS,50,6.03,296.2,8.6,D,0
30.421,-100.0307,306.7,1.7,1.3,2018-10-27,1751,Terra,MODIS,51,6.03,296.5,8.5,D,0
33.0632,-100.3357,306.7,1.4,1.2,2018-10-27,1751,Terra,MODIS,41,6.03,296.7,5.7,D,0
34.258,-110.0317,305.1,1.6,1.2,2018-10-27,1751,Terra,MODIS,36,6.03,293.6,6.8,D,0
32.3127,-100.4241,331,1.4,1.2,2018-10-27,1751,Terra,MODIS,85,6.03,297.9,45,D,0
34.2576,-110.0379,304.8,1.6,1.2,2018-10-27,1751,Terra,MODIS,25,6.03,293.4,6.8,D,0
32.3086,-100.4308,326.6,1.4,1.2,2018-10-27,1751,Terra,MODIS,82,6.03,297.5,37.3,D,0
32.3059,-100.416,323.4,1.4,1.2,2018-10-27,1751,Terra,MODIS,79,6.03,297.7,31,D,0
31.9409,-99.4575,307.7,1.7,1.3,2018-10-27,1751,Terra,MODIS,53,6.03,297.4,8.2,D,0
30.2158,-96.8695,311.3,1.4,1.2,2018-10-27,1925,Aqua,MODIS,63,6.03,297.3,10.6,D,0
48.7426,-116.3511,300.3,1.8,1.3,2018-10-27,1925,Terra,MODIS,28,6.03,282.1,12.3,D,0
48.4926,-117.8859,305.9,1.5,1.2,2018-10-27,1925,Terra,MODIS,59,6.03,277.7,15.1,D,0
48.4916,-117.8924,307.6,1.5,1.2,2018-10-27,1925,Terra,MODIS,39,6.03,277.9,16,D,0
47.9554,-116.624,300.4,1.8,1.3,2018-10-27,1925,Terra,MODIS,37,6.03,278.7,16.6,D,0
48.0612,-119.8058,301.8,1.3,1.1,2018-10-27,1925,Terra,MODIS,49,6.03,283.8,9.9,D,0
29.6968,-90.5184,307.1,1.1,1,2018-10-27,1925,Aqua,MODIS,60,6.03,295.6,5.3,D,0
29.8117,-91.5056,312.8,1,1,2018-10-27,1925,Aqua,MODIS,65,6.03,296.1,7.7,D,2
29.8103,-91.5159,320.3,1,1,2018-10-27,1925,Aqua,MODIS,78,6.03,297,14.1,D,0
29.8582,-91.567,317.1,1,1,2018-10-27,1925,Aqua,MODIS,75,6.03,297.1,11.9,D,0
29.8568,-91.5773,317.5,1,1,2018-10-27,1925,Aqua,MODIS,76,6.03,297.6,12.1,D,0
29.9475,-91.7225,332.7,1,1,2018-10-27,1925,Aqua,MODIS,87,6.03,297.6,29,D,0
29.946,-91.7328,321.3,1,1,2018-10-27,1925,Aqua,MODIS,79,6.03,297.4,15.6,D,0
29.9029,-92.0401,310,1,1,2018-10-27,1925,Aqua,MODIS,65,6.03,296.8,6.2,D,0
30.0191,-92.1319,309,1,1,2018-10-27,1925,Aqua,MODIS,63,6.03,296.5,5.1,D,0
30.028,-92.1336,309.3,1,1,2018-10-27,1925,Aqua,MODIS,64,6.03,296.3,5.4,D,0
30.1688,-92.1832,311.1,1,1,2018-10-27,1925,Aqua,MODIS,67,6.03,297,7,D,0
30.6568,-91.3854,313.4,1,1,2018-10-27,1925,Aqua,MODIS,71,6.03,297,9.5,D,0
30.7074,-91.5512,308.9,1,1,2018-10-27,1925,Aqua,MODIS,48,6.03,298.2,6.2,D,0
30.9149,-92.1852,310.9,1,1,2018-10-27,1925,Aqua,MODIS,68,6.03,297.1,6,D,0
31.0615,-92.2576,321.3,1,1,2018-10-27,1925,Aqua,MODIS,51,6.03,298.7,13.4,D,0
31.06,-92.2679,320.5,1,1,2018-10-27,1925,Aqua,MODIS,43,6.03,298.4,12.8,D,0
31.0704,-92.2593,323,1,1,2018-10-27,1925,Aqua,MODIS,74,6.03,297.4,15.6,D,0
31.0689,-92.2696,316,1,1,2018-10-27,1925,Aqua,MODIS,36,6.03,296.1,9.2,D,0
31.0543,-92.373,323.4,1,1,2018-10-27,1925,Aqua,MODIS,81,6.03,301.2,15.5,D,0
31.0943,-92.4127,309.2,1,1,2018-10-27,1925,Aqua,MODIS,34,6.03,296.8,4.6,D,0
31.0929,-92.423,309.5,1,1,2018-10-27,1925,Aqua,MODIS,45,6.03,296.9,5.5,D,0
30.998,-93.7497,306.4,1,1,2018-10-27,1925,Aqua,MODIS,57,6.03,294,5.4,D,0
32.2152,-99.3516,307.7,1.9,1.3,2018-10-27,1926,Aqua,MODIS,45,6.03,297.6,9.5,D,0
33.7207,-90.5562,309.9,1.1,1.1,2018-10-27,1926,Aqua,MODIS,60,6.03,294.5,8.8,D,0
33.4222,-94.1583,309.5,1,1,2018-10-27,1926,Aqua,MODIS,63,6.03,297.7,5.9,D,0
32.3035,-100.4288,311.9,2.2,1.4,2018-10-27,1926,Aqua,MODIS,63,6.03,297.6,23.1,D,0
33.791,-94.8244,311.2,1,1,2018-10-27,1926,Aqua,MODIS,66,6.03,297.9,6.9,D,0
33.9884,-94.0187,324.2,1,1,2018-10-27,1926,Aqua,MODIS,82,6.03,297.5,19.7,D,0
33.9397,-94.9975,308,1.1,1,2018-10-27,1926,Aqua,MODIS,59,6.03,297.5,5,D,0
46.6499,-120.5834,305.2,1.3,1.1,2018-10-27,1926,Terra,MODIS,61,6.03,290.6,9.3,D,2
45.8273,-118.2044,314.4,1.7,1.3,2018-10-27,1926,Terra,MODIS,75,6.03,282,32,D,0
45.9047,-122.7427,308.3,1.1,1,2018-10-27,1926,Terra,MODIS,67,6.03,286.5,10.7,D,2
45.6034,-122.2621,300.6,1.2,1.1,2018-10-27,1926,Terra,MODIS,39,6.03,284.7,6,D,0
46.5832,-116.1791,304,2.1,1.4,2018-10-27,1926,Terra,MODIS,50,6.03,275.9,25.1,D,0
45.7545,-115.4653,308.2,2.4,1.5,2018-10-27,1926,Terra,MODIS,67,6.03,276.8,41.7,D,0
45.0427,-123.1627,301.1,1.1,1,2018-10-27,1926,Terra,MODIS,45,6.03,275.6,8,D,0
45.7613,-115.4933,304.4,2.4,1.5,2018-10-27,1926,Terra,MODIS,59,6.03,277.5,32.7,D,0
31.0538,-98.6184,308,1.8,1.3,2018-10-27,1926,Aqua,MODIS,49,6.03,297.7,9.6,D,0
31.2288,-98.3183,310.9,1.7,1.3,2018-10-27,1926,Aqua,MODIS,60,6.03,299.1,12.5,D,0
31.6031,-96.3654,310.2,1.3,1.1,2018-10-27,1926,Aqua,MODIS,59,6.03,298,7.5,D,0
31.19,-98.6286,309.1,1.8,1.3,2018-10-27,1926,Aqua,MODIS,54,6.03,297.9,10.7,D,0
32.0727,-94.0957,316.4,1,1,2018-10-27,1926,Aqua,MODIS,74,6.03,296,12.1,D,0
30.7833,-101.7237,307.3,2.9,1.6,2018-10-27,1926,Aqua,MODIS,47,6.03,296.4,18.7,D,0
33.0966,-88.9223,320.6,1.3,1.2,2018-10-27,1926,Aqua,MODIS,80,6.03,291.3,28.2,D,0
32.0413,-97.1089,309.9,1.4,1.2,2018-10-27,1926,Aqua,MODIS,58,6.03,299.1,6.3,D,0
32.4687,-95.156,305.7,1.1,1,2018-10-27,1926,Aqua,MODIS,44,6.03,295.4,4.1,D,0
33.6399,-88.4284,306.5,1.5,1.2,2018-10-27,1926,Aqua,MODIS,64,6.03,290.4,9.7,D,0
33.6428,-88.4343,303.2,1.5,1.2,2018-10-27,1926,Aqua,MODIS,54,6.03,290.8,6.9,D,0
38.6956,-90.1341,304.9,1.4,1.2,2018-10-27,1927,Aqua,MODIS,45,6.03,290.9,6.9,D,2
38.383,-94.5864,305.4,1,1,2018-10-27,1927,Aqua,MODIS,54,6.03,294.6,3.9,D,0
37.3492,-100.8473,312.6,1.8,1.3,2018-10-27,1927,Aqua,MODIS,66,6.03,298.9,13.2,D,0
37.3453,-100.8666,318.5,1.8,1.3,2018-10-27,1927,Aqua,MODIS,74,6.03,299.8,25,D,0
38.9081,-93.7918,317.1,1,1,2018-10-27,1927,Aqua,MODIS,76,6.03,294,13.1,D,0
42.0558,-120.6581,301.3,1.6,1.2,2018-10-27,1927,Terra,MODIS,46,6.03,271.1,13.1,D,0
42.0564,-120.6645,301.8,1.6,1.2,2018-10-27,1927,Terra,MODIS,46,6.03,270.1,14.1,D,0
35.6157,-94.5025,307,1,1,2018-10-27,1927,Aqua,MODIS,61,6.03,295.9,5.6,D,0
37.8876,-91.7923,301.4,1.1,1.1,2018-10-27,1927,Aqua,MODIS,46,6.03,291.2,4.7,D,0
38.694,-90.1496,304.6,1.4,1.2,2018-10-27,1927,Aqua,MODIS,56,6.03,292.5,6.7,D,2
38.0249,-101.0333,325.4,1.8,1.3,2018-10-27,1928,Aqua,MODIS,82,6.03,298.1,43.7,D,0
39.1364,-122.196,311,1.5,1.2,2018-10-27,1928,Terra,MODIS,70,6.03,281.9,17.8,D,0
39.3297,-121.6961,315.3,1.6,1.3,2018-10-27,1928,Terra,MODIS,76,6.03,285.7,25,D,0
39.3334,-121.7144,305.9,1.6,1.3,2018-10-27,1928,Terra,MODIS,50,6.03,282.9,11.7,D,0
39.3974,-122.036,303.8,1.6,1.2,2018-10-27,1928,Terra,MODIS,57,6.03,281.1,10.4,D,0
39.4008,-122.0535,311.3,1.6,1.2,2018-10-27,1928,Terra,MODIS,71,6.03,278.2,19.7,D,0
39.486,-122.24,306.8,1.5,1.2,2018-10-27,1928,Terra,MODIS,58,6.03,288.9,9.9,D,0
38.021,-101.0526,309.3,1.8,1.3,2018-10-27,1928,Aqua,MODIS,61,6.03,297.7,11.1,D,0
39.9223,-92.1646,305.4,1.1,1.1,2018-10-27,1928,Aqua,MODIS,61,6.03,292.1,5.5,D,0
39.9207,-92.1778,306.3,1.1,1.1,2018-10-27,1928,Aqua,MODIS,63,6.03,292.8,6.3,D,0
39.284,-96.8728,308.6,1.1,1,2018-10-27,1928,Aqua,MODIS,62,6.03,293.7,7.2,D,0
40.1822,-96.7636,307.3,1,1,2018-10-27,1928,Aqua,MODIS,61,6.03,295.1,5.2,D,0
41.2254,-97.7333,309.6,1.1,1,2018-10-27,1928,Aqua,MODIS,65,6.03,292.7,8.2,D,0
43.2691,-93.6347,311.3,1.1,1,2018-10-27,1929,Aqua,MODIS,71,6.03,284.8,13.7,D,0
33.4145,-110.8835,313.1,2,1.4,2018-10-27,2105,Aqua,MODIS,40,6.03,302.5,13.5,D,0
33.4178,-110.8666,321.1,2,1.4,2018-10-27,2105,Aqua,MODIS,72,6.03,303,30.3,D,2
33.4165,-110.861,318.4,2,1.4,2018-10-27,2105,Aqua,MODIS,66,6.03,303,24.6,D,2
36.2089,-118.6485,327,1,1,2018-10-27,2106,Aqua,MODIS,70,6.03,296.3,22.6,D,0
36.2209,-118.6286,316.7,1,1,2018-10-27,2106,Aqua,MODIS,38,6.03,288.8,12.4,D,0
36.2193,-118.6395,341.6,1,1,2018-10-27,2106,Aqua,MODIS,90,6.03,295.2,43.7,D,0
36.2178,-118.6505,328.8,1,1,2018-10-27,2106,Aqua,MODIS,62,6.03,295.1,24.2,D,0
37.6223,-119.0879,309,1,1,2018-10-27,2106,Aqua,MODIS,47,6.03,293.5,7.9,D,0
36.2183,-118.5831,315.6,1,1,2018-10-27,2106,Aqua,MODIS,61,6.03,287.3,13.8,D,0
39.0944,-121.4627,313.1,1.1,1,2018-10-27,2107,Aqua,MODIS,65,6.03,288.1,10.7,D,0
39.1855,-122.2523,331.5,1.1,1.1,2018-10-27,2107,Aqua,MODIS,87,6.03,290.3,32.6,D,0
39.1834,-122.265,311.9,1.1,1.1,2018-10-27,2107,Aqua,MODIS,61,6.03,290.1,9.2,D,0
39.3235,-121.7066,321.2,1.1,1,2018-10-27,2107,Aqua,MODIS,81,6.03,286.5,18.5,D,0
39.3501,-121.7077,304.9,1.1,1,2018-10-27,2107,Aqua,MODIS,48,6.03,285.9,4.2,D,0
39.4336,-122.2285,307.5,1.1,1.1,2018-10-27,2107,Aqua,MODIS,46,6.03,286.4,6,D,0
39.4386,-122.2366,310.1,1.1,1.1,2018-10-27,2107,Aqua,MODIS,67,6.03,287.1,8.1,D,0
39.7405,-121.9421,318.8,1.1,1,2018-10-27,2107,Aqua,MODIS,68,6.03,287,16.4,D,0
40.9249,-117.2596,314.6,1.1,1.1,2018-10-27,2107,Aqua,MODIS,58,6.03,293.6,8.9,D,0
42.146,-114.2839,314.1,1.6,1.3,2018-10-27,2107,Aqua,MODIS,74,6.03,272.1,30.3,D,0
41.4544,-121.4869,310.6,1,1,2018-10-27,2107,Aqua,MODIS,53,6.03,287.9,11.4,D,0
42.0493,-120.6643,306.3,1,1,2018-10-27,2107,Aqua,MODIS,63,6.03,284.4,7.5,D,0
42.7615,-116.8367,338.5,1.2,1.1,2018-10-27,2107,Aqua,MODIS,91,6.03,285.8,55.4,D,0
42.7598,-116.8516,367.5,1.2,1.1,2018-10-27,2107,Aqua,MODIS,100,6.03,289.6,146.6,D,0
42.7625,-116.8438,362.3,1.2,1.1,2018-10-27,2107,Aqua,MODIS,100,6.03,289.7,124.7,D,0
42.7609,-116.8589,327.8,1.2,1.1,2018-10-27,2107,Aqua,MODIS,85,6.03,287.3,34.2,D,0
42.7724,-116.8457,344.3,1.2,1.1,2018-10-27,2107,Aqua,MODIS,94,6.03,288.8,69.2,D,0
42.7707,-116.8606,317.8,1.2,1.1,2018-10-27,2107,Aqua,MODIS,78,6.03,288.4,21.1,D,0
42.7822,-116.8475,304.8,1.2,1.1,2018-10-27,2107,Aqua,MODIS,15,6.03,287.3,7.6,D,0
39.0924,-121.4747,329.9,1.1,1,2018-10-27,2107,Aqua,MODIS,86,6.03,283.9,29.7,D,0
45.8231,-118.2072,317.6,1.2,1.1,2018-10-27,2108,Aqua,MODIS,73,6.03,285,20.7,D,0
46.5854,-116.1723,303.3,1.5,1.2,2018-10-27,2108,Aqua,MODIS,56,6.03,282.6,13.1,D,0
44.7443,-116.015,300.9,1.4,1.2,2018-10-27,2108,Aqua,MODIS,40,6.03,277.2,8.8,D,0
47.3885,-120.1362,300.5,1.1,1,2018-10-27,2109,Aqua,MODIS,25,6.03,288.9,3.8,D,0
47.2141,-117.0582,300.4,1.4,1.2,2018-10-27,2109,Aqua,MODIS,36,6.03,288.3,5.6,D,0
47.8994,-116.4426,300.1,1.5,1.2,2018-10-27,2109,Aqua,MODIS,25,6.03,279.4,11.6,D,0
47.9517,-116.6338,307.5,1.5,1.2,2018-10-27,2109,Aqua,MODIS,66,6.03,285.4,17.4,D,0
48.3963,-116.3691,300,1.5,1.2,2018-10-27,2109,Aqua,MODIS,22,6.03,283.4,10.7,D,0
48.3121,-118.0146,300.1,1.3,1.1,2018-10-27,2109,Aqua,MODIS,28,6.03,284.3,8.1,D,0
48.3443,-118.8577,301,1.2,1.1,2018-10-27,2109,Aqua,MODIS,44,6.03,275.8,8.6,D,0
48.4867,-117.8977,303,1.3,1.1,2018-10-27,2109,Aqua,MODIS,55,6.03,282.9,10.7,D,0
31.1943,-98.6351,327.7,1.1,1,2018-10-28,0451,Terra,MODIS,100,6.03,290.4,29.6,N,0
31.556,-96.3924,304.1,1.3,1.1,2018-10-28,0451,Terra,MODIS,59,6.03,289.7,10.3,N,0
31.1957,-98.624,307.3,1.1,1,2018-10-28,0451,Terra,MODIS,71,6.03,290,9.3,N,0
36.2157,-118.6556,302.6,2.2,1.4,2018-10-28,0631,Terra,MODIS,50,6.03,285.9,21.1,N,0
36.203,-118.6516,304.1,2.2,1.4,2018-10-28,0631,Terra,MODIS,42,6.03,286.5,23,N,0
36.2176,-118.6328,301.8,2.2,1.4,2018-10-28,0631,Terra,MODIS,36,6.03,286.4,20.7,N,0
56.1866,-159.384,326.5,1,1,2018-10-28,0816,Terra,MODIS,96,6.03,266.9,0,N,1
33.0064,-110.7593,310.6,1.2,1.1,2018-10-28,0908,Aqua,MODIS,80,6.03,287.8,15,N,2
33.008,-110.7716,317.7,1.2,1.1,2018-10-28,0908,Aqua,MODIS,95,6.03,287.9,22.2,N,2
40.6399,-89.6391,300.4,1,1,2018-10-28,1653,Terra,MODIS,36,6.03,286.9,4.9,D,2
37.7076,-97.8523,305.8,2.3,1.5,2018-10-28,1654,Terra,MODIS,59,6.03,288,21.3,D,0
37.7057,-97.8269,300.3,2.2,1.5,2018-10-28,1654,Terra,MODIS,30,6.03,288.3,11.1,D,0
37.7105,-97.8593,300.6,2.3,1.5,2018-10-28,1654,Terra,MODIS,37,6.03,288,11.4,D,0
37.7085,-97.834,305,2.2,1.5,2018-10-28,1654,Terra,MODIS,52,6.03,288.3,19.4,D,0
36.5961,-92.0741,308.9,1.1,1,2018-10-28,1654,Terra,MODIS,68,6.03,291.7,8.5,D,0
38.6911,-90.1414,305.5,1,1,2018-10-28,1654,Terra,MODIS,54,6.03,293.1,5.4,D,2
38.1037,-88.4916,304.1,1,1,2018-10-28,1654,Terra,MODIS,58,6.03,291.7,4.6,D,0
37.2591,-87.7378,311.9,1.1,1,2018-10-28,1654,Terra,MODIS,42,6.03,288.5,11.7,D,0
37.4037,-88.9302,301.2,1,1,2018-10-28,1654,Terra,MODIS,43,6.03,290.8,4,D,0
38.5133,-88.0343,318.6,1,1,2018-10-28,1654,Terra,MODIS,79,6.03,291.9,16.5,D,0
38.6991,-90.1331,307.7,1,1,2018-10-28,1654,Terra,MODIS,62,6.03,293.5,5.9,D,2
38.6975,-90.1216,303.2,1,1,2018-10-28,1654,Terra,MODIS,0,6.03,291.7,2.9,D,2
32.3865,-89.2904,305.6,1.1,1,2018-10-28,1655,Terra,MODIS,55,6.03,295.5,4.3,D,0
32.3847,-89.2792,307.1,1.1,1,2018-10-28,1655,Terra,MODIS,60,6.03,296.3,5.4,D,0
32.3752,-89.6768,304.9,1,1,2018-10-28,1655,Terra,MODIS,24,6.03,294.9,3.8,D,0
32.2652,-82.6907,302.3,2.5,1.5,2018-10-28,1655,Terra,MODIS,51,6.03,292,15.9,D,0
32.3644,-89.6678,305.3,1,1,2018-10-28,1655,Terra,MODIS,25,6.03,295.2,3.9,D,0
32.2467,-89.7962,309.4,1,1,2018-10-28,1655,Terra,MODIS,64,6.03,295.8,6.6,D,0
32.5961,-89.3238,308.2,1.1,1,2018-10-28,1655,Terra,MODIS,62,6.03,296.1,5.6,D,0
32.2449,-89.7853,306.2,1,1,2018-10-28,1655,Terra,MODIS,54,6.03,294.6,4.1,D,0
32.2393,-89.809,309,1,1,2018-10-28,1655,Terra,MODIS,53,6.03,295.8,6.3,D,0
32.1558,-89.4639,305.3,1.1,1,2018-10-28,1655,Terra,MODIS,51,6.03,294.6,4.8,D,0
32.1099,-89.7534,306.1,1,1,2018-10-28,1655,Terra,MODIS,54,6.03,295.5,4.4,D,0
32.6405,-89.2031,311.8,1.1,1,2018-10-28,1655,Terra,MODIS,69,6.03,294.3,9.3,D,0
33.37,-89.354,311.2,1,1,2018-10-28,1655,Terra,MODIS,68,6.03,295,9,D,0
32.0668,-89.661,305.2,1.1,1,2018-10-28,1655,Terra,MODIS,53,6.03,294.9,4.5,D,0
32.712,-91.1484,309.1,1,1,2018-10-28,1655,Terra,MODIS,58,6.03,296.3,5.6,D,0
32.4924,-89.7129,309.6,1,1,2018-10-28,1655,Terra,MODIS,65,6.03,294.8,6.9,D,0
32.4906,-89.702,309.9,1,1,2018-10-28,1655,Terra,MODIS,65,6.03,294.6,7.2,D,0
30.034,-91.7554,315.4,1,1,2018-10-28,1656,Terra,MODIS,71,6.03,299.1,8.8,D,0
31.7731,-89.2719,315.6,1.1,1,2018-10-28,1656,Terra,MODIS,74,6.03,294.7,12.5,D,0
31.7713,-89.2607,314.1,1.1,1,2018-10-28,1656,Terra,MODIS,72,6.03,294.8,11.2,D,0
31.7659,-89.9757,307.1,1,1,2018-10-28,1656,Terra,MODIS,58,6.03,295.4,4.7,D,0
31.7135,-89.6492,314,1.1,1,2018-10-28,1656,Terra,MODIS,71,6.03,295.8,10.5,D,0
31.7117,-89.6382,310.5,1.1,1,2018-10-28,1656,Terra,MODIS,66,6.03,295.5,7.6,D,0
31.7874,-90.287,312.5,1,1,2018-10-28,1656,Terra,MODIS,69,6.03,295.1,8.7,D,0
31.7268,-90.2557,316.2,1,1,2018-10-28,1656,Terra,MODIS,74,6.03,296,11.5,D,0
30.9405,-88.0065,310.8,1.3,1.1,2018-10-28,1656,Terra,MODIS,67,6.03,296.2,10.9,D,2
31.2781,-90.1057,308.5,1,1,2018-10-28,1656,Terra,MODIS,61,6.03,295.5,5.6,D,0
30.7417,-87.2458,326.3,1.4,1.2,2018-10-28,1656,Terra,MODIS,83,6.03,296.7,36,D,0
30.7391,-87.2316,317.9,1.4,1.2,2018-10-28,1656,Terra,MODIS,76,6.03,296.3,21.5,D,0
31.28,-90.7127,308.6,1,1,2018-10-28,1656,Terra,MODIS,61,6.03,295.3,5.7,D,0
30.7325,-87.5899,340.2,1.3,1.1,2018-10-28,1656,Terra,MODIS,91,6.03,298.7,63.4,D,0
30.73,-87.5762,325.6,1.3,1.1,2018-10-28,1656,Terra,MODIS,83,6.03,296.1,32.3,D,0
32.309,-100.4342,307.2,2.9,1.6,2018-10-28,1656,Terra,MODIS,51,6.03,296.8,20.4,D,0
31.2062,-91.2595,316.4,1,1,2018-10-28,1656,Terra,MODIS,73,6.03,296,11.8,D,0
31.189,-91.3329,315.1,1,1,2018-10-28,1656,Terra,MODIS,72,6.03,295.9,11.1,D,0
31.1874,-91.3226,308.7,1,1,2018-10-28,1656,Terra,MODIS,60,6.03,295.6,6.2,D,0
31.0785,-90.6041,306,1,1,2018-10-28,1656,Terra,MODIS,52,6.03,295.3,4.1,D,0
31.0285,-92.3217,322.8,1,1,2018-10-28,1656,Terra,MODIS,80,6.03,300,13.7,D,0
31.027,-92.3112,320.8,1,1,2018-10-28,1656,Terra,MODIS,78,6.03,298.5,12,D,0
30.684,-90.6232,308.8,1,1,2018-10-28,1656,Terra,MODIS,60,6.03,297.4,5.5,D,0
30.823,-91.6632,312,1,1,2018-10-28,1656,Terra,MODIS,59,6.03,298.6,5.2,D,0
30.8215,-91.6529,326.4,1,1,2018-10-28,1656,Terra,MODIS,83,6.03,299.9,19.1,D,0
30.5721,-91.4661,321.2,1,1,2018-10-28,1656,Terra,MODIS,78,6.03,298.7,14.6,D,0
30.742,-92.9081,313.7,1,1,2018-10-28,1656,Terra,MODIS,70,6.03,296.6,9.9,D,0
30.431,-91.4468,314.6,1,1,2018-10-28,1656,Terra,MODIS,70,6.03,297.8,8.6,D,0
30.1067,-91.8718,319.4,1,1,2018-10-28,1656,Terra,MODIS,76,6.03,299.3,13,D,0
30.0012,-91.7196,309.5,1,1,2018-10-28,1656,Terra,MODIS,57,6.03,298.4,4.8,D,0
30.7296,-97.8771,308.2,1.8,1.3,2018-10-28,1656,Terra,MODIS,55,6.03,297.8,10.5,D,0
30.724,-97.8839,309,1.8,1.3,2018-10-28,1656,Terra,MODIS,58,6.03,297.5,12.4,D,0
29.6892,-90.5254,308.8,1,1,2018-10-28,1656,Terra,MODIS,57,6.03,298.1,4.7,D,0
27.7787,-81.8524,327.6,3.7,1.8,2018-10-28,1656,Terra,MODIS,70,6.03,295.3,160.4,D,0
27.7868,-81.8551,321.4,3.7,1.8,2018-10-28,1656,Terra,MODIS,74,6.03,295.5,108.8,D,0
27.7682,-81.8588,312.9,1.4,1.2,2018-10-28,1829,Aqua,MODIS,49,6.03,297.6,11.6,D,0
26.4909,-80.47,323.4,1.2,1.1,2018-10-28,1829,Aqua,MODIS,66,6.03,306.2,18.8,D,0
26.492,-80.4757,326.7,1.2,1.1,2018-10-28,1829,Aqua,MODIS,81,6.03,307.2,24.4,D,0
26.4591,-80.7305,322.9,1.2,1.1,2018-10-28,1829,Aqua,MODIS,68,6.03,306.7,18.4,D,0
27.7809,-81.8475,315.7,1.4,1.2,2018-10-28,1829,Aqua,MODIS,50,6.03,298.5,14.2,D,0
27.7785,-81.8611,335.1,1.4,1.2,2018-10-28,1829,Aqua,MODIS,83,6.03,300.7,50.4,D,0
28.4816,-80.6829,313.4,1.2,1.1,2018-10-28,1829,Aqua,MODIS,68,6.03,295.8,12.1,D,0
33.0079,-79.8796,303.3,1,1,2018-10-28,1830,Aqua,MODIS,53,6.03,293,4.9,D,2
29.9807,-90.7338,306.6,4.7,2,2018-10-28,1830,Aqua,MODIS,54,6.03,292.4,42.8,D,0
30.7174,-87.5859,315.3,2.8,1.6,2018-10-28,1830,Aqua,MODIS,70,6.03,295,47.3,D,0
30.7314,-87.59,321.8,2.8,1.6,2018-10-28,1830,Aqua,MODIS,79,6.03,295.2,75.7,D,0
30.7198,-87.5913,329.4,2.8,1.6,2018-10-28,1830,Aqua,MODIS,85,6.03,295.7,117,D,0
29.9798,-90.7371,306.4,4.7,2,2018-10-28,1830,Aqua,MODIS,54,6.03,292.4,41.6,D,0
33.0063,-79.8903,306.4,1,1,2018-10-28,1830,Aqua,MODIS,58,6.03,294.4,6.6,D,2
47.9716,-101.5859,302.3,2.1,1.4,2018-10-28,1830,Terra,MODIS,52,6.03,284.3,19.1,D,0
31.2706,-81.4445,315.8,1.2,1.1,2018-10-28,1830,Aqua,MODIS,75,6.03,295.4,14.8,D,0
31.2686,-81.4564,313.2,1.2,1.1,2018-10-28,1830,Aqua,MODIS,72,6.03,296.1,11.8,D,0
31.61,-82.5939,307.6,1.3,1.1,2018-10-28,1830,Aqua,MODIS,58,6.03,297.3,7,D,0
30.7335,-87.2379,330.7,2.7,1.6,2018-10-28,1830,Aqua,MODIS,86,6.03,296.3,111.5,D,0
30.7276,-87.2652,317.8,2.7,1.6,2018-10-28,1830,Aqua,MODIS,75,6.03,295.4,53.2,D,0
30.7471,-87.2421,316.9,2.7,1.6,2018-10-28,1830,Aqua,MODIS,74,6.03,294.4,49.1,D,0
35.6332,-77.9376,303.1,1.1,1,2018-10-28,1831,Aqua,MODIS,55,6.03,289.7,5.1,D,0
43.6914,-102.5499,322.1,2.5,1.5,2018-10-28,1831,Terra,MODIS,81,6.03,286,78.5,D,0
42.6868,-111.5871,308.6,1,1,2018-10-28,1831,Terra,MODIS,67,6.03,291.5,7.6,D,2
43.6985,-102.5796,339.1,2.5,1.5,2018-10-28,1831,Terra,MODIS,91,6.03,287.5,160.7,D,0
43.7114,-102.5734,307.6,2.5,1.5,2018-10-28,1831,Terra,MODIS,60,6.03,284.5,29.3,D,0
44.7643,-108.9028,305.8,1.1,1.1,2018-10-28,1831,Terra,MODIS,46,6.03,289.6,7.1,D,0
40.6311,-111.1217,310.3,1.1,1,2018-10-28,1832,Terra,MODIS,58,6.03,282.9,11.6,D,0
40.6332,-111.1341,317,1.1,1,2018-10-28,1832,Terra,MODIS,77,6.03,285.1,17.5,D,0
40.6424,-111.1322,306.5,1.1,1,2018-10-28,1832,Terra,MODIS,20,6.03,282.6,8.4,D,0
40.6404,-111.1198,312.4,1.1,1,2018-10-28,1832,Terra,MODIS,58,6.03,281.4,13.3,D,0
38.1074,-88.4929,306.7,2.1,1.4,2018-10-28,1832,Aqua,MODIS,64,6.03,292.1,19.5,D,0
38.1083,-88.5003,310.5,2.1,1.4,2018-10-28,1832,Aqua,MODIS,70,6.03,292.1,27,D,0
40.1406,-104.8876,322,2.3,1.5,2018-10-28,1832,Terra,MODIS,81,6.03,296.9,53.1,D,0
40.1464,-104.9131,323.5,2.3,1.5,2018-10-28,1832,Terra,MODIS,82,6.03,296.2,58.1,D,0
33.004,-110.7663,320,1.5,1.2,2018-10-28,1834,Terra,MODIS,72,6.03,302.6,19.2,D,2
27.2694,-97.8225,316.2,1.5,1.2,2018-10-28,2007,Aqua,MODIS,67,6.03,302.4,12.9,D,0
27.2801,-97.824,314.9,1.5,1.2,2018-10-28,2007,Aqua,MODIS,57,6.03,302.4,10.8,D,0
27.271,-97.8077,313.1,1.5,1.2,2018-10-28,2007,Aqua,MODIS,50,6.03,301.4,8.7,D,0
30.5426,-103.9365,320.7,1,1,2018-10-28,2008,Aqua,MODIS,71,6.03,303.5,10.1,D,0
29.9923,-98.5485,334.3,1.4,1.2,2018-10-28,2008,Aqua,MODIS,87,6.03,300.4,51.3,D,0
30.7389,-92.9106,308.6,3.6,1.8,2018-10-28,2008,Aqua,MODIS,57,6.03,296.7,34.5,D,0
33.8763,-94.3258,307.2,3.1,1.7,2018-10-28,2009,Aqua,MODIS,49,6.03,295.4,22.6,D,0
33.9851,-94.4726,312.4,3,1.7,2018-10-28,2009,Aqua,MODIS,66,6.03,295.3,41.2,D,0
33.986,-94.4809,312.2,3,1.7,2018-10-28,2009,Aqua,MODIS,66,6.03,295.3,40.1,D,0
35.8141,-106.7932,312.9,1.1,1,2018-10-28,2010,Aqua,MODIS,68,6.03,293.5,11.4,D,0
36.6837,-105.7395,325.7,1,1,2018-10-28,2010,Aqua,MODIS,83,6.03,295.8,20.3,D,0
36.682,-105.7505,344.2,1,1,2018-10-28,2010,Aqua,MODIS,93,6.03,296.5,48.5,D,0
37.5222,-100.8405,377.9,1.3,1.1,2018-10-28,2010,Aqua,MODIS,100,6.03,303,214.5,D,0
37.5206,-100.8555,329.9,1.3,1.1,2018-10-28,2010,Aqua,MODIS,85,6.03,297.9,36.1,D,0
37.5201,-100.8304,310.9,1.3,1.1,2018-10-28,2010,Aqua,MODIS,64,6.03,296.3,9,D,0
37.5185,-100.8454,316,1.3,1.1,2018-10-28,2010,Aqua,MODIS,72,6.03,299.2,15.1,D,0
37.5303,-100.8322,333.7,1.3,1.1,2018-10-28,2010,Aqua,MODIS,87,6.03,295.1,44.8,D,0
37.5287,-100.8472,370.4,1.3,1.1,2018-10-28,2010,Aqua,MODIS,100,6.03,300.6,173.2,D,0
38.3644,-107.9465,310.2,1.1,1.1,2018-10-28,2011,Aqua,MODIS,67,6.03,294.7,8.8,D,0
40.0417,-106.0897,340.9,1,1,2018-10-28,2011,Aqua,MODIS,92,6.03,290,43.7,D,0
40.04,-106.1013,349.1,1,1,2018-10-28,2011,Aqua,MODIS,96,6.03,295,58.9,D,0
40.6293,-111.1308,324.6,1.4,1.2,2018-10-28,2011,Aqua,MODIS,77,6.03,277.8,37.7,D,0
43.6954,-102.5739,309.6,1.3,1.1,2018-10-28,2012,Aqua,MODIS,67,6.03,291.9,10.4,D,0
29.9906,-90.452,315.4,1.4,1.2,2018-10-29,0356,Terra,MODIS,91,6.03,291.2,22.5,N,2
30.9439,-88.0092,302.3,1.1,1,2018-10-29,0356,Terra,MODIS,48,6.03,290.7,5.9,N,2
33.0012,-110.7743,300.3,1,1,2018-10-29,0535,Terra,MODIS,23,6.03,287.7,5.2,N,2
44.8934,-109.2561,310.1,1.5,1.2,2018-10-29,0538,Terra,MODIS,70,6.03,280.4,24.6,N,0
47.824,-116.7149,303.6,1,1,2018-10-29,0539,Terra,MODIS,56,6.03,275.4,10.3,N,0
29.9849,-90.4299,308,1.4,1.2,2018-10-29,0813,Aqua,MODIS,73,6.03,291.7,15.6,N,2
29.9875,-90.4442,325.9,1.4,1.2,2018-10-29,0813,Aqua,MODIS,100,6.03,292,42.3,N,2
36.2245,-118.6344,300.9,1,1,2018-10-29,0951,Aqua,MODIS,10,6.03,282,6.8,N,0
56.1872,-159.3841,348.4,1,1,2018-10-29,1303,Aqua,MODIS,100,6.03,267.5,0,N,1
56.1959,-159.3799,418.6,1,1,2018-10-29,1303,Aqua,MODIS,100,6.03,282,0,N,1
34.3788,-82.564,312.7,1.7,1.3,2018-10-29,1559,Terra,MODIS,73,6.03,291.6,23.7,D,0
34.6146,-82.7618,306.1,1.7,1.3,2018-10-29,1559,Terra,MODIS,63,6.03,292.2,13.8,D,0
35.7374,-79.0657,303.3,1.1,1.1,2018-10-29,1559,Terra,MODIS,42,6.03,289.1,7.3,D,0
36.0494,-77.6413,305.7,1,1,2018-10-29,1559,Terra,MODIS,62,6.03,290.5,6.8,D,0
36.237,-76.2961,307.3,1,1,2018-10-29,1559,Terra,MODIS,65,6.03,292.7,7.2,D,0
34.3806,-82.5822,306.1,1.7,1.3,2018-10-29,1559,Terra,MODIS,63,6.03,292.3,13.7,D,0
33.249,-83.2963,329.4,1.8,1.3,2018-10-29,1600,Terra,MODIS,81,6.03,293.3,61.5,D,0
33.5346,-83.2332,318.1,1.8,1.3,2018-10-29,1600,Terra,MODIS,78,6.03,292.8,36.2,D,0
33.5279,-83.24,316.9,1.8,1.3,2018-10-29,1600,Terra,MODIS,76,6.03,293.2,31.4,D,0
33.526,-83.2209,306,1.8,1.3,2018-10-29,1600,Terra,MODIS,32,6.03,291.7,12.8,D,0
33.0164,-79.8797,303.8,1.2,1.1,2018-10-29,1600,Terra,MODIS,52,6.03,293.2,5.6,D,2
33.1465,-81.1402,309.8,1.3,1.1,2018-10-29,1600,Terra,MODIS,69,6.03,294.5,12.3,D,0
33.104,-80.9478,307.6,1.3,1.1,2018-10-29,1600,Terra,MODIS,66,6.03,294.9,9.8,D,0
33.2554,-83.2885,316.7,1.8,1.3,2018-10-29,1600,Terra,MODIS,67,6.03,292.6,32.2,D,0
33.2436,-83.2901,341.5,1.8,1.3,2018-10-29,1600,Terra,MODIS,87,6.03,293.4,103.2,D,0
33.2471,-83.2772,325.1,1.8,1.3,2018-10-29,1600,Terra,MODIS,0,6.03,292.3,49.7,D,0
33.2354,-83.2788,307.4,1.8,1.3,2018-10-29,1600,Terra,MODIS,0,6.03,290.9,17.4,D,0
33.1094,-85.337,310.9,2.4,1.5,2018-10-29,1600,Terra,MODIS,71,6.03,290.6,36.6,D,0
32.713,-81.2534,309.3,1.3,1.1,2018-10-29,1600,Terra,MODIS,68,6.03,295.3,10.4,D,0
32.8108,-84.691,303.5,2.2,1.4,2018-10-29,1600,Terra,MODIS,56,6.03,291.4,17,D,0
32.8088,-84.6679,315.1,2.2,1.4,2018-10-29,1600,Terra,MODIS,75,6.03,291.1,42.3,D,0
32.1679,-81.1921,305.4,1.3,1.1,2018-10-29,1600,Terra,MODIS,53,6.03,293.8,5,D,0
32.6772,-87.9009,309.4,3.6,1.8,2018-10-29,1600,Terra,MODIS,65,6.03,291,54,D,0
32.5393,-86.3157,308.8,2.8,1.6,2018-10-29,1600,Terra,MODIS,68,6.03,291.6,33,D,0
32.5371,-86.286,311.2,2.8,1.6,2018-10-29,1600,Terra,MODIS,71,6.03,291.2,41,D,0
32.5344,-86.2921,315.7,2.8,1.6,2018-10-29,1600,Terra,MODIS,76,6.03,291.4,53.4,D,0
31.7859,-81.502,318.1,1.3,1.1,2018-10-29,1600,Terra,MODIS,76,6.03,296.1,20.5,D,0
31.7894,-81.5081,310.7,1.3,1.1,2018-10-29,1600,Terra,MODIS,34,6.03,296.6,11,D,0
31.7077,-81.2538,308.5,1.3,1.1,2018-10-29,1600,Terra,MODIS,0,6.03,295.9,9.7,D,0
31.8039,-83.6245,309.6,1.8,1.3,2018-10-29,1600,Terra,MODIS,66,6.03,296,14.6,D,0
31.9612,-85.8995,302.8,2.6,1.5,2018-10-29,1600,Terra,MODIS,47,6.03,291.9,15.1,D,0
31.7728,-84.9525,327.2,2.2,1.4,2018-10-29,1600,Terra,MODIS,84,6.03,294.3,77.6,D,0
31.7708,-84.9293,311.2,2.2,1.4,2018-10-29,1600,Terra,MODIS,69,6.03,293.2,28.8,D,0
31.6913,-84.1652,306.9,2,1.4,2018-10-29,1600,Terra,MODIS,56,6.03,295.6,10.6,D,0
31.6033,-85.2485,305.1,2.3,1.5,2018-10-29,1600,Terra,MODIS,55,6.03,293.1,15.1,D,0
31.5939,-85.2566,305.1,2.3,1.5,2018-10-29,1600,Terra,MODIS,54,6.03,293,15.6,D,0
31.5791,-85.56,312.5,2.4,1.5,2018-10-29,1600,Terra,MODIS,70,6.03,293.2,34.8,D,0
31.5711,-85.5671,309.9,2.4,1.5,2018-10-29,1600,Terra,MODIS,66,6.03,293.1,26.4,D,0
31.1966,-85.8951,308.1,2.5,1.5,2018-10-29,1600,Terra,MODIS,60,6.03,293.7,20.9,D,0
31.0681,-86.7169,303.9,2.9,1.6,2018-10-29,1600,Terra,MODIS,40,6.03,292.2,18.6,D,0
28.2188,-81.5882,316.5,1.2,1.1,2018-10-29,1601,Terra,MODIS,70,6.03,299.7,11.3,D,0
27.4501,-81.5449,311,1.2,1.1,2018-10-29,1601,Terra,MODIS,53,6.03,299.6,8,D,0
26.6465,-81.005,318.8,1.1,1.1,2018-10-29,1601,Terra,MODIS,72,6.03,299.1,14.1,D,0
26.6451,-80.9939,310.8,1.1,1.1,2018-10-29,1601,Terra,MODIS,36,6.03,298.9,5.8,D,0
26.6973,-81.4706,319.6,1.2,1.1,2018-10-29,1601,Terra,MODIS,73,6.03,301.9,12.9,D,0
26.6876,-81.472,320.2,1.2,1.1,2018-10-29,1601,Terra,MODIS,74,6.03,302.2,14,D,0
29.2405,-81.3682,308.6,1.2,1.1,2018-10-29,1601,Terra,MODIS,56,6.03,296.8,7.4,D,0
30.5232,-83.1186,308.8,1.6,1.2,2018-10-29,1601,Terra,MODIS,54,6.03,296.2,8.8,D,0
30.8636,-87.4182,311.1,3.2,1.7,2018-10-29,1601,Terra,MODIS,67,6.03,293.1,39.3,D,0
30.8666,-87.4253,306.3,3.2,1.7,2018-10-29,1601,Terra,MODIS,56,6.03,293.5,23.6,D,0
30.0579,-83.1299,309.9,1.6,1.2,2018-10-29,1601,Terra,MODIS,59,6.03,297.5,9,D,0
29.9714,-82.3259,306.6,1.4,1.2,2018-10-29,1601,Terra,MODIS,44,6.03,295,6.5,D,0
29.239,-81.3557,308.2,1.2,1.1,2018-10-29,1601,Terra,MODIS,54,6.03,295.8,7.1,D,0
29.3408,-82.4021,311.4,1.4,1.2,2018-10-29,1601,Terra,MODIS,63,6.03,297.1,9.3,D,0
29.3359,-82.4095,309.8,1.4,1.2,2018-10-29,1601,Terra,MODIS,44,6.03,296.5,7.3,D,0
28.8253,-80.9749,312.2,1.2,1.1,2018-10-29,1601,Terra,MODIS,63,6.03,298.2,9.6,D,0
28.4095,-81.6481,310.5,1.2,1.1,2018-10-29,1601,Terra,MODIS,40,6.03,299,6.3,D,0
26.4956,-80.8456,315.9,1.1,1,2018-10-29,1602,Terra,MODIS,67,6.03,302.8,10.2,D,0
26.3105,-81.242,314.3,1.1,1.1,2018-10-29,1602,Terra,MODIS,67,6.03,300.1,9.7,D,0
39.3672,-91.8009,302.3,2.1,1.4,2018-10-29,1736,Terra,MODIS,51,6.03,290.3,11.5,D,0
36.1047,-91.0421,303.8,2.9,1.6,2018-10-29,1737,Terra,MODIS,53,6.03,291.4,20.9,D,0
38.6485,-92.7541,303.2,2,1.4,2018-10-29,1737,Terra,MODIS,27,6.03,287.2,10.9,D,0
38.6366,-92.7582,303,2,1.4,2018-10-29,1737,Terra,MODIS,37,6.03,287.3,10.3,D,0
38.6319,-92.7364,304,2,1.4,2018-10-29,1737,Terra,MODIS,51,6.03,286.1,12.7,D,0
38.6454,-92.7609,303.3,2,1.4,2018-10-29,1737,Terra,MODIS,56,6.03,287.5,11.8,D,2
38.6408,-92.739,314.9,2,1.4,2018-10-29,1737,Terra,MODIS,75,6.03,286.8,34.2,D,0
38.549,-93.259,320.9,1.8,1.3,2018-10-29,1737,Terra,MODIS,80,6.03,292.1,44,D,0
40.3701,-105.5669,312.5,1.6,1.2,2018-10-29,1737,Terra,MODIS,73,6.03,293.5,21.4,D,0
39.1313,-105.1041,316.9,1.4,1.2,2018-10-29,1737,Terra,MODIS,77,6.03,296.1,21.3,D,0
39.1329,-105.1203,318.7,1.4,1.2,2018-10-29,1737,Terra,MODIS,79,6.03,297.1,23.2,D,0
37.6843,-96.8643,305.5,1.2,1.1,2018-10-29,1737,Terra,MODIS,62,6.03,289.3,7.7,D,0
36.1056,-91.0349,302.2,2.9,1.6,2018-10-29,1737,Terra,MODIS,42,6.03,291.5,16.1,D,0
31.5634,-93.3049,309,2.7,1.6,2018-10-29,1738,Terra,MODIS,39,6.03,294.1,24.1,D,0
37.0219,-106.6633,300.7,1.7,1.3,2018-10-29,1738,Terra,MODIS,11,6.03,284.8,11.9,D,0
37.0201,-106.6441,301.3,1.7,1.3,2018-10-29,1738,Terra,MODIS,34,6.03,280.7,13.7,D,0
34.7061,-92.9588,306.1,2.4,1.5,2018-10-29,1738,Terra,MODIS,63,6.03,287.5,24.1,D,0
34.7006,-92.9339,307.6,2.4,1.5,2018-10-29,1738,Terra,MODIS,66,6.03,286.9,27.7,D,0
36.1991,-105.6203,309.7,1.4,1.2,2018-10-29,1738,Terra,MODIS,69,6.03,290.3,15.6,D,0
34.2968,-95.0269,342.5,1.8,1.3,2018-10-29,1738,Terra,MODIS,93,6.03,295.3,111.1,D,0
34.2929,-95.0075,328.5,1.8,1.3,2018-10-29,1738,Terra,MODIS,86,6.03,294.6,61.5,D,0
33.3718,-93.0533,304.4,2.5,1.5,2018-10-29,1738,Terra,MODIS,57,6.03,285.9,20.5,D,0
33.3658,-93.0266,344.4,2.6,1.5,2018-10-29,1738,Terra,MODIS,94,6.03,287.5,200.5,D,0
33.3599,-93.0001,303.2,2.6,1.5,2018-10-29,1738,Terra,MODIS,42,6.03,286.8,17.2,D,0
33.3734,-93.031,332.7,2.6,1.5,2018-10-29,1738,Terra,MODIS,88,6.03,286.9,121.6,D,0
33.3599,-93.0352,313.9,2.6,1.5,2018-10-29,1738,Terra,MODIS,73,6.03,285.7,43.8,D,0
33.7162,-95.2313,313.3,1.8,1.3,2018-10-29,1738,Terra,MODIS,71,6.03,295.6,20.1,D,0
33.7215,-95.2353,309.5,1.8,1.3,2018-10-29,1738,Terra,MODIS,65,6.03,295.4,14.9,D,0
33.7177,-95.2163,309.4,1.8,1.3,2018-10-29,1738,Terra,MODIS,64,6.03,295.5,15.2,D,0
32.9069,-95.02,308.8,2,1.4,2018-10-29,1738,Terra,MODIS,61,6.03,296.9,14,D,0
33.1036,-100.1649,310.6,1.1,1,2018-10-29,1738,Terra,MODIS,61,6.03,297.7,6.7,D,0
31.8151,-93.4426,307.3,2.6,1.6,2018-10-29,1738,Terra,MODIS,58,6.03,292.6,22.8,D,0
31.5803,-92.7248,318.6,3,1.6,2018-10-29,1738,Terra,MODIS,71,6.03,295.5,62.3,D,0
31.5801,-92.7316,311.7,3,1.6,2018-10-29,1738,Terra,MODIS,59,6.03,295.5,38.8,D,0
31.5734,-92.7014,310.7,3,1.6,2018-10-29,1738,Terra,MODIS,58,6.03,295.2,35.8,D,0
31.3927,-92.182,329.8,3.3,1.7,2018-10-29,1738,Terra,MODIS,85,6.03,296.8,144.4,D,0
31.3956,-92.1864,327.5,3.3,1.7,2018-10-29,1738,Terra,MODIS,84,6.03,296.7,129.1,D,0
31.3882,-92.1532,307.2,3.3,1.7,2018-10-29,1738,Terra,MODIS,59,6.03,296.2,27.8,D,0
31.5731,-93.3248,320.9,2.7,1.6,2018-10-29,1738,Terra,MODIS,79,6.03,294.6,70.3,D,0
31.5694,-93.3328,316.3,2.7,1.6,2018-10-29,1738,Terra,MODIS,74,6.03,294.3,48.4,D,0
32.4798,-101.2001,311.1,1,1,2018-10-29,1739,Terra,MODIS,60,6.03,297.9,5.6,D,0
32.3132,-100.431,318.5,1.1,1,2018-10-29,1739,Terra,MODIS,74,6.03,298,14,D,0
30.4728,-91.2417,307.3,4,1.9,2018-10-29,1739,Terra,MODIS,51,6.03,296.3,28.6,D,0
31.9213,-98.9844,308.4,1.2,1.1,2018-10-29,1739,Terra,MODIS,53,6.03,297.9,5.6,D,0
32.1571,-101.9372,316.4,1,1,2018-10-29,1739,Terra,MODIS,71,6.03,295.3,9.7,D,0
32.1555,-101.9268,332.9,1,1,2018-10-29,1739,Terra,MODIS,86,6.03,295.1,27.9,D,0
32.084,-101.6936,317.8,1,1,2018-10-29,1739,Terra,MODIS,73,6.03,293.9,11.7,D,0
30.5609,-94.1258,313.4,2.5,1.5,2018-10-29,1739,Terra,MODIS,69,6.03,294.9,36.1,D,0
31.1514,-99.0122,310.9,1.2,1.1,2018-10-29,1739,Terra,MODIS,63,6.03,296.6,8.4,D,0
31.0619,-98.6164,307.1,1.3,1.1,2018-10-29,1739,Terra,MODIS,52,6.03,295.9,6.2,D,0
31.6683,-103.2838,308.4,1,1,2018-10-29,1739,Terra,MODIS,32,6.03,296.8,4.6,D,0
31.2082,-101.2258,326.8,1,1,2018-10-29,1739,Terra,MODIS,82,6.03,297.5,22.3,D,0
30.895,-99.3736,308.5,1.2,1.1,2018-10-29,1739,Terra,MODIS,57,6.03,297.8,6.1,D,0
29.7589,-93.8678,309.7,2.8,1.6,2018-10-29,1739,Terra,MODIS,0,6.03,297.7,23.8,D,0
31.0881,-101.4046,309.4,1,1,2018-10-29,1739,Terra,MODIS,57,6.03,297.9,5.4,D,0
30.6128,-100.9693,319.7,1,1,2018-10-29,1739,Terra,MODIS,76,6.03,297.1,14.9,D,0
32.2062,-98.2602,309.8,1.3,1.1,2018-10-29,1739,Terra,MODIS,58,6.03,298.6,6.9,D,0
30.9168,-91.0686,325.2,4,1.9,2018-10-29,1739,Terra,MODIS,82,6.03,294.6,150.8,D,0
30.9329,-91.0634,305.8,4,1.9,2018-10-29,1739,Terra,MODIS,54,6.03,293.9,31,D,0
30.9222,-91.0613,325.6,4,1.9,2018-10-29,1739,Terra,MODIS,83,6.03,294.5,154.4,D,0
30.9319,-91.1011,307.3,3.9,1.8,2018-10-29,1739,Terra,MODIS,59,6.03,294.2,36.6,D,0
26.6414,-98.4252,313.7,1.6,1.2,2018-10-29,1740,Terra,MODIS,64,6.03,296.9,15.4,D,0
29.9716,-81.8882,331.5,2.2,1.4,2018-10-29,1912,Aqua,MODIS,85,6.03,297.3,85.8,D,0
26.7637,-81.1559,311.1,2.2,1.5,2018-10-29,1912,Aqua,MODIS,46,6.03,300.1,14.3,D,0
26.2904,-97.8823,318.3,3.3,1.7,2018-10-29,1912,Aqua,MODIS,73,6.03,296,53.5,D,0
26.2936,-97.8762,318.9,3.3,1.7,2018-10-29,1912,Aqua,MODIS,73,6.03,295.4,57.4,D,0
26.7617,-81.1782,312.9,2.2,1.4,2018-10-29,1912,Aqua,MODIS,58,6.03,302.7,18.5,D,0
29.7325,-82.9778,334.4,1.8,1.3,2018-10-29,1912,Aqua,MODIS,87,6.03,297.7,71.1,D,0
32.6722,-87.8981,309.3,1.1,1,2018-10-29,1913,Aqua,MODIS,65,6.03,295.7,6.8,D,0
30.32,-84.1562,313.5,1.6,1.2,2018-10-29,1913,Aqua,MODIS,66,6.03,295.5,15,D,0
30.331,-84.1578,328.2,1.6,1.2,2018-10-29,1913,Aqua,MODIS,83,6.03,297.6,42.8,D,0
30.7044,-83.0679,311.5,1.9,1.3,2018-10-29,1913,Aqua,MODIS,62,6.03,298.2,17.2,D,0
30.7112,-84.5637,329.5,1.5,1.2,2018-10-29,1913,Aqua,MODIS,84,6.03,298.4,42.5,D,0
30.7096,-84.5792,326.4,1.5,1.2,2018-10-29,1913,Aqua,MODIS,82,6.03,298.5,35.8,D,0
29.8272,-91.604,312.6,1.1,1.1,2018-10-29,1913,Aqua,MODIS,63,6.03,300.8,7.4,D,0
29.9997,-90.704,334.1,1,1,2018-10-29,1913,Aqua,MODIS,87,6.03,301,31.3,D,0
29.9545,-91.0521,318.5,1.1,1,2018-10-29,1913,Aqua,MODIS,74,6.03,301,12.2,D,0
29.9528,-91.0631,314,1.1,1,2018-10-29,1913,Aqua,MODIS,67,6.03,301.5,8.3,D,0
29.8778,-91.5912,315.1,1.1,1.1,2018-10-29,1913,Aqua,MODIS,64,6.03,300.1,8.8,D,0
29.8872,-91.5933,320.8,1.1,1.1,2018-10-29,1913,Aqua,MODIS,76,6.03,301.9,15.7,D,0
30.0195,-91.0498,314.8,1.1,1,2018-10-29,1913,Aqua,MODIS,68,6.03,301.3,7.7,D,0
30.0269,-91.0627,313,1.1,1,2018-10-29,1913,Aqua,MODIS,65,6.03,300.8,6,D,0
30.0573,-90.9902,312.8,1.1,1,2018-10-29,1913,Aqua,MODIS,57,6.03,300.3,7.1,D,0
30.0521,-91.0229,321.7,1.1,1,2018-10-29,1913,Aqua,MODIS,77,6.03,301.3,14.7,D,0
29.9422,-91.7675,315.6,1.1,1.1,2018-10-29,1913,Aqua,MODIS,70,6.03,300.9,10.1,D,0
30.0618,-91.0815,313,1.1,1,2018-10-29,1913,Aqua,MODIS,65,6.03,301,7,D,0
29.9686,-91.7252,313.4,1.1,1.1,2018-10-29,1913,Aqua,MODIS,61,6.03,301.1,7.7,D,0
29.9667,-91.7367,314.5,1.1,1.1,2018-10-29,1913,Aqua,MODIS,68,6.03,300.5,8.2,D,0
30.1602,-91.0402,315.5,1.1,1,2018-10-29,1913,Aqua,MODIS,55,6.03,301.6,8.2,D,0
30.1585,-91.0511,316.4,1.1,1,2018-10-29,1913,Aqua,MODIS,63,6.03,300.4,9.3,D,0
30.0203,-91.9727,312.3,1.2,1.1,2018-10-29,1913,Aqua,MODIS,64,6.03,300.4,8,D,0
30.0341,-92.0936,318.8,1.2,1.1,2018-10-29,1913,Aqua,MODIS,74,6.03,300.7,14.9,D,0
30.1154,-91.7216,316,1.1,1.1,2018-10-29,1913,Aqua,MODIS,70,6.03,299.9,11,D,0
30.1135,-91.7331,314.6,1.1,1.1,2018-10-29,1913,Aqua,MODIS,68,6.03,300.1,9.2,D,0
29.7551,-93.8716,312.6,1.5,1.2,2018-10-29,1913,Aqua,MODIS,0,6.03,300.5,12.4,D,0
30.2289,-91.2548,312.4,1.1,1,2018-10-29,1913,Aqua,MODIS,51,6.03,300,6.9,D,0
30.2272,-91.2659,319.9,1.1,1,2018-10-29,1913,Aqua,MODIS,75,6.03,300.4,14.5,D,0
30.1978,-91.7213,312,1.1,1.1,2018-10-29,1913,Aqua,MODIS,63,6.03,299.5,8,D,0
30.1174,-92.2053,314.6,1.2,1.1,2018-10-29,1913,Aqua,MODIS,68,6.03,300.1,10.6,D,0
30.7991,-87.685,327.8,1.1,1,2018-10-29,1913,Aqua,MODIS,83,6.03,298.1,24.1,D,0
30.8518,-87.423,312.4,1.1,1,2018-10-29,1913,Aqua,MODIS,57,6.03,297.8,7.4,D,0
30.8625,-87.4134,345.9,1.1,1,2018-10-29,1913,Aqua,MODIS,94,6.03,298.3,55.2,D,0
30.861,-87.4247,381,1.1,1,2018-10-29,1913,Aqua,MODIS,100,6.03,303.6,170.9,D,0
30.748,-88.2803,311.2,1,1,2018-10-29,1913,Aqua,MODIS,62,6.03,298.5,5.4,D,0
30.688,-88.7836,323.9,1,1,2018-10-29,1913,Aqua,MODIS,80,6.03,297.9,18.6,D,0
30.6866,-88.794,318.7,1,1,2018-10-29,1913,Aqua,MODIS,74,6.03,297.7,13.4,D,0
31.0785,-86.0031,321.7,1.2,1.1,2018-10-29,1913,Aqua,MODIS,77,6.03,297.4,20.2,D,0
31.077,-86.0161,327.5,1.2,1.1,2018-10-29,1913,Aqua,MODIS,82,6.03,299.8,29.1,D,0
31.3194,-84.6305,359.7,1.5,1.2,2018-10-29,1913,Aqua,MODIS,99,6.03,302.4,146.8,D,0
31.3177,-84.6461,315.7,1.5,1.2,2018-10-29,1913,Aqua,MODIS,70,6.03,299.6,16.4,D,0
31.1919,-85.8936,339,1.3,1.1,2018-10-29,1913,Aqua,MODIS,90,6.03,299.1,52.6,D,0
30.4604,-91.2422,341.4,1.1,1,2018-10-29,1913,Aqua,MODIS,91,6.03,300.9,44.4,D,0
30.4586,-91.2532,343.1,1.1,1,2018-10-29,1913,Aqua,MODIS,92,6.03,302.6,48.3,D,0
30.9402,-88.0109,310,1,1,2018-10-29,1913,Aqua,MODIS,60,6.03,299.5,6,D,2
30.4696,-91.2441,329,1.1,1,2018-10-29,1913,Aqua,MODIS,84,6.03,301.8,24,D,0
30.4678,-91.2552,333.7,1.1,1,2018-10-29,1913,Aqua,MODIS,87,6.03,302.1,31.3,D,0
31.1265,-86.776,333.3,1.1,1.1,2018-10-29,1913,Aqua,MODIS,87,6.03,296.6,36.1,D,0
31.125,-86.7879,340.7,1.1,1.1,2018-10-29,1913,Aqua,MODIS,91,6.03,298,50.1,D,0
31.136,-86.7775,323.5,1.1,1.1,2018-10-29,1913,Aqua,MODIS,79,6.03,296.2,22.5,D,0
31.1345,-86.7894,333,1.1,1.1,2018-10-29,1913,Aqua,MODIS,87,6.03,297,36.9,D,0
30.5422,-91.3123,313.1,1.1,1,2018-10-29,1913,Aqua,MODIS,51,6.03,299.6,7.5,D,0
30.5496,-91.3254,312.6,1.1,1,2018-10-29,1913,Aqua,MODIS,44,6.03,300.8,6.8,D,0
30.578,-91.447,311,1.1,1,2018-10-29,1913,Aqua,MODIS,53,6.03,300.8,5.4,D,0
30.5762,-91.4582,314.4,1.1,1,2018-10-29,1913,Aqua,MODIS,67,6.03,301.8,8.4,D,0
31.034,-88.4765,324.3,1,1,2018-10-29,1913,Aqua,MODIS,80,6.03,298,18.7,D,0
31.0326,-88.4871,318.5,1,1,2018-10-29,1913,Aqua,MODIS,75,6.03,297.9,12.7,D,0
30.6108,-91.5177,312.2,1.1,1,2018-10-29,1913,Aqua,MODIS,48,6.03,300.9,6.8,D,0
31.1828,-87.6309,314.4,1.1,1,2018-10-29,1913,Aqua,MODIS,69,6.03,296.8,9.7,D,0
30.6403,-91.5125,322.4,1.1,1,2018-10-29,1913,Aqua,MODIS,78,6.03,302.4,17.7,D,0
31.4598,-85.9552,349.7,1.3,1.1,2018-10-29,1913,Aqua,MODIS,95,6.03,298.2,82.2,D,0
31.4583,-85.9684,318.4,1.3,1.1,2018-10-29,1913,Aqua,MODIS,75,6.03,297.1,17.5,D,0
31.3972,-86.6558,306,1.2,1.1,2018-10-29,1913,Aqua,MODIS,46,6.03,295.2,4.9,D,0
30.7827,-91.0807,311.7,1.1,1,2018-10-29,1913,Aqua,MODIS,57,6.03,298,6.7,D,0
31.5845,-85.122,313.1,1.4,1.2,2018-10-29,1913,Aqua,MODIS,67,6.03,296.8,14.8,D,0
31.5829,-85.1368,311.6,1.4,1.2,2018-10-29,1913,Aqua,MODIS,65,6.03,297,12.5,D,0
30.7919,-91.0827,318.8,1.1,1,2018-10-29,1913,Aqua,MODIS,74,6.03,297.9,13.6,D,0
31.5908,-85.2572,322,1.4,1.2,2018-10-29,1913,Aqua,MODIS,79,6.03,297.4,25.9,D,0
31.6012,-85.2588,347,1.4,1.2,2018-10-29,1913,Aqua,MODIS,94,6.03,298.6,83.4,D,0
31.5996,-85.2733,330.8,1.4,1.2,2018-10-29,1913,Aqua,MODIS,85,6.03,298.8,40.3,D,0
31.5973,-85.2487,316,1.4,1.2,2018-10-29,1913,Aqua,MODIS,59,6.03,296,15.9,D,0
31.5957,-85.2634,347,1.4,1.2,2018-10-29,1913,Aqua,MODIS,94,6.03,300.6,84.7,D,0
31.5737,-85.5639,313.6,1.3,1.1,2018-10-29,1913,Aqua,MODIS,69,6.03,298.1,13.4,D,0
30.7712,-91.7296,327.5,1.1,1.1,2018-10-29,1913,Aqua,MODIS,83,6.03,302.2,23.2,D,0
31.3864,-87.622,306.1,1.1,1,2018-10-29,1913,Aqua,MODIS,23,6.03,295.6,4,D,0
31.3849,-87.6332,338.6,1.1,1,2018-10-29,1913,Aqua,MODIS,90,6.03,297.4,42,D,0
31.3942,-87.6348,311.2,1.1,1,2018-10-29,1913,Aqua,MODIS,65,6.03,296.2,7.9,D,0
30.9229,-91.0667,317.1,1.1,1,2018-10-29,1913,Aqua,MODIS,72,6.03,297.7,12.4,D,0
30.9212,-91.0776,327.1,1.1,1,2018-10-29,1913,Aqua,MODIS,82,6.03,300.8,23.7,D,0
30.6788,-92.606,312.3,1.2,1.1,2018-10-29,1913,Aqua,MODIS,65,6.03,298.5,9.9,D,0
31.7643,-84.9473,307.8,1.5,1.2,2018-10-29,1913,Aqua,MODIS,57,6.03,297.3,9.3,D,0
30.7753,-92.272,317.7,1.2,1.1,2018-10-29,1913,Aqua,MODIS,74,6.03,297.2,14.8,D,0
30.7733,-92.284,372.4,1.2,1.1,2018-10-29,1913,Aqua,MODIS,100,6.03,301.4,153.4,D,0
30.8221,-92.0482,309.9,1.1,1.1,2018-10-29,1913,Aqua,MODIS,56,6.03,297.5,6.5,D,0
30.7828,-92.2862,325,1.2,1.1,2018-10-29,1913,Aqua,MODIS,81,6.03,298.6,23.8,D,0
31.9582,-83.3752,315.6,1.8,1.3,2018-10-29,1913,Aqua,MODIS,72,6.03,296.9,24.9,D,0
31.0848,-90.4396,310.7,1,1,2018-10-29,1913,Aqua,MODIS,61,6.03,298.9,6.5,D,0
31.9631,-83.3813,317.6,1.8,1.3,2018-10-29,1913,Aqua,MODIS,75,6.03,297.1,26.9,D,0
31.9834,-83.4231,307.9,1.8,1.3,2018-10-29,1913,Aqua,MODIS,34,6.03,297.5,10,D,0
31.8043,-85.2177,332.6,1.4,1.2,2018-10-29,1913,Aqua,MODIS,87,6.03,296.9,47.7,D,0
31.8027,-85.2325,325.1,1.4,1.2,2018-10-29,1913,Aqua,MODIS,82,6.03,297.6,32.8,D,0
31.8148,-85.2192,361.6,1.4,1.2,2018-10-29,1913,Aqua,MODIS,100,6.03,300.2,144.2,D,0
31.8132,-85.234,333.8,1.4,1.2,2018-10-29,1913,Aqua,MODIS,88,6.03,299,50.5,D,0
31.8253,-85.2208,311.9,1.4,1.2,2018-10-29,1913,Aqua,MODIS,67,6.03,298.1,13.1,D,0
31.6748,-86.5436,322.9,1.2,1.1,2018-10-29,1913,Aqua,MODIS,80,6.03,295.6,23.7,D,0
31.6734,-86.556,318.5,1.2,1.1,2018-10-29,1913,Aqua,MODIS,76,6.03,296.2,18,D,0
30.567,-94.1239,337.1,1.5,1.2,2018-10-29,1913,Aqua,MODIS,89,6.03,297.5,63.9,D,0
30.5643,-94.139,335.1,1.5,1.2,2018-10-29,1913,Aqua,MODIS,88,6.03,296.5,58.5,D,0
31.5232,-88.4684,322.9,1,1,2018-10-29,1913,Aqua,MODIS,80,6.03,296.4,18.1,D,0
31.5218,-88.479,339.3,1,1,2018-10-29,1913,Aqua,MODIS,91,6.03,298.8,40.5,D,0
32.0675,-83.8757,308.2,1.7,1.3,2018-10-29,1913,Aqua,MODIS,45,6.03,298.1,9.2,D,0
31.6369,-88.2311,316.8,1,1,2018-10-29,1913,Aqua,MODIS,74,6.03,297,12.4,D,0
31.721,-87.7292,323.6,1.1,1,2018-10-29,1913,Aqua,MODIS,81,6.03,296.1,21.1,D,0
31.7196,-87.7403,317.5,1.1,1,2018-10-29,1913,Aqua,MODIS,75,6.03,296.3,14.5,D,0
30.9275,-93.0125,330.2,1.3,1.1,2018-10-29,1913,Aqua,MODIS,85,6.03,299.4,35.4,D,0
30.9252,-93.0255,310.8,1.3,1.1,2018-10-29,1913,Aqua,MODIS,63,6.03,298.2,8.3,D,0
31.9617,-85.9149,307.7,1.3,1.1,2018-10-29,1913,Aqua,MODIS,60,6.03,295.9,8.3,D,0
32.2094,-83.9257,327.6,1.7,1.3,2018-10-29,1913,Aqua,MODIS,84,6.03,296.6,49.6,D,0
32.2077,-83.9437,332.5,1.7,1.3,2018-10-29,1913,Aqua,MODIS,87,6.03,298.4,63.5,D,0
32.4364,-81.4409,324.4,2.5,1.5,2018-10-29,1913,Aqua,MODIS,77,6.03,296.6,76.6,D,0
32.4343,-81.4676,329.7,2.5,1.5,2018-10-29,1913,Aqua,MODIS,81,6.03,298.8,100.1,D,0
32.2192,-83.9453,307.5,1.7,1.3,2018-10-29,1913,Aqua,MODIS,60,6.03,296.8,10.6,D,0
31.3803,-90.7441,309,1,1,2018-10-29,1913,Aqua,MODIS,56,6.03,297.8,5.3,D,0
31.6406,-89.7344,310.1,1,1,2018-10-29,1913,Aqua,MODIS,62,6.03,298.6,5.2,D,0
31.6391,-89.7448,312.6,1,1,2018-10-29,1913,Aqua,MODIS,67,6.03,301.3,7.1,D,0
32.657,-80.4436,318.8,3,1.6,2018-10-29,1913,Aqua,MODIS,73,6.03,295.5,70.3,D,0
31.1672,-92.8145,308.4,1.2,1.1,2018-10-29,1913,Aqua,MODIS,56,6.03,295.7,6.9,D,0
31.1651,-92.8271,309.4,1.2,1.1,2018-10-29,1913,Aqua,MODIS,59,6.03,297.8,7.7,D,0
32.6585,-80.4515,322.7,3,1.6,2018-10-29,1913,Aqua,MODIS,76,6.03,296,90.1,D,0
31.5964,-90.3548,310.9,1,1,2018-10-29,1913,Aqua,MODIS,62,6.03,297.7,5.9,D,0
31.3895,-92.1817,328.6,1.1,1.1,2018-10-29,1913,Aqua,MODIS,84,6.03,300.2,26.9,D,0
31.3989,-92.1839,322.6,1.1,1.1,2018-10-29,1913,Aqua,MODIS,79,6.03,299.6,19.7,D,0
32.0339,-88.15,327.6,1,1,2018-10-29,1913,Aqua,MODIS,84,6.03,296,25.4,D,0
31.8451,-89.5306,332.4,1,1,2018-10-29,1913,Aqua,MODIS,87,6.03,297.7,28.7,D,0
31.9526,-89.8752,309.5,1,1,2018-10-29,1913,Aqua,MODIS,51,6.03,296.9,5.3,D,0
31.5771,-92.7203,329.5,1.2,1.1,2018-10-29,1913,Aqua,MODIS,80,6.03,298.4,32,D,0
32.1616,-89.0518,308.5,1,1,2018-10-29,1913,Aqua,MODIS,61,6.03,296.2,5.6,D,0
32.1601,-89.0623,306.5,1,1,2018-10-29,1913,Aqua,MODIS,55,6.03,295.9,4.3,D,0
31.9248,-90.6875,324,1,1,2018-10-29,1913,Aqua,MODIS,80,6.03,299.3,18.8,D,0
31.7753,-91.7029,316.1,1.1,1,2018-10-29,1913,Aqua,MODIS,72,6.03,300.8,9.9,D,0
32.5283,-86.2942,309.5,1.3,1.1,2018-10-29,1913,Aqua,MODIS,65,6.03,294.4,8.4,D,0
32.5268,-86.3074,328.9,1.3,1.1,2018-10-29,1913,Aqua,MODIS,85,6.03,296.3,34.2,D,0
32.5367,-86.309,307.3,1.3,1.1,2018-10-29,1913,Aqua,MODIS,52,6.03,297.2,6.3,D,0
31.5663,-93.3171,325.7,1.3,1.1,2018-10-29,1913,Aqua,MODIS,82,6.03,295.1,28.1,D,0
31.564,-93.3303,344.9,1.3,1.1,2018-10-29,1913,Aqua,MODIS,93,6.03,297.6,69.5,D,0
31.5646,-93.3221,325.5,1.3,1.1,2018-10-29,1913,Aqua,MODIS,82,6.03,295.6,28,D,0
31.5622,-93.3353,311.6,1.3,1.1,2018-10-29,1913,Aqua,MODIS,22,6.03,296,9.5,D,0
31.5745,-93.3246,333.8,1.3,1.1,2018-10-29,1913,Aqua,MODIS,88,6.03,296.3,44.2,D,0
31.5721,-93.3378,321.5,1.3,1.1,2018-10-29,1913,Aqua,MODIS,79,6.03,296.4,22.9,D,0
32.9952,-82.1889,305.1,2.3,1.5,2018-10-29,1913,Aqua,MODIS,59,6.03,295.1,14.6,D,0
32.8061,-84.666,310.9,1.6,1.2,2018-10-29,1913,Aqua,MODIS,69,6.03,292.8,16.9,D,0
32.8044,-84.6826,325.4,1.6,1.2,2018-10-29,1913,Aqua,MODIS,83,6.03,294.3,42.5,D,0
32.8155,-84.6842,331.9,1.6,1.2,2018-10-29,1913,Aqua,MODIS,87,6.03,294.8,57.7,D,0
32.8137,-84.7008,304.2,1.6,1.2,2018-10-29,1913,Aqua,MODIS,38,6.03,293.8,8.2,D,0
33.1457,-81.1371,335.2,2.7,1.6,2018-10-29,1913,Aqua,MODIS,89,6.03,295.8,147,D,0
33.1435,-81.1659,331.4,2.7,1.6,2018-10-29,1913,Aqua,MODIS,87,6.03,296.2,123.1,D,0
33.1508,-81.1454,342,2.7,1.6,2018-10-29,1913,Aqua,MODIS,93,6.03,296.4,192.4,D,0
32.4969,-88.1983,313.4,1.1,1,2018-10-29,1913,Aqua,MODIS,71,6.03,295,10.6,D,0
32.4954,-88.2093,305.2,1.1,1,2018-10-29,1913,Aqua,MODIS,52,6.03,294.2,4.4,D,0
32.7811,-86.1293,311.8,1.3,1.1,2018-10-29,1913,Aqua,MODIS,70,6.03,294.1,12.6,D,0
32.7795,-86.1429,308.2,1.3,1.1,2018-10-29,1913,Aqua,MODIS,60,6.03,294,8.9,D,0
32.779,-86.1345,317.9,1.3,1.1,2018-10-29,1913,Aqua,MODIS,77,6.03,294.6,19.9,D,0
32.8254,-86.0862,308.1,1.3,1.1,2018-10-29,1913,Aqua,MODIS,65,6.03,293.6,9.6,D,0
32.8239,-86.1,356.3,1.3,1.1,2018-10-29,1913,Aqua,MODIS,98,6.03,296.2,110.1,D,0
31.8209,-93.4519,326.8,1.3,1.1,2018-10-29,1913,Aqua,MODIS,83,6.03,294.4,32.2,D,0
31.8186,-93.4651,329.6,1.3,1.1,2018-10-29,1913,Aqua,MODIS,85,6.03,294.9,36.9,D,0
31.8198,-93.4582,332.7,1.3,1.1,2018-10-29,1913,Aqua,MODIS,87,6.03,295.8,43.3,D,0
32.6707,-87.9095,321.8,1.1,1,2018-10-29,1913,Aqua,MODIS,80,6.03,296.7,18.5,D,0
31.8297,-93.4607,326.1,1.3,1.1,2018-10-29,1913,Aqua,MODIS,83,6.03,295.1,31.3,D,0
32.7407,-87.8053,333.3,1.1,1,2018-10-29,1913,Aqua,MODIS,76,6.03,295.8,35.1,D,0
32.144,-92.0704,311.4,1.1,1.1,2018-10-29,1913,Aqua,MODIS,56,6.03,299.3,7.2,D,0
33.1118,-85.3335,305.1,1.4,1.2,2018-10-29,1913,Aqua,MODIS,60,6.03,293.4,8.2,D,0
33.149,-85.7408,329.7,1.4,1.2,2018-10-29,1913,Aqua,MODIS,86,6.03,294.7,43,D,0
33.1464,-86.0441,305.6,1.3,1.1,2018-10-29,1913,Aqua,MODIS,60,6.03,294.2,8.1,D,0
33.5261,-83.2293,322.3,2,1.4,2018-10-29,1913,Aqua,MODIS,81,6.03,294.8,50,D,0
33.5241,-83.2505,326,2,1.4,2018-10-29,1913,Aqua,MODIS,64,6.03,296.9,60.2,D,0
33.0101,-88.0539,330.3,1.1,1,2018-10-29,1913,Aqua,MODIS,86,6.03,294.4,30.5,D,0
33.0087,-88.0652,325.3,1.1,1,2018-10-29,1913,Aqua,MODIS,83,6.03,296.2,23.9,D,0
33.5299,-83.2374,331.8,2,1.4,2018-10-29,1913,Aqua,MODIS,83,6.03,296.1,79.9,D,0
33.5281,-83.2585,311.3,2,1.4,2018-10-29,1913,Aqua,MODIS,0,6.03,295.6,22.9,D,0
33.0581,-92.5923,316.5,1.1,1.1,2018-10-29,1914,Aqua,MODIS,75,6.03,288.4,15.8,D,0
33.0562,-92.6042,330.7,1.1,1.1,2018-10-29,1914,Aqua,MODIS,86,6.03,290.9,34,D,0
33.8432,-87.1201,302.5,1.2,1.1,2018-10-29,1914,Aqua,MODIS,38,6.03,291.6,4.1,D,0
33.8417,-87.1328,335.5,1.2,1.1,2018-10-29,1914,Aqua,MODIS,90,6.03,294,45,D,0
33.8513,-87.1345,327,1.2,1.1,2018-10-29,1914,Aqua,MODIS,85,6.03,293.5,30.5,D,0
33.8555,-87.1291,304.7,1.2,1.1,2018-10-29,1914,Aqua,MODIS,59,6.03,292.4,6.7,D,0
31.9097,-98.9941,307.1,2.9,1.6,2018-10-29,1914,Aqua,MODIS,41,6.03,296.4,17.9,D,0
32.9312,-89.605,306,1,1,2018-10-29,1914,Aqua,MODIS,50,6.03,294.2,4.5,D,0
32.8186,-94.7907,309.1,1.5,1.2,2018-10-29,1914,Aqua,MODIS,60,6.03,296,9.4,D,0
33.783,-88.8262,307.6,1,1,2018-10-29,1914,Aqua,MODIS,64,6.03,296,6.2,D,0
33.8591,-88.8813,308.7,1,1,2018-10-29,1914,Aqua,MODIS,66,6.03,294.4,7.2,D,0
32.8219,-95.3327,312.8,1.6,1.2,2018-10-29,1914,Aqua,MODIS,67,6.03,295.9,16.1,D,0
32.9039,-95.0158,307.8,1.5,1.2,2018-10-29,1914,Aqua,MODIS,54,6.03,295.9,7.9,D,0
34.1313,-87.5268,303,1.1,1.1,2018-10-29,1914,Aqua,MODIS,53,6.03,292.3,5.5,D,0
33.3664,-93.0305,336.9,1.2,1.1,2018-10-29,1914,Aqua,MODIS,90,6.03,285.7,47.9,D,0
33.3643,-93.0429,316,1.2,1.1,2018-10-29,1914,Aqua,MODIS,75,6.03,286.6,16.7,D,0
34.1969,-82.6776,304.1,2.2,1.4,2018-10-29,1914,Aqua,MODIS,55,6.03,292.9,15.1,D,0
32.94,-89.6068,304.8,1,1,2018-10-29,1914,Aqua,MODIS,43,6.03,294.7,3.7,D,0
33.7094,-82.7753,306.4,2.1,1.4,2018-10-29,1914,Aqua,MODIS,63,6.03,294.4,16.8,D,0
34.7017,-87.9591,322.4,1.1,1.1,2018-10-29,1914,Aqua,MODIS,82,6.03,292.1,22.5,D,0
34.7002,-87.971,319.2,1.1,1.1,2018-10-29,1914,Aqua,MODIS,79,6.03,293.9,18.5,D,0
34.7111,-87.9608,311.2,1.1,1.1,2018-10-29,1914,Aqua,MODIS,23,6.03,291,9.5,D,0
33.7145,-95.2206,311.8,1.5,1.2,2018-10-29,1914,Aqua,MODIS,68,6.03,294.7,13.9,D,0
33.7115,-95.2364,314.6,1.5,1.2,2018-10-29,1914,Aqua,MODIS,72,6.03,295.3,17.5,D,0
33.973,-94.4707,310.2,1.3,1.1,2018-10-29,1914,Aqua,MODIS,68,6.03,293.8,12.1,D,0
33.9832,-94.4734,304.8,1.3,1.1,2018-10-29,1914,Aqua,MODIS,33,6.03,294.3,6.3,D,0
34.2344,-93.6407,307.7,1.2,1.1,2018-10-29,1914,Aqua,MODIS,65,6.03,293,8.7,D,0
35.046,-90.1644,312.2,1,1,2018-10-29,1914,Aqua,MODIS,67,6.03,296.3,8.4,D,0
34.8146,-91.8539,305.6,1,1,2018-10-29,1914,Aqua,MODIS,40,6.03,288.7,5.9,D,0
34.2874,-95.0233,314,1.4,1.2,2018-10-29,1914,Aqua,MODIS,73,6.03,284.8,19.5,D,0
34.3006,-95.0108,311.4,1.4,1.2,2018-10-29,1914,Aqua,MODIS,70,6.03,284.2,16.1,D,0
34.2979,-95.0258,342,1.4,1.2,2018-10-29,1914,Aqua,MODIS,93,6.03,285.2,77.7,D,0
35.4761,-90.645,306.8,1,1,2018-10-29,1914,Aqua,MODIS,63,6.03,294,4.7,D,0
34.941,-94.2065,304.9,1.3,1.1,2018-10-29,1914,Aqua,MODIS,60,6.03,294.8,6.1,D,0
35.649,-89.9341,309.3,1,1,2018-10-29,1914,Aqua,MODIS,55,6.03,293.8,7,D,0
35.9368,-89.7162,312.5,1,1,2018-10-29,1914,Aqua,MODIS,71,6.03,297.9,8.8,D,2
35.8218,-91.9256,302.4,1,1,2018-10-29,1914,Aqua,MODIS,52,6.03,291.9,3.8,D,0
36.5665,-88.3705,304.3,1.1,1.1,2018-10-29,1914,Aqua,MODIS,52,6.03,293.6,3.7,D,0
36.4466,-91.5229,307.7,1,1,2018-10-29,1915,Aqua,MODIS,66,6.03,292.6,6.9,D,0
36.445,-91.534,311.1,1,1,2018-10-29,1915,Aqua,MODIS,71,6.03,292.5,9.3,D,0
37.6605,-92.7822,300.5,1,1,2018-10-29,1915,Aqua,MODIS,38,6.03,290,3.2,D,0
37.854,-94.004,307.8,1.1,1.1,2018-10-29,1915,Aqua,MODIS,66,6.03,294.3,6.8,D,0
38.6873,-90.138,311.4,1,1,2018-10-29,1915,Aqua,MODIS,61,6.03,295.8,7.5,D,2
38.3927,-92.2956,303.5,1,1,2018-10-29,1915,Aqua,MODIS,55,6.03,292.8,4.3,D,0
38.9489,-88.9858,307.9,1.1,1.1,2018-10-29,1915,Aqua,MODIS,65,6.03,291.2,8.3,D,0
38.245,-94.6423,307.9,1.2,1.1,2018-10-29,1915,Aqua,MODIS,44,6.03,290.1,9,D,0
38.6239,-92.7819,311.3,1,1,2018-10-29,1915,Aqua,MODIS,71,6.03,293.6,8.6,D,0
38.6382,-92.7495,328.6,1,1,2018-10-29,1915,Aqua,MODIS,86,6.03,294.9,25.6,D,2
39.6907,-90.3384,307.1,1,1,2018-10-29,1915,Aqua,MODIS,59,6.03,294.6,5.1,D,0
39.9905,-92.9839,305.4,1,1,2018-10-29,1916,Aqua,MODIS,53,6.03,279.8,8,D,0
40.6396,-89.6466,301.5,1.1,1,2018-10-29,1916,Aqua,MODIS,48,6.03,290.5,5,D,2
40.242,-93.8668,314.9,1.1,1,2018-10-29,1916,Aqua,MODIS,75,6.03,281.8,14.5,D,0
41.0413,-89.1825,303.7,1.2,1.1,2018-10-29,1916,Aqua,MODIS,57,6.03,290.1,5,D,0
41.3035,-89.2972,303.6,1.2,1.1,2018-10-29,1916,Aqua,MODIS,37,6.03,285.7,7.2,D,0
41.6304,-87.1416,309.9,1.5,1.2,2018-10-29,1916,Aqua,MODIS,52,6.03,290.4,18.7,D,2
41.6294,-92.1434,303.2,1,1,2018-10-29,1916,Aqua,MODIS,55,6.03,288.6,5.1,D,0
42.4504,-96.9336,302,1.3,1.1,2018-10-29,1916,Aqua,MODIS,50,6.03,287.9,4.3,D,0
42.4478,-96.9483,301.5,1.3,1.1,2018-10-29,1916,Aqua,MODIS,48,6.03,288.3,3.9,D,0
41.2775,-104.7945,311.6,3.6,1.8,2018-10-29,1916,Aqua,MODIS,65,6.03,297,45.3,D,0
41.2671,-104.8348,307.9,3.6,1.8,2018-10-29,1916,Aqua,MODIS,56,6.03,297.1,30.1,D,0
41.2858,-104.802,310.4,3.6,1.8,2018-10-29,1916,Aqua,MODIS,57,6.03,296,37,D,0
44.881,-96.3795,326.8,1.1,1,2018-10-29,1917,Aqua,MODIS,80,6.03,286.2,29.9,D,0
33.0009,-110.7751,330.4,1.3,1.1,2018-10-29,2052,Aqua,MODIS,84,6.03,306.7,27.3,D,2
33.0011,-110.7679,323.4,1.3,1.1,2018-10-29,2052,Aqua,MODIS,78,6.03,305,16.7,D,2
32.9996,-110.7817,321.4,1.3,1.1,2018-10-29,2052,Aqua,MODIS,76,6.03,306.9,13.3,D,2
33.8416,-109.0962,307.8,1.7,1.3,2018-10-29,2052,Aqua,MODIS,53,6.03,281.1,20.2,D,0
35.3308,-118.8113,324.6,1.2,1.1,2018-10-29,2053,Aqua,MODIS,76,6.03,302.5,20,D,2
35.5582,-119.2282,323.7,1.3,1.1,2018-10-29,2053,Aqua,MODIS,73,6.03,300.5,23.3,D,0
35.5814,-119.2112,319.6,1.3,1.1,2018-10-29,2053,Aqua,MODIS,67,6.03,296.7,16.3,D,0
36.2152,-118.5894,313.9,1.2,1.1,2018-10-29,2053,Aqua,MODIS,63,6.03,286.1,17.7,D,0
38.4327,-112.0314,305.6,1.3,1.1,2018-10-29,2054,Aqua,MODIS,46,6.03,290.4,7.2,D,0
38.4598,-112.0668,341.7,1.3,1.1,2018-10-29,2054,Aqua,MODIS,92,6.03,291,68.6,D,0
38.4583,-112.0815,355.8,1.3,1.1,2018-10-29,2054,Aqua,MODIS,98,6.03,293.6,111.3,D,0
38.0792,-121.1972,315.6,1.4,1.2,2018-10-29,2054,Aqua,MODIS,76,6.03,294.1,19.4,D,0
42.2653,-112.8183,339.3,1.3,1.1,2018-10-29,2055,Aqua,MODIS,79,6.03,282.4,66.7,D,0
42.3448,-112.0884,324.9,1.5,1.2,2018-10-29,2055,Aqua,MODIS,83,6.03,283.9,39.7,D,0
42.3432,-112.1058,316.8,1.5,1.2,2018-10-29,2055,Aqua,MODIS,77,6.03,283,25.7,D,0
42.3404,-112.0807,311.4,1.5,1.2,2018-10-29,2055,Aqua,MODIS,71,6.03,283.5,19.4,D,0
42.2568,-112.8001,372.5,1.3,1.1,2018-10-29,2055,Aqua,MODIS,87,6.03,291,193.1,D,0
42.3386,-112.0987,332.4,1.5,1.2,2018-10-29,2055,Aqua,MODIS,88,6.03,285.7,57.3,D,0
42.267,-112.8021,333.5,1.3,1.1,2018-10-29,2055,Aqua,MODIS,88,6.03,284,52.9,D,0
42.255,-112.8164,353.2,1.3,1.1,2018-10-29,2055,Aqua,MODIS,0,6.03,283.7,108,D,0
43.647,-123.6304,316.8,1.5,1.2,2018-10-29,2056,Aqua,MODIS,73,6.03,284.3,29.7,D,0
43.6436,-123.648,315.7,1.5,1.2,2018-10-29,2056,Aqua,MODIS,76,6.03,285.5,28.3,D,0
44.7336,-119.4924,317.2,1,1,2018-10-29,2056,Aqua,MODIS,77,6.03,284,17.4,D,0
44.7425,-119.4952,307.6,1,1,2018-10-29,2056,Aqua,MODIS,40,6.03,283.7,9.2,D,0
46.0567,-116.4141,314.3,1.1,1,2018-10-29,2056,Aqua,MODIS,56,6.03,277.9,16.1,D,0
46.0733,-116.4331,318.2,1.1,1,2018-10-29,2056,Aqua,MODIS,72,6.03,275.8,20.2,D,0
46.0715,-116.4471,312.1,1.1,1,2018-10-29,2056,Aqua,MODIS,57,6.03,275.9,14.9,D,0
45.0361,-123.6543,316.5,1.4,1.2,2018-10-29,2056,Aqua,MODIS,77,6.03,285,26.4,D,0
45.064,-123.5453,304.1,1.4,1.2,2018-10-29,2056,Aqua,MODIS,0,6.03,280.7,11.7,D,0
45.0446,-123.6453,307.2,1.4,1.2,2018-10-29,2056,Aqua,MODIS,48,6.03,281.4,13.4,D,0
45.0414,-123.6616,327.8,1.4,1.2,2018-10-29,2056,Aqua,MODIS,85,6.03,285.3,44,D,0
46.1906,-118.864,302.4,1,1,2018-10-29,2056,Aqua,MODIS,45,6.03,288.5,4.9,D,0
45.8537,-121.2548,340.5,1.1,1,2018-10-29,2056,Aqua,MODIS,92,6.03,277.4,53,D,0
46.4427,-123.0454,314.7,1.2,1.1,2018-10-29,2056,Aqua,MODIS,62,6.03,283.1,19.7,D,0
46.4523,-123.049,313.3,1.2,1.1,2018-10-29,2056,Aqua,MODIS,54,6.03,280.9,17.8,D,0
46.7998,-124.0475,311.6,1.3,1.1,2018-10-29,2056,Aqua,MODIS,50,6.03,284.5,17.8,D,0
46.8129,-124.035,325.3,1.3,1.1,2018-10-29,2056,Aqua,MODIS,74,6.03,283.4,35.7,D,0
46.8097,-124.0516,316.7,1.3,1.1,2018-10-29,2056,Aqua,MODIS,58,6.03,284.5,23.1,D,0
43.5462,-121.7944,302.4,1.2,1.1,2018-10-29,2056,Aqua,MODIS,47,6.03,275.9,11.2,D,0
43.1925,-124.3037,318.6,1.6,1.3,2018-10-29,2056,Aqua,MODIS,79,6.03,285.6,35.9,D,0
43.1885,-124.323,325.1,1.6,1.3,2018-10-29,2056,Aqua,MODIS,83,6.03,286.3,49.3,D,0
43.2034,-124.3076,335.8,1.6,1.3,2018-10-29,2056,Aqua,MODIS,90,6.03,286.3,76.4,D,0
43.2061,-124.2933,320.4,1.6,1.3,2018-10-29,2056,Aqua,MODIS,80,6.03,285.2,37.5,D,0
43.2022,-124.3119,324.6,1.6,1.3,2018-10-29,2056,Aqua,MODIS,83,6.03,286.6,46.4,D,0
43.3789,-124.1415,307.4,1.6,1.2,2018-10-29,2056,Aqua,MODIS,65,6.03,283.7,19.3,D,0
48.0946,-123.8864,318.5,1.2,1.1,2018-10-29,2057,Aqua,MODIS,70,6.03,279.5,25.2,D,0
48.3934,-116.9263,303.2,1.1,1,2018-10-29,2057,Aqua,MODIS,48,6.03,274.8,9.4,D,0
48.0647,-119.8077,300.5,1,1,2018-10-29,2057,Aqua,MODIS,38,6.03,283.6,5.5,D,0
48.4647,-119.2088,327,1,1,2018-10-29,2057,Aqua,MODIS,85,6.03,277,28.1,D,0
48.4629,-119.2221,359.7,1,1,2018-10-29,2057,Aqua,MODIS,99,6.03,282.1,88.7,D,0
48.4717,-119.225,359.5,1,1,2018-10-29,2057,Aqua,MODIS,94,6.03,282.7,88.8,D,0
48.4698,-119.2383,316.7,1,1,2018-10-29,2057,Aqua,MODIS,77,6.03,279.6,18.2,D,0
48.8591,-118.351,311.8,1,1,2018-10-29,2057,Aqua,MODIS,56,6.03,269.7,13,D,0
48.868,-118.3539,359.5,1,1,2018-10-29,2057,Aqua,MODIS,99,6.03,276.5,90.4,D,0
48.0917,-123.9019,317.6,1.2,1.1,2018-10-29,2057,Aqua,MODIS,63,6.03,278.6,23.8,D,0
48.0953,-123.8933,322.5,1.2,1.1,2018-10-29,2057,Aqua,MODIS,74,6.03,279.9,29.8,D,0
48.0556,-124.5501,314.6,1.3,1.1,2018-10-29,2057,Aqua,MODIS,61,6.03,281.8,20.7,D,0
48.2277,-124.5815,317.6,1.3,1.1,2018-10-29,2057,Aqua,MODIS,68,6.03,282.8,26,D,0
29.0758,-97.7019,304.7,1,1,2018-10-30,0438,Terra,MODIS,61,6.03,291.7,6.2,N,0
31.3647,-101.7775,302.1,1.4,1.2,2018-10-30,0439,Terra,MODIS,47,6.03,289.1,10.1,N,0
32.5733,-94.448,300.8,1.2,1.1,2018-10-30,0439,Terra,MODIS,33,6.03,289.5,6.2,N,0
33.4076,-110.8785,300.7,4.8,2,2018-10-30,0440,Terra,MODIS,32,6.03,280.8,63.1,N,2
36.7604,-120.0239,302.9,1.2,1.1,2018-10-30,0619,Terra,MODIS,52,6.03,281.6,11.2,N,0
36.7607,-120.0297,306.7,1.2,1.1,2018-10-30,0619,Terra,MODIS,69,6.03,281.6,14.3,N,0
37.1672,-119.2825,300.5,1.4,1.2,2018-10-30,0619,Terra,MODIS,28,6.03,277,12.5,N,0
42.8328,-124.3202,307.5,1,1,2018-10-30,0621,Terra,MODIS,71,6.03,278.6,12.4,N,0
45.0662,-123.669,303,1.1,1,2018-10-30,0622,Terra,MODIS,53,6.03,279.5,10.6,N,0
44.5702,-123.6106,304.8,1.1,1,2018-10-30,0622,Terra,MODIS,62,6.03,279.3,10.7,N,0
44.5795,-123.6129,306.4,1.1,1,2018-10-30,0622,Terra,MODIS,68,6.03,279,11.9,N,0
45.0622,-123.7809,316,1.1,1,2018-10-30,0622,Terra,MODIS,92,6.03,281.1,20.3,N,0
45.0605,-123.7946,325.2,1.1,1,2018-10-30,0622,Terra,MODIS,100,6.03,281.2,30.3,N,0
46.7755,-123.4129,303.4,1.2,1.1,2018-10-30,0622,Terra,MODIS,55,6.03,279.3,11.7,N,0
48.0947,-123.8967,321.3,1.2,1.1,2018-10-30,0623,Terra,MODIS,100,6.03,278.9,28.8,N,0
41.4633,-81.6745,301.9,1.3,1.1,2018-10-30,0715,Aqua,MODIS,46,6.03,276.1,12.2,N,2
33.013,-79.8823,303.2,1,1,2018-10-30,0717,Aqua,MODIS,54,6.03,283,8.5,N,2
56.1957,-159.3887,398.1,1.1,1,2018-10-30,0804,Terra,MODIS,100,6.03,272.4,0,N,1
56.1913,-159.3806,399,1.1,1,2018-10-30,0804,Terra,MODIS,100,6.03,276.1,0,N,1
56.1883,-159.3976,413.1,1.1,1,2018-10-30,0804,Terra,MODIS,100,6.03,279.4,0,N,1
56.1897,-159.365,360.7,2,1.4,2018-10-30,1345,Aqua,MODIS,100,6.03,266.4,0,N,1
34.8498,-89.6028,309,1.1,1,2018-10-30,1642,Terra,MODIS,66,6.03,293.8,7.2,D,0
35.4719,-76.0976,311.8,3.5,1.8,2018-10-30,1642,Terra,MODIS,0,6.03,289.7,68.7,D,0
36.22,-90.8456,303.3,1.3,1.1,2018-10-30,1642,Terra,MODIS,39,6.03,289.8,4.8,D,0
34.7446,-81.6609,313.8,1.6,1.3,2018-10-30,1642,Terra,MODIS,74,6.03,289.6,25.8,D,0
34.7413,-81.6435,317.5,1.6,1.3,2018-10-30,1642,Terra,MODIS,78,6.03,289.7,32,D,0
35.368,-87.786,328.3,1,1,2018-10-30,1642,Terra,MODIS,86,6.03,289.7,25.5,D,0
35.3664,-87.7751,327.6,1,1,2018-10-30,1642,Terra,MODIS,85,6.03,290.6,24.4,D,0
35.359,-87.7879,308,1,1,2018-10-30,1642,Terra,MODIS,66,6.03,289.3,7.3,D,0
35.3575,-87.777,306.9,1,1,2018-10-30,1642,Terra,MODIS,64,6.03,289.3,6.4,D,0
34.2174,-83.4972,316,1.3,1.1,2018-10-30,1642,Terra,MODIS,76,6.03,290.3,21.1,D,0
34.8513,-89.6147,313.5,1.1,1,2018-10-30,1642,Terra,MODIS,73,6.03,294.2,11.1,D,0
34.8445,-89.6097,313,1.1,1,2018-10-30,1642,Terra,MODIS,72,6.03,293.9,11.7,D,0
33.6533,-82.3505,313.9,1.6,1.2,2018-10-30,1642,Terra,MODIS,64,6.03,290.4,24.5,D,0
34.4709,-87.2075,311.6,1,1,2018-10-30,1642,Terra,MODIS,71,6.03,294.1,8.2,D,0
33.6659,-82.5357,351.5,1.5,1.2,2018-10-30,1642,Terra,MODIS,73,6.03,292.4,123.7,D,0
33.9966,-84.8248,323.6,1.2,1.1,2018-10-30,1642,Terra,MODIS,82,6.03,290.8,26.3,D,0
34.5699,-88.7327,308.6,1,1,2018-10-30,1642,Terra,MODIS,66,6.03,291.7,7.1,D,0
34.5684,-88.7216,327.1,1,1,2018-10-30,1642,Terra,MODIS,84,6.03,294.1,24.7,D,0
34.5669,-88.7106,308,1,1,2018-10-30,1642,Terra,MODIS,65,6.03,292.6,6.1,D,0
33.4933,-83.0442,302.8,1.4,1.2,2018-10-30,1643,Terra,MODIS,32,6.03,291.1,7,D,0
33.1789,-81.9466,319.1,1.7,1.3,2018-10-30,1643,Terra,MODIS,79,6.03,292.6,35.9,D,0
33.1754,-81.9289,301.9,1.7,1.3,2018-10-30,1643,Terra,MODIS,50,6.03,291.5,7.9,D,0
33.2419,-82.8149,336.5,1.5,1.2,2018-10-30,1643,Terra,MODIS,90,6.03,293,64.3,D,0
33.2389,-82.7991,352.8,1.5,1.2,2018-10-30,1643,Terra,MODIS,97,6.03,295,120.3,D,0
33.2312,-82.8176,307,1.5,1.2,2018-10-30,1643,Terra,MODIS,35,6.03,292,11,D,0
33.2282,-82.8019,323.5,1.5,1.2,2018-10-30,1643,Terra,MODIS,72,6.03,291.7,36.3,D,0
33.2736,-83.3076,314.1,1.4,1.2,2018-10-30,1643,Terra,MODIS,74,6.03,291.5,19.3,D,0
33.2633,-83.3102,308.4,1.4,1.2,2018-10-30,1643,Terra,MODIS,66,6.03,290.6,12.1,D,0
33.3191,-83.7903,303.2,1.3,1.1,2018-10-30,1643,Terra,MODIS,55,6.03,290.8,8,D,0
33.8815,-87.4652,303.5,1,1,2018-10-30,1643,Terra,MODIS,52,6.03,293.5,3.9,D,0
33.9799,-88.593,315.7,1,1,2018-10-30,1643,Terra,MODIS,74,6.03,294.6,11.5,D,0
33.9719,-88.6007,305.8,1,1,2018-10-30,1643,Terra,MODIS,56,6.03,295.3,4.3,D,0
33.9704,-88.5898,308.2,1,1,2018-10-30,1643,Terra,MODIS,63,6.03,294.9,6,D,0
33.3005,-84.3821,306.4,1.2,1.1,2018-10-30,1643,Terra,MODIS,55,6.03,289.8,9.4,D,0
32.7567,-81.821,338.1,1.8,1.3,2018-10-30,1643,Terra,MODIS,91,6.03,294,90,D,0
32.753,-81.8027,332.3,1.8,1.3,2018-10-30,1643,Terra,MODIS,88,6.03,294.4,70.9,D,0
33.7945,-87.8737,323.2,1,1,2018-10-30,1643,Terra,MODIS,81,6.03,294.3,19.3,D,0
33.7929,-87.8631,321.3,1,1,2018-10-30,1643,Terra,MODIS,80,6.03,295.7,17.4,D,0
32.7452,-81.8241,303.3,1.8,1.3,2018-10-30,1643,Terra,MODIS,56,6.03,292.4,9.3,D,0
32.7415,-81.8058,302.4,1.8,1.3,2018-10-30,1643,Terra,MODIS,52,6.03,292.3,8.3,D,0
32.6961,-81.6412,316.3,1.8,1.3,2018-10-30,1643,Terra,MODIS,77,6.03,292.8,32,D,0
32.6923,-81.6224,328.8,1.8,1.3,2018-10-30,1643,Terra,MODIS,86,6.03,294.4,63.2,D,0
32.7498,-81.8294,315.5,1.8,1.3,2018-10-30,1643,Terra,MODIS,76,6.03,292.6,27.8,D,0
32.7462,-81.8111,340.2,1.8,1.3,2018-10-30,1643,Terra,MODIS,92,6.03,294.6,97.9,D,0
32.6982,-81.6273,336.1,1.8,1.3,2018-10-30,1643,Terra,MODIS,90,6.03,294.3,87.6,D,0
32.8459,-82.6934,308.8,1.6,1.2,2018-10-30,1643,Terra,MODIS,68,6.03,294.6,15.1,D,0
33.2194,-84.9912,309.5,1.2,1.1,2018-10-30,1643,Terra,MODIS,69,6.03,291.1,11.5,D,0
32.7372,-82.4323,316.5,1.6,1.3,2018-10-30,1643,Terra,MODIS,77,6.03,293.4,26.8,D,0
33.189,-85.2747,304.4,1.1,1.1,2018-10-30,1643,Terra,MODIS,59,6.03,291.3,6.3,D,0
32.4662,-81.5218,319.9,1.9,1.3,2018-10-30,1643,Terra,MODIS,80,6.03,293.9,40.6,D,0
32.4544,-81.5251,312.1,1.9,1.3,2018-10-30,1643,Terra,MODIS,70,6.03,293.6,23,D,0
32.6425,-82.6046,307.9,1.6,1.2,2018-10-30,1643,Terra,MODIS,66,6.03,293.6,13.2,D,0
32.6393,-82.5881,319.9,1.6,1.2,2018-10-30,1643,Terra,MODIS,80,6.03,295.2,32.1,D,0
33.1809,-85.7204,321.3,1.1,1,2018-10-30,1643,Terra,MODIS,81,6.03,292.4,20.6,D,0
32.538,-82.7247,305.6,1.6,1.2,2018-10-30,1643,Terra,MODIS,62,6.03,292.9,9,D,0
33.058,-85.8086,308.8,1.1,1,2018-10-30,1643,Terra,MODIS,68,6.03,292.3,9,D,0
32.5264,-82.853,310.3,1.5,1.2,2018-10-30,1643,Terra,MODIS,69,6.03,295.8,14,D,0
33.3514,-87.8101,309.9,1,1,2018-10-30,1643,Terra,MODIS,68,6.03,294.8,7.5,D,0
33.3425,-87.812,306.5,1,1,2018-10-30,1643,Terra,MODIS,60,6.03,295.5,5.1,D,0
33.4426,-88.5697,308.4,1,1,2018-10-30,1643,Terra,MODIS,57,6.03,298.2,4.5,D,2
32.1631,-81.1961,304.5,2,1.4,2018-10-30,1643,Terra,MODIS,37,6.03,292.9,7.8,D,2
33.2635,-88.157,312.4,1,1,2018-10-30,1643,Terra,MODIS,71,6.03,296.3,9.3,D,0
32.7727,-85.2671,331.2,1.1,1.1,2018-10-30,1643,Terra,MODIS,87,6.03,292.7,35.6,D,0
32.7707,-85.2551,313.9,1.1,1.1,2018-10-30,1643,Terra,MODIS,74,6.03,291.7,13.6,D,0
32.7633,-85.2693,326.1,1.1,1.1,2018-10-30,1643,Terra,MODIS,84,6.03,292.7,27.6,D,0
32.7613,-85.2573,312.8,1.1,1.1,2018-10-30,1643,Terra,MODIS,73,6.03,291.5,12.1,D,0
32.2167,-82.5726,315.7,1.6,1.3,2018-10-30,1643,Terra,MODIS,75,6.03,296.2,24.7,D,0
33.1495,-88.1968,318.4,1,1,2018-10-30,1643,Terra,MODIS,77,6.03,296,14.3,D,0
33.148,-88.1862,339.6,1,1,2018-10-30,1643,Terra,MODIS,91,6.03,297.1,40.9,D,0
32.8403,-86.2957,318.1,1.1,1,2018-10-30,1643,Terra,MODIS,78,6.03,292.5,16.5,D,0
33.7277,-93.1051,306,1.6,1.2,2018-10-30,1643,Terra,MODIS,59,6.03,289.8,10.4,D,0
33.7259,-93.0883,312.5,1.6,1.2,2018-10-30,1643,Terra,MODIS,71,6.03,289.4,19.8,D,0
32.9744,-87.2073,339.9,1,1,2018-10-30,1643,Terra,MODIS,91,6.03,294.2,42.5,D,0
32.9728,-87.1967,306.9,1,1,2018-10-30,1643,Terra,MODIS,62,6.03,293.2,5.9,D,0
33.4934,-91.0806,310.5,1.2,1.1,2018-10-30,1643,Terra,MODIS,68,6.03,298.1,6.9,D,0
33.4918,-91.0677,309.9,1.2,1.1,2018-10-30,1643,Terra,MODIS,67,6.03,297.6,6.2,D,0
32.813,-86.3018,303.9,1.1,1,2018-10-30,1643,Terra,MODIS,57,6.03,293,5,D,0
32.8112,-86.2908,307.6,1.1,1,2018-10-30,1643,Terra,MODIS,65,6.03,292.8,7.7,D,0
33.2196,-89.9711,321,1.1,1,2018-10-30,1643,Terra,MODIS,79,6.03,295.9,18.9,D,0
32.9867,-88.6679,309,1,1,2018-10-30,1643,Terra,MODIS,26,6.03,296.5,5.5,D,0
32.9852,-88.6572,345.6,1,1,2018-10-30,1643,Terra,MODIS,94,6.03,297.9,51,D,0
32.9762,-88.6589,322.4,1,1,2018-10-30,1643,Terra,MODIS,80,6.03,296.4,17.5,D,0
31.7445,-82.0549,305.7,1.8,1.3,2018-10-30,1643,Terra,MODIS,54,6.03,294.5,10.7,D,0
31.7409,-82.0364,307.2,1.8,1.3,2018-10-30,1643,Terra,MODIS,59,6.03,296.1,12.9,D,0
32.9404,-89.6048,314.2,1.1,1,2018-10-30,1643,Terra,MODIS,71,6.03,296.8,10.7,D,0
32.9389,-89.5937,315.5,1.1,1,2018-10-30,1643,Terra,MODIS,73,6.03,296.6,11.8,D,0
32.3179,-85.5517,314,1.1,1.1,2018-10-30,1643,Terra,MODIS,73,6.03,293.2,14.2,D,0
32.6725,-87.9009,309.3,1,1,2018-10-30,1643,Terra,MODIS,64,6.03,296.5,6.2,D,0
32.5098,-87.6152,311.3,1,1,2018-10-30,1643,Terra,MODIS,58,6.03,297.2,7.5,D,0
31.5893,-82.3387,306.4,1.7,1.3,2018-10-30,1643,Terra,MODIS,49,6.03,296.3,9.4,D,0
31.5859,-82.3207,322.5,1.7,1.3,2018-10-30,1643,Terra,MODIS,80,6.03,297.6,38.7,D,0
32.3104,-87.397,354.3,1,1,2018-10-30,1643,Terra,MODIS,97,6.03,297.6,70.2,D,0
32.3088,-87.3864,320.8,1,1,2018-10-30,1643,Terra,MODIS,79,6.03,295.6,15.8,D,0
31.9506,-85.2249,306.3,1.2,1.1,2018-10-30,1643,Terra,MODIS,57,6.03,293.7,7.6,D,0
31.9485,-85.2126,304.5,1.2,1.1,2018-10-30,1643,Terra,MODIS,50,6.03,293.9,6.1,D,0
32.992,-93.1415,306.8,1.6,1.2,2018-10-30,1643,Terra,MODIS,51,6.03,292.7,9.7,D,0
32.0858,-86.3862,306.2,1.1,1,2018-10-30,1643,Terra,MODIS,59,6.03,294.3,4.8,D,0
31.8179,-85.2241,330.3,1.2,1.1,2018-10-30,1643,Terra,MODIS,86,6.03,296.7,35.3,D,0
31.8157,-85.2117,306.3,1.2,1.1,2018-10-30,1643,Terra,MODIS,52,6.03,295.2,6.3,D,0
32.0348,-86.6429,340.3,1,1,2018-10-30,1643,Terra,MODIS,92,6.03,295.1,45.5,D,0
32.0591,-87.566,324.7,1,1,2018-10-30,1643,Terra,MODIS,82,6.03,295.2,20.2,D,0
32.0517,-87.5784,318.6,1,1,2018-10-30,1643,Terra,MODIS,77,6.03,296,13.3,D,0
32.0501,-87.5679,345.1,1,1,2018-10-30,1643,Terra,MODIS,94,6.03,296.8,50,D,0
31.6255,-85.1271,317,1.2,1.1,2018-10-30,1643,Terra,MODIS,75,6.03,293.6,16.6,D,0
31.6234,-85.1146,351.5,1.2,1.1,2018-10-30,1643,Terra,MODIS,91,6.03,297.7,84.7,D,0
31.6212,-85.1021,323.9,1.2,1.1,2018-10-30,1643,Terra,MODIS,71,6.03,296.2,25.2,D,0
31.5944,-85.1215,333.9,1.2,1.1,2018-10-30,1643,Terra,MODIS,88,6.03,296.2,42.2,D,0
31.5847,-85.1238,325.1,1.2,1.1,2018-10-30,1643,Terra,MODIS,82,6.03,294.4,27.8,D,0
31.9398,-87.3902,310.7,1,1,2018-10-30,1643,Terra,MODIS,63,6.03,295,7.9,D,0
31.7618,-86.3212,307.5,1.1,1,2018-10-30,1643,Terra,MODIS,34,6.03,294.9,5.7,D,0
31.7544,-86.3343,308.5,1.1,1,2018-10-30,1643,Terra,MODIS,61,6.03,293.6,6.6,D,0
31.7526,-86.3232,312.1,1.1,1,2018-10-30,1643,Terra,MODIS,69,6.03,294.7,9.4,D,0
31.925,-87.5347,330.2,1,1,2018-10-30,1643,Terra,MODIS,86,6.03,295.1,26.7,D,0
31.628,-85.6858,306.1,1.1,1.1,2018-10-30,1643,Terra,MODIS,56,6.03,295.5,5.8,D,0
31.9161,-87.5365,322,1,1,2018-10-30,1643,Terra,MODIS,80,6.03,294.7,18.1,D,0
31.2769,-84.3232,312.9,1.3,1.1,2018-10-30,1643,Terra,MODIS,69,6.03,298.8,10.6,D,0
31.5659,-86.6055,306.4,1.1,1,2018-10-30,1643,Terra,MODIS,57,6.03,293.6,5.3,D,0
31.5567,-86.6076,304.2,1.1,1,2018-10-30,1643,Terra,MODIS,43,6.03,293.9,3.9,D,0
31.4281,-85.9791,344.5,1.1,1.1,2018-10-30,1643,Terra,MODIS,93,6.03,298.3,57.3,D,0
31.4262,-85.9677,335.9,1.1,1.1,2018-10-30,1643,Terra,MODIS,89,6.03,295.9,40.6,D,0
31.4188,-85.9813,306.8,1.1,1.1,2018-10-30,1643,Terra,MODIS,55,6.03,293.8,6,D,0
31.4169,-85.9698,304.8,1.1,1.1,2018-10-30,1643,Terra,MODIS,41,6.03,292.9,4.5,D,0
32.1331,-92.3009,311.4,1.3,1.2,2018-10-30,1643,Terra,MODIS,67,6.03,295.9,12.9,D,0
32.2291,-93.2576,353.8,1.5,1.2,2018-10-30,1643,Terra,MODIS,97,6.03,298.3,128.3,D,0
31.2792,-86.7148,335.9,1.1,1,2018-10-30,1643,Terra,MODIS,89,6.03,295.5,38.2,D,0
31.2775,-86.7039,364.7,1.1,1,2018-10-30,1643,Terra,MODIS,100,6.03,298.9,106.4,D,0
31.2095,-86.2823,305.6,1.1,1,2018-10-30,1643,Terra,MODIS,40,6.03,295.2,4.3,D,0
31.3972,-87.648,313.7,1,1,2018-10-30,1643,Terra,MODIS,70,6.03,296.4,9.1,D,0
31.394,-87.6271,316.8,1,1,2018-10-30,1643,Terra,MODIS,74,6.03,296.7,11.8,D,0
31.1559,-86.3638,311.2,1.1,1,2018-10-30,1643,Terra,MODIS,65,6.03,294.7,9,D,0
31.154,-86.3526,352.2,1.1,1,2018-10-30,1643,Terra,MODIS,96,6.03,297.1,73.6,D,0
31.6454,-89.7438,325,1,1,2018-10-30,1643,Terra,MODIS,82,6.03,301.1,20.2,D,0
31.6439,-89.7329,369.5,1,1,2018-10-30,1643,Terra,MODIS,100,6.03,302.8,117.7,D,0
31.6363,-89.7454,312.2,1,1,2018-10-30,1643,Terra,MODIS,67,6.03,298.9,8.1,D,0
31.153,-87.9849,312.8,1,1,2018-10-30,1643,Terra,MODIS,52,6.03,300.4,8.1,D,2
33.4961,-83.0594,320.5,1.4,1.2,2018-10-30,1643,Terra,MODIS,80,6.03,289.5,29.9,D,0
33.5066,-83.0567,310.4,1.4,1.2,2018-10-30,1643,Terra,MODIS,57,6.03,290.9,14.8,D,0
34.5917,-89.0904,306,1,1,2018-10-30,1643,Terra,MODIS,62,6.03,293.6,6,D,0
31.2949,-92.259,325.6,1.3,1.1,2018-10-30,1643,Terra,MODIS,82,6.03,298,30.6,D,0
31.2965,-92.2727,313.2,1.3,1.1,2018-10-30,1643,Terra,MODIS,69,6.03,297.4,12.8,D,0
29.8561,-82.8186,310.2,1.8,1.3,2018-10-30,1643,Terra,MODIS,36,6.03,299.7,12.2,D,0
30.57,-86.569,311.2,1.1,1,2018-10-30,1643,Terra,MODIS,63,6.03,296.8,7.6,D,0
30.7324,-87.5901,313,1,1,2018-10-30,1643,Terra,MODIS,15,6.03,299,7.1,D,0
30.734,-87.6006,326.2,1,1,2018-10-30,1643,Terra,MODIS,82,6.03,300.1,20.1,D,0
30.7413,-87.5883,316.5,1,1,2018-10-30,1643,Terra,MODIS,73,6.03,297.8,10.6,D,0
30.743,-87.5988,314.5,1,1,2018-10-30,1643,Terra,MODIS,70,6.03,297.9,8.8,D,0
30.6707,-85.5674,308.4,1.2,1.1,2018-10-30,1643,Terra,MODIS,59,6.03,296.6,6.3,D,0
30.6727,-85.5795,324.1,1.2,1.1,2018-10-30,1643,Terra,MODIS,76,6.03,297.1,23.8,D,0
31.8703,-94.0664,310.1,1.7,1.3,2018-10-30,1643,Terra,MODIS,65,6.03,293.3,14.6,D,0
31.6348,-89.7346,328.5,1,1,2018-10-30,1643,Terra,MODIS,84,6.03,298.4,25,D,0
31.0556,-85.9672,306.5,1.1,1.1,2018-10-30,1643,Terra,MODIS,52,6.03,296,5,D,0
30.5631,-83.7399,315.4,1.5,1.2,2018-10-30,1643,Terra,MODIS,72,6.03,297.2,18.9,D,0
30.5603,-83.7246,306.5,1.5,1.2,2018-10-30,1643,Terra,MODIS,37,6.03,295.4,7.4,D,0
30.5774,-83.8781,333.1,1.5,1.2,2018-10-30,1643,Terra,MODIS,87,6.03,297.3,53.2,D,0
30.5747,-83.8633,309.4,1.5,1.2,2018-10-30,1643,Terra,MODIS,62,6.03,296,10.4,D,0
30.4867,-83.45,307.2,1.6,1.2,2018-10-30,1643,Terra,MODIS,55,6.03,297,9.3,D,0
30.7308,-93.5049,327,1.5,1.2,2018-10-30,1644,Terra,MODIS,83,6.03,295.4,39.2,D,0
31.0612,-91.0986,313.2,1.1,1.1,2018-10-30,1644,Terra,MODIS,69,6.03,297,10.9,D,0
31.2326,-92.8819,313,1.4,1.2,2018-10-30,1644,Terra,MODIS,69,6.03,297.4,15,D,0
31.231,-92.8671,311.8,1.4,1.2,2018-10-30,1644,Terra,MODIS,67,6.03,296.6,13.5,D,0
30.8751,-90.375,341.5,1.1,1,2018-10-30,1644,Terra,MODIS,92,6.03,300.9,46.1,D,0
30.8736,-90.3639,317.6,1.1,1,2018-10-30,1644,Terra,MODIS,74,6.03,298,12.3,D,0
30.8659,-90.3766,324.7,1.1,1,2018-10-30,1644,Terra,MODIS,81,6.03,298.5,20.4,D,0
30.8832,-90.5795,312.6,1.1,1,2018-10-30,1644,Terra,MODIS,67,6.03,298.7,9.1,D,0
29.0967,-82.5121,309.7,1.9,1.4,2018-10-30,1644,Terra,MODIS,58,6.03,297,14.8,D,0
30.74,-93.5098,319.2,1.5,1.2,2018-10-30,1644,Terra,MODIS,76,6.03,295.5,23.9,D,0
30.7291,-93.5114,312.8,1.5,1.2,2018-10-30,1644,Terra,MODIS,28,6.03,294.9,13.5,D,0
28.9222,-82.1675,311.2,2,1.4,2018-10-30,1644,Terra,MODIS,31,6.03,300.7,15,D,0
30.505,-93.0987,318.9,1.4,1.2,2018-10-30,1644,Terra,MODIS,76,6.03,296.3,22.9,D,0
30.5034,-93.0839,316,1.4,1.2,2018-10-30,1644,Terra,MODIS,72,6.03,296.1,18.3,D,0
30.5095,-93.0892,322.3,1.4,1.2,2018-10-30,1644,Terra,MODIS,79,6.03,296.6,28.3,D,0
30.5616,-94.7246,317.2,1.8,1.3,2018-10-30,1644,Terra,MODIS,47,6.03,294,26.3,D,0
30.5498,-94.7261,317.6,1.8,1.3,2018-10-30,1644,Terra,MODIS,75,6.03,293.2,28.5,D,0
30.5479,-94.7073,324.5,1.8,1.3,2018-10-30,1644,Terra,MODIS,81,6.03,291.9,44.6,D,0
28.3856,-82.2776,310.1,2.1,1.4,2018-10-30,1644,Terra,MODIS,57,6.03,298.7,13.2,D,0
27.5195,-82.2671,313.1,2.2,1.4,2018-10-30,1644,Terra,MODIS,62,6.03,299.1,18.2,D,0
27.5199,-82.2724,311.8,2.2,1.4,2018-10-30,1644,Terra,MODIS,58,6.03,299.1,15.9,D,0
26.6908,-81.4785,316,2.6,1.5,2018-10-30,1644,Terra,MODIS,48,6.03,300.8,28.2,D,0
26.6849,-81.4866,311.5,2.6,1.5,2018-10-30,1644,Terra,MODIS,58,6.03,300.6,18.4,D,0
26.6798,-81.4615,319.1,2.6,1.5,2018-10-30,1644,Terra,MODIS,73,6.03,300,44.1,D,0
26.9662,-80.5464,316.5,1.8,1.3,2018-10-30,1816,Aqua,MODIS,61,6.03,293.7,24,D,0
26.6811,-81.4743,312.5,2.2,1.4,2018-10-30,1816,Aqua,MODIS,58,6.03,301.4,15.9,D,0
26.7464,-80.5964,332.7,1.9,1.3,2018-10-30,1816,Aqua,MODIS,85,6.03,298.5,68.1,D,0
47.89,-102.6813,302,1.3,1.1,2018-10-30,1817,Terra,MODIS,21,6.03,282.4,9,D,0
47.883,-102.6901,301.1,1.3,1.1,2018-10-30,1817,Terra,MODIS,27,6.03,282.1,8.5,D,0
29.0273,-82.3755,308.6,2.2,1.4,2018-10-30,1817,Aqua,MODIS,46,6.03,298.2,14.1,D,0
27.6514,-82.4605,311,2.4,1.5,2018-10-30,1817,Aqua,MODIS,54,6.03,299.4,17.2,D,0
27.6155,-80.6124,315.3,1.8,1.3,2018-10-30,1817,Aqua,MODIS,66,6.03,303.5,16.7,D,0
27.6189,-80.5946,314.9,1.8,1.3,2018-10-30,1817,Aqua,MODIS,65,6.03,304,16.1,D,0
27.3177,-81.7487,312.3,2.2,1.4,2018-10-30,1817,Aqua,MODIS,50,6.03,299.9,16.2,D,0
27.3189,-81.744,314.1,2.2,1.4,2018-10-30,1817,Aqua,MODIS,63,6.03,300.1,21.5,D,0
27.1359,-80.3754,318.6,1.8,1.3,2018-10-30,1817,Aqua,MODIS,57,6.03,298.8,23.6,D,0
27.1284,-80.3667,333.4,1.8,1.3,2018-10-30,1817,Aqua,MODIS,86,6.03,299.4,61.8,D,0
27.1169,-80.3639,317.4,1.8,1.3,2018-10-30,1817,Aqua,MODIS,70,6.03,299.8,21.9,D,0
27.1201,-80.3464,311.5,1.8,1.3,2018-10-30,1817,Aqua,MODIS,49,6.03,297.8,10.5,D,0
48.3388,-119.047,304.3,2.8,1.6,2018-10-30,1818,Terra,MODIS,59,6.03,278,39.1,D,0
46.3719,-121.1108,334.8,3.4,1.7,2018-10-30,1818,Terra,MODIS,89,6.03,276,238.3,D,0
45.9472,-118.4261,308,2.4,1.5,2018-10-30,1818,Terra,MODIS,66,6.03,283.7,35,D,0
43.9331,-103.6926,328.4,1.5,1.2,2018-10-30,1818,Terra,MODIS,86,6.03,277.2,50.7,D,0
43.9227,-103.6962,309.6,1.5,1.2,2018-10-30,1818,Terra,MODIS,61,6.03,275.6,21.4,D,0
46.0354,-113.5111,313.1,1.3,1.1,2018-10-30,1818,Terra,MODIS,0,6.03,270.1,24.5,D,0
46.0372,-113.529,313.6,1.3,1.1,2018-10-30,1818,Terra,MODIS,64,6.03,270.4,25.7,D,0
48.4735,-115.4676,324,1.8,1.3,2018-10-30,1818,Terra,MODIS,80,6.03,278.8,56,D,0
48.4832,-115.4392,323.8,1.8,1.3,2018-10-30,1818,Terra,MODIS,67,6.03,275.5,54.8,D,0
48.4851,-115.4633,340.8,1.8,1.3,2018-10-30,1818,Terra,MODIS,87,6.03,278.3,108.6,D,0
48.6024,-116.3212,316.9,2,1.4,2018-10-30,1818,Terra,MODIS,77,6.03,278.8,50.5,D,0
46.1732,-116.7665,315.3,2,1.4,2018-10-30,1818,Terra,MODIS,62,6.03,271.5,45.8,D,0
46.1706,-116.7741,307.3,2,1.4,2018-10-30,1818,Terra,MODIS,53,6.03,269.3,29.8,D,0
48.6045,-116.3518,305.3,2,1.4,2018-10-30,1818,Terra,MODIS,61,6.03,279.8,26.7,D,0
30.559,-83.7399,307.9,2.5,1.5,2018-10-30,1818,Aqua,MODIS,60,6.03,296.8,19.8,D,0
30.5527,-83.7445,307.5,2.5,1.5,2018-10-30,1818,Aqua,MODIS,59,6.03,296.6,18.9,D,0
31.5779,-82.3252,320,1.9,1.4,2018-10-30,1818,Aqua,MODIS,77,6.03,299.1,37.3,D,0
31.5898,-82.3286,326.7,1.9,1.4,2018-10-30,1818,Aqua,MODIS,83,6.03,297.3,54.1,D,0
31.5863,-82.3141,316,1.9,1.4,2018-10-30,1818,Aqua,MODIS,72,6.03,298.5,24.9,D,0
31.5824,-82.3337,325.9,1.9,1.4,2018-10-30,1818,Aqua,MODIS,82,6.03,299,51.4,D,0
31.5687,-83.1064,308.2,2.2,1.4,2018-10-30,1818,Aqua,MODIS,58,6.03,296.8,15.4,D,0
30.7237,-87.5849,306.1,4.5,2,2018-10-30,1818,Aqua,MODIS,47,6.03,290.7,37,D,0
30.7247,-87.5885,309.2,4.5,2,2018-10-30,1818,Aqua,MODIS,61,6.03,290.7,57.4,D,0
31.5842,-85.1293,312.4,3,1.6,2018-10-30,1818,Aqua,MODIS,68,6.03,294.3,43.2,D,0
31.5854,-85.1365,310.4,3,1.6,2018-10-30,1818,Aqua,MODIS,38,6.03,294.3,33.4,D,0
31.6913,-84.7951,308.7,2.8,1.6,2018-10-30,1818,Aqua,MODIS,62,6.03,294.2,27.6,D,0
31.6204,-85.1158,322.2,2.9,1.6,2018-10-30,1818,Aqua,MODIS,69,6.03,294,85.7,D,0
31.6139,-85.1453,304.4,3,1.6,2018-10-30,1818,Aqua,MODIS,29,6.03,292.7,18.4,D,0
31.425,-85.9796,331.9,3.4,1.7,2018-10-30,1818,Aqua,MODIS,87,6.03,293.9,173.1,D,0
31.2711,-86.7119,318,3.8,1.8,2018-10-30,1818,Aqua,MODIS,76,6.03,293.5,99,D,0
32.205,-82.5851,305.7,1.9,1.4,2018-10-30,1818,Aqua,MODIS,32,6.03,294.9,9.8,D,0
31.2775,-86.7183,314.1,3.8,1.8,2018-10-30,1818,Aqua,MODIS,72,6.03,293.2,75.3,D,0
32.2126,-82.571,309.7,1.9,1.4,2018-10-30,1818,Aqua,MODIS,66,6.03,296.1,18.1,D,0
32.4557,-81.5172,324.2,1.6,1.3,2018-10-30,1818,Aqua,MODIS,82,6.03,294.6,41.2,D,0
32.4524,-81.5343,326.5,1.6,1.3,2018-10-30,1818,Aqua,MODIS,84,6.03,293.9,46.9,D,0
32.6897,-80.4291,306.2,1.4,1.2,2018-10-30,1818,Aqua,MODIS,57,6.03,293.9,8.9,D,0
31.8149,-85.2201,346.5,3,1.6,2018-10-30,1818,Aqua,MODIS,94,6.03,295.4,259.6,D,0
31.8082,-85.2502,320.6,3,1.6,2018-10-30,1818,Aqua,MODIS,79,6.03,292.8,81.7,D,0
32.2716,-83.1888,311.5,2.1,1.4,2018-10-30,1818,Aqua,MODIS,46,6.03,295.2,22.4,D,0
32.2672,-83.2106,342.8,2.1,1.4,2018-10-30,1818,Aqua,MODIS,93,6.03,297.3,136.5,D,0
31.8154,-85.225,346.8,3,1.6,2018-10-30,1818,Aqua,MODIS,94,6.03,295.5,262.5,D,0
31.8085,-85.2551,312,3,1.6,2018-10-30,1818,Aqua,MODIS,69,6.03,292.4,44.4,D,0
32.2717,-83.1937,326.2,2.1,1.4,2018-10-30,1818,Aqua,MODIS,84,6.03,295.9,63.7,D,0
32.2672,-83.2155,335.3,2.1,1.4,2018-10-30,1818,Aqua,MODIS,89,6.03,296.7,100,D,0
32.2841,-83.1972,306.9,2.1,1.4,2018-10-30,1818,Aqua,MODIS,61,6.03,293.6,15.3,D,0
32.2796,-83.219,318.4,2.1,1.4,2018-10-30,1818,Aqua,MODIS,77,6.03,294.5,42.8,D,0
33.0125,-79.8862,304,1.3,1.1,2018-10-30,1818,Aqua,MODIS,53,6.03,292.4,7.3,D,2
32.6899,-81.6349,308,1.6,1.3,2018-10-30,1818,Aqua,MODIS,65,6.03,294.9,13.3,D,0
32.5338,-82.4929,313.5,1.9,1.3,2018-10-30,1818,Aqua,MODIS,73,6.03,292.2,25.2,D,0
32.5299,-82.5123,313.4,1.9,1.3,2018-10-30,1818,Aqua,MODIS,72,6.03,292.8,25,D,0
31.3823,-87.661,306.9,4.4,1.9,2018-10-30,1818,Aqua,MODIS,52,6.03,291.7,38.4,D,0
32.5455,-82.4962,313.6,1.9,1.3,2018-10-30,1818,Aqua,MODIS,64,6.03,293.3,25.2,D,0
31.3989,-87.6667,306.7,4.4,1.9,2018-10-30,1818,Aqua,MODIS,43,6.03,290.6,37.3,D,0
31.7507,-86.3328,304.4,3.5,1.8,2018-10-30,1818,Aqua,MODIS,53,6.03,293.1,24.3,D,0
32.5217,-82.8699,305.6,2,1.4,2018-10-30,1818,Aqua,MODIS,37,6.03,293.6,10.8,D,2
32.5164,-82.8519,305.3,2,1.4,2018-10-30,1818,Aqua,MODIS,51,6.03,292.2,10.9,D,2
32.5284,-82.8552,304.5,2,1.4,2018-10-30,1818,Aqua,MODIS,50,6.03,293,9.3,D,0
32.7504,-81.8021,325.1,1.7,1.3,2018-10-30,1818,Aqua,MODIS,83,6.03,293.7,45.7,D,0
32.7469,-81.8196,352.7,1.7,1.3,2018-10-30,1818,Aqua,MODIS,97,6.03,297.5,143.4,D,0
32.6443,-82.5913,310,1.9,1.3,2018-10-30,1818,Aqua,MODIS,68,6.03,295.7,19.6,D,0
32.6404,-82.6111,309.3,1.9,1.3,2018-10-30,1818,Aqua,MODIS,67,6.03,293.9,18.5,D,0
32.7351,-82.4195,305,1.8,1.3,2018-10-30,1818,Aqua,MODIS,58,6.03,292.4,11,D,0
32.7313,-82.4387,335.1,1.8,1.3,2018-10-30,1818,Aqua,MODIS,89,6.03,295.2,83.4,D,0
32.8434,-82.6876,335.9,1.9,1.3,2018-10-30,1818,Aqua,MODIS,90,6.03,296.1,89.8,D,0
32.8394,-82.7072,336.6,1.9,1.3,2018-10-30,1818,Aqua,MODIS,90,6.03,297.3,92.7,D,0
32.8552,-82.6909,309.3,1.9,1.3,2018-10-30,1818,Aqua,MODIS,68,6.03,292.9,19.2,D,0
32.8512,-82.7106,305.5,1.9,1.3,2018-10-30,1818,Aqua,MODIS,60,6.03,292.8,13,D,0
32.0207,-86.6408,304.6,3.6,1.8,2018-10-30,1818,Aqua,MODIS,57,6.03,292.5,28.4,D,0
33.0577,-81.9057,349.2,1.7,1.3,2018-10-30,1818,Aqua,MODIS,96,6.03,292.8,127.6,D,0
33.0543,-81.9232,349,1.7,1.3,2018-10-30,1818,Aqua,MODIS,96,6.03,293.4,127,D,0
32.029,-86.6472,309.3,3.6,1.8,2018-10-30,1818,Aqua,MODIS,67,6.03,292.6,45.7,D,0
32.472,-85.2753,308.9,2.9,1.6,2018-10-30,1818,Aqua,MODIS,67,6.03,293.2,33.7,D,0
33.1671,-81.9409,321.4,1.7,1.3,2018-10-30,1818,Aqua,MODIS,77,6.03,291.6,35.9,D,0
33.1654,-81.9475,319.1,1.7,1.3,2018-10-30,1818,Aqua,MODIS,79,6.03,290.8,33.4,D,0
33.1766,-81.9507,314.3,1.7,1.3,2018-10-30,1818,Aqua,MODIS,75,6.03,287.7,24.1,D,0
32.4741,-85.2832,307.6,2.9,1.6,2018-10-30,1818,Aqua,MODIS,65,6.03,293,29.7,D,0
33.1239,-82.8691,311.2,1.9,1.4,2018-10-30,1818,Aqua,MODIS,71,6.03,292.4,25.1,D,0
33.2313,-82.802,309.5,1.9,1.3,2018-10-30,1818,Aqua,MODIS,62,6.03,294.2,19.5,D,0
33.2431,-82.8054,313.3,1.9,1.3,2018-10-30,1818,Aqua,MODIS,74,6.03,293.6,27.4,D,0
32.3382,-87.0986,301.7,3.8,1.8,2018-10-30,1818,Aqua,MODIS,35,6.03,288.9,15.8,D,0
32.7592,-85.2642,307.1,2.8,1.6,2018-10-30,1818,Aqua,MODIS,65,6.03,291.8,29.1,D,0
32.3543,-87.0657,302.1,3.8,1.8,2018-10-30,1818,Aqua,MODIS,25,6.03,288.9,15.4,D,0
33.2593,-83.3139,311.6,2,1.4,2018-10-30,1818,Aqua,MODIS,72,6.03,292.2,27.7,D,0
33.2658,-83.3004,306.2,2,1.4,2018-10-30,1818,Aqua,MODIS,63,6.03,292.1,18,D,0
33.2613,-83.3217,307.1,2,1.4,2018-10-30,1818,Aqua,MODIS,65,6.03,292.2,19.6,D,0
33.496,-83.0648,310.6,1.9,1.4,2018-10-30,1818,Aqua,MODIS,70,6.03,291.1,24.9,D,0
34.3193,-78.6947,311.6,1.1,1,2018-10-30,1818,Aqua,MODIS,71,6.03,292.6,11,D,2
34.2961,-78.8359,315.2,1.1,1.1,2018-10-30,1818,Aqua,MODIS,75,6.03,292.4,13.5,D,0
34.3059,-79.0118,317.5,1.1,1.1,2018-10-30,1818,Aqua,MODIS,78,6.03,292.1,17,D,0
34.3039,-79.0239,309.4,1.1,1.1,2018-10-30,1818,Aqua,MODIS,68,6.03,292.4,9.7,D,0
33.6716,-82.5265,310.2,1.8,1.3,2018-10-30,1818,Aqua,MODIS,53,6.03,289.8,23.2,D,0
33.6679,-82.5453,309.6,1.8,1.3,2018-10-30,1818,Aqua,MODIS,52,6.03,290,22.6,D,0
33.4943,-83.5392,302.2,2.1,1.4,2018-10-30,1818,Aqua,MODIS,51,6.03,290.5,11.6,D,0
33.495,-83.5443,303.4,2.1,1.4,2018-10-30,1818,Aqua,MODIS,56,6.03,290.8,14,D,0
33.7018,-82.781,316.5,1.8,1.3,2018-10-30,1818,Aqua,MODIS,77,6.03,293.9,33.9,D,0
34.4508,-79.0219,303.5,1.1,1.1,2018-10-30,1818,Aqua,MODIS,56,6.03,291.8,5.2,D,0
33.1867,-85.7178,311,2.9,1.6,2018-10-30,1818,Aqua,MODIS,71,6.03,291.2,44.9,D,0
33.1799,-85.7482,302,3,1.6,2018-10-30,1818,Aqua,MODIS,50,6.03,291.6,17.1,D,0
33.1874,-85.7229,308.8,2.9,1.6,2018-10-30,1818,Aqua,MODIS,65,6.03,291.2,34.8,D,0
34.7613,-78.1929,308.5,1.1,1,2018-10-30,1818,Aqua,MODIS,67,6.03,291.3,8.6,D,0
34.8495,-78.1087,305.8,1,1,2018-10-30,1818,Aqua,MODIS,62,6.03,292.2,6.1,D,0
34.8512,-78.3253,305,1.1,1,2018-10-30,1818,Aqua,MODIS,60,6.03,293.1,5.3,D,0
34.8822,-78.4272,302.8,1.1,1,2018-10-30,1818,Aqua,MODIS,52,6.03,290.6,4.3,D,0
34.9696,-77.9867,302.6,1,1,2018-10-30,1818,Aqua,MODIS,53,6.03,291.7,4.2,D,0
34.9686,-78.172,302.8,1,1,2018-10-30,1818,Aqua,MODIS,54,6.03,291.6,4.2,D,0
34.9668,-78.1833,305.4,1,1,2018-10-30,1818,Aqua,MODIS,61,6.03,292.1,5.9,D,0
35.7329,-79.0638,305.8,1.1,1,2018-10-30,1819,Aqua,MODIS,47,6.03,289.1,8.2,D,0
33.7892,-87.8799,314.5,3.9,1.8,2018-10-30,1819,Aqua,MODIS,75,6.03,293.5,81.7,D,0
35.7432,-77.7035,309.2,1,1,2018-10-30,1819,Aqua,MODIS,68,6.03,291.6,8.4,D,0
35.4276,-78.661,301,1.1,1,2018-10-30,1819,Aqua,MODIS,44,6.03,290.1,3.4,D,0
34.7375,-81.6554,313.9,1.5,1.2,2018-10-30,1819,Aqua,MODIS,74,6.03,286.1,22.4,D,0
35.0231,-79.9665,304.4,1.2,1.1,2018-10-30,1819,Aqua,MODIS,59,6.03,289.4,7.8,D,0
33.2542,-88.1626,310.2,4.2,1.9,2018-10-30,1819,Aqua,MODIS,59,6.03,291,68.4,D,0
33.3388,-87.8279,310.4,4,1.9,2018-10-30,1819,Aqua,MODIS,70,6.03,292.9,57.7,D,0
32.9808,-88.6371,306.5,4.6,2,2018-10-30,1819,Aqua,MODIS,64,6.03,295.2,43.7,D,0
32.969,-88.6829,315.9,4.6,2,2018-10-30,1819,Aqua,MODIS,76,6.03,294.8,107.5,D,0
35.1363,-78.2823,302.5,1,1,2018-10-30,1819,Aqua,MODIS,53,6.03,291.4,3.7,D,0
34.2099,-83.5067,300.4,2,1.4,2018-10-30,1819,Aqua,MODIS,36,6.03,289.7,9.5,D,0
34.9963,-79.3826,310.9,1.1,1.1,2018-10-30,1819,Aqua,MODIS,71,6.03,290.6,11.7,D,0
35.229,-78.0478,303.6,1,1,2018-10-30,1819,Aqua,MODIS,49,6.03,290.3,3.6,D,0
33.9893,-84.819,304.7,2.5,1.5,2018-10-30,1819,Aqua,MODIS,60,6.03,289,20,D,0
33.9838,-84.8448,303,2.5,1.5,2018-10-30,1819,Aqua,MODIS,48,6.03,288.6,17,D,0
41.7548,-113.9068,303.5,1.2,1.1,2018-10-30,1819,Terra,MODIS,49,6.03,284.6,7.2,D,0
41.7564,-113.9212,324.4,1.2,1.1,2018-10-30,1819,Terra,MODIS,83,6.03,284.7,30,D,0
42.1395,-111.3642,303.2,1,1,2018-10-30,1819,Terra,MODIS,55,6.03,282.8,7.6,D,0
43.2562,-123.9649,306.8,4.7,2,2018-10-30,1819,Terra,MODIS,64,6.03,281.9,100.7,D,0
44.4613,-111.5249,307.9,1.1,1,2018-10-30,1819,Terra,MODIS,50,6.03,268,13.2,D,0
33.3335,-87.818,312.1,4,1.9,2018-10-30,1819,Aqua,MODIS,72,6.03,293.1,70.8,D,0
34.0167,-88.3857,307.8,4.1,1.9,2018-10-30,1819,Aqua,MODIS,65,6.03,293.3,46.7,D,0
35.5684,-79.7245,303.8,1.2,1.1,2018-10-30,1819,Aqua,MODIS,57,6.03,290.6,6.7,D,0
34.0208,-88.3948,309.2,4.1,1.9,2018-10-30,1819,Aqua,MODIS,64,6.03,292.7,57.8,D,0
33.6587,-86.3202,305.5,3.1,1.7,2018-10-30,1819,Aqua,MODIS,62,6.03,291,30.2,D,0
33.9966,-84.8261,304.2,2.5,1.5,2018-10-30,1819,Aqua,MODIS,58,6.03,288.3,20.6,D,0
33.6602,-86.3165,304.2,3.1,1.7,2018-10-30,1819,Aqua,MODIS,58,6.03,291.1,23.9,D,0
34.8122,-79.1978,319.3,1.1,1.1,2018-10-30,1819,Aqua,MODIS,79,6.03,293.9,18.3,D,0
34.8102,-79.2099,307.1,1.1,1.1,2018-10-30,1819,Aqua,MODIS,65,6.03,293.5,6.9,D,0
34.0594,-83.5165,301.2,2,1.4,2018-10-30,1819,Aqua,MODIS,45,6.03,289.6,11.8,D,0
34.0493,-83.5183,302.9,2,1.4,2018-10-30,1819,Aqua,MODIS,54,6.03,289.5,14.1,D,0
35.1238,-77.764,305.1,1,1,2018-10-30,1819,Aqua,MODIS,25,6.03,292.5,4.6,D,0
35.1328,-77.7661,314.9,1,1,2018-10-30,1819,Aqua,MODIS,75,6.03,292.2,12.3,D,0
32.9687,-88.6751,318.8,4.6,2,2018-10-30,1819,Aqua,MODIS,79,6.03,295.2,131,D,0
34.9432,-79.198,312.3,1.1,1.1,2018-10-30,1819,Aqua,MODIS,72,6.03,291.5,11.7,D,0
35.1252,-78.1744,303.5,1,1,2018-10-30,1819,Aqua,MODIS,46,6.03,292,3.8,D,0
35.0543,-78.6183,303.9,1.1,1,2018-10-30,1819,Aqua,MODIS,57,6.03,291.1,4.9,D,0
34.9451,-79.3953,303.6,1.1,1.1,2018-10-30,1819,Aqua,MODIS,56,6.03,292,5.9,D,0
36.6848,-105.7442,311.1,1.6,1.3,2018-10-30,1820,Terra,MODIS,46,6.03,283.3,20.8,D,0
40.3582,-110.3236,300.9,1,1,2018-10-30,1820,Terra,MODIS,43,6.03,288.2,3.9,D,0
39.57,-79.9375,302.9,1.1,1,2018-10-30,1820,Aqua,MODIS,54,6.03,282.5,7.5,D,0
36.6811,-105.7258,311.9,1.6,1.3,2018-10-30,1820,Terra,MODIS,49,6.03,285.9,22.3,D,0
36.7422,-120.1168,304.6,2.4,1.5,2018-10-30,1821,Terra,MODIS,44,6.03,291.4,14.3,D,0
36.8499,-119.9913,303.4,2.4,1.5,2018-10-30,1821,Terra,MODIS,32,6.03,291.5,11.2,D,0
36.8585,-119.9833,303.3,2.4,1.5,2018-10-30,1821,Terra,MODIS,24,6.03,291.5,12.1,D,0
37.0618,-120.3067,302.5,2.5,1.5,2018-10-30,1821,Terra,MODIS,41,6.03,291.3,12.5,D,0
37.8634,-121.1225,309.2,2.9,1.6,2018-10-30,1821,Terra,MODIS,68,6.03,293.8,29.7,D,0
36.3867,-119.6858,305.2,2.2,1.4,2018-10-30,1821,Terra,MODIS,47,6.03,293.1,12,D,0
36.3475,-119.2287,305.3,2.1,1.4,2018-10-30,1821,Terra,MODIS,31,6.03,292,10.7,D,0
36.1674,-119.0725,305.7,2,1.4,2018-10-30,1821,Terra,MODIS,43,6.03,293,12.3,D,0
34.2899,-110.8736,308.2,1,1,2018-10-30,1821,Terra,MODIS,63,6.03,285,8.9,D,0
34.2881,-110.8626,327.4,1,1,2018-10-30,1821,Terra,MODIS,80,6.03,285,27.5,D,0
36.7288,-120.1182,303.4,2.4,1.5,2018-10-30,1821,Terra,MODIS,27,6.03,290.9,11.3,D,0
31.3046,-103.2221,303.7,3.2,1.7,2018-10-30,1822,Terra,MODIS,41,6.03,285.8,22.9,D,0
32.7152,-92.5908,310,2.4,1.5,2018-10-30,1956,Aqua,MODIS,60,6.03,292.9,26.4,D,0
30.2332,-91.1628,308,2.8,1.6,2018-10-30,1956,Aqua,MODIS,32,6.03,295.7,17.7,D,0
30.5618,-90.5592,315.4,3.1,1.7,2018-10-30,1956,Aqua,MODIS,71,6.03,295.9,56.3,D,0
29.5401,-100.2009,348.5,1,1,2018-10-30,1956,Aqua,MODIS,95,6.03,296.2,55.4,D,0
30.6375,-92.6876,331.4,2.2,1.5,2018-10-30,1956,Aqua,MODIS,86,6.03,296.4,87.2,D,0
30.8613,-90.373,326,3.3,1.7,2018-10-30,1956,Aqua,MODIS,82,6.03,295.8,116.3,D,0
30.8741,-90.5808,308.1,3.2,1.7,2018-10-30,1956,Aqua,MODIS,58,6.03,296.7,27.6,D,0
30.7278,-93.5183,324.4,2,1.4,2018-10-30,1956,Aqua,MODIS,81,6.03,293.9,49.4,D,0
30.7706,-93.5102,310.5,2,1.4,2018-10-30,1956,Aqua,MODIS,65,6.03,293.9,17,D,0
48.3628,-119.0947,313.7,3.2,1.7,2018-10-30,1956,Terra,MODIS,59,6.03,277.1,88.8,D,0
46.3791,-121.1203,313.5,3,1.6,2018-10-30,1956,Terra,MODIS,74,6.03,277.1,76.9,D,0
46.3698,-121.0845,302.8,3,1.6,2018-10-30,1956,Terra,MODIS,46,6.03,276.3,40.1,D,0
46.3652,-121.1279,305.4,3,1.6,2018-10-30,1956,Terra,MODIS,49,6.03,276.7,46.9,D,0
46.1628,-123.4506,301.8,2.3,1.5,2018-10-30,1956,Terra,MODIS,44,6.03,278,24.8,D,0
30.0314,-99.8028,310.4,1,1,2018-10-30,1956,Aqua,MODIS,60,6.03,298,5.7,D,0
30.9795,-92.1514,317.7,2.5,1.5,2018-10-30,1956,Aqua,MODIS,75,6.03,296.1,36.8,D,0
30.9774,-92.177,317.6,2.5,1.5,2018-10-30,1956,Aqua,MODIS,75,6.03,297.7,36.2,D,0
31.6384,-89.7253,308.5,3.7,1.8,2018-10-30,1956,Aqua,MODIS,59,6.03,296.6,34.8,D,0
31.6452,-89.7306,306.6,3.7,1.8,2018-10-30,1956,Aqua,MODIS,53,6.03,296.4,25.8,D,0
30.6544,-101.2105,324.2,1,1,2018-10-30,1956,Aqua,MODIS,79,6.03,299,17.8,D,0
30.6529,-101.2209,311.1,1,1,2018-10-30,1956,Aqua,MODIS,60,6.03,298.1,5.5,D,0
30.9066,-100.0638,320.1,1,1,2018-10-30,1956,Aqua,MODIS,75,6.03,298.9,13.1,D,0
32.0237,-88.9938,309.1,4.2,1.9,2018-10-30,1956,Aqua,MODIS,62,6.03,294.7,49.7,D,0
32.0261,-88.9987,309.3,4.2,1.9,2018-10-30,1956,Aqua,MODIS,63,6.03,294.7,50.6,D,0
32.1041,-92.3223,309.4,2.5,1.5,2018-10-30,1956,Aqua,MODIS,52,6.03,293.3,21.5,D,0
32.1019,-92.3485,310.7,2.5,1.5,2018-10-30,1956,Aqua,MODIS,62,6.03,293.3,25.2,D,0
32.0988,-92.3296,308.9,2.5,1.5,2018-10-30,1956,Aqua,MODIS,34,6.03,293.5,19.7,D,0
32.1281,-92.3065,355.4,2.5,1.5,2018-10-30,1956,Aqua,MODIS,98,6.03,295.2,268.5,D,0
32.126,-92.3325,309.9,2.5,1.5,2018-10-30,1956,Aqua,MODIS,30,6.03,294.4,21.7,D,0
31.7018,-98.0949,312.6,1.1,1.1,2018-10-30,1956,Aqua,MODIS,65,6.03,292.8,9,D,0
31.3628,-101.776,314,1,1,2018-10-30,1956,Aqua,MODIS,51,6.03,300.3,7.3,D,0
32.8334,-88.9328,310.1,4.3,1.9,2018-10-30,1956,Aqua,MODIS,66,6.03,295.9,55,D,0
32.9688,-88.6597,306.5,4.5,1.9,2018-10-30,1956,Aqua,MODIS,57,6.03,294.8,36.2,D,0
32.9685,-88.6641,307,4.5,1.9,2018-10-30,1956,Aqua,MODIS,59,6.03,294.7,39.9,D,0
32.7225,-92.5965,307.1,2.4,1.5,2018-10-30,1956,Aqua,MODIS,57,6.03,292.7,19.9,D,0
33.1295,-88.2393,305.8,4.8,2,2018-10-30,1956,Aqua,MODIS,46,6.03,289,42.3,D,0
32.0987,-101.6769,318.3,1,1,2018-10-30,1957,Aqua,MODIS,72,6.03,298.6,10.6,D,0
33.3179,-88.4156,305.5,4.7,2,2018-10-30,1957,Aqua,MODIS,48,6.03,289.4,41.4,D,0
33.3199,-88.4116,304.4,4.7,2,2018-10-30,1957,Aqua,MODIS,36,6.03,289.2,35.6,D,0
33.4245,-91.6426,311.4,2.9,1.6,2018-10-30,1957,Aqua,MODIS,38,6.03,289.7,44.7,D,0
42.8296,-124.3234,310,2.6,1.5,2018-10-30,1957,Terra,MODIS,69,6.03,279.1,45.4,D,0
42.8347,-124.3144,314.7,2.6,1.5,2018-10-30,1957,Terra,MODIS,75,6.03,280.8,62.4,D,0
43.2548,-123.9591,302.4,2.6,1.6,2018-10-30,1957,Terra,MODIS,51,6.03,282.2,29.2,D,0
43.3461,-124.2782,310.3,2.5,1.5,2018-10-30,1957,Terra,MODIS,53,6.03,284.8,43.2,D,0
45.0555,-123.7856,304.7,2.4,1.5,2018-10-30,1957,Terra,MODIS,60,6.03,281.5,31.4,D,0
45.0624,-123.8151,313.1,2.4,1.5,2018-10-30,1957,Terra,MODIS,73,6.03,281.4,51.7,D,0
45.3801,-123.5443,306.3,2.4,1.5,2018-10-30,1957,Terra,MODIS,60,6.03,281,36.3,D,0
45.3756,-123.5408,307.1,2.4,1.5,2018-10-30,1957,Terra,MODIS,65,6.03,281,35.4,D,0
45.5371,-123.4602,313.6,2.4,1.5,2018-10-30,1957,Terra,MODIS,64,6.03,278.3,55.5,D,0
32.0971,-101.6876,334.1,1,1,2018-10-30,1957,Aqua,MODIS,87,6.03,299.1,30,D,0
41.5276,-122.5233,305.9,3.6,1.8,2018-10-30,1958,Terra,MODIS,46,6.03,289.2,42.9,D,0
41.5172,-122.4829,307,3.6,1.8,2018-10-30,1958,Terra,MODIS,65,6.03,290.7,44.3,D,0
36.6784,-105.7384,319.3,1.3,1.1,2018-10-30,1958,Aqua,MODIS,71,6.03,274,27.4,D,0
43.9243,-103.6952,339.6,1,1,2018-10-30,2000,Aqua,MODIS,69,6.03,280.8,45,D,0
46.8608,-96.4995,326.2,2,1.4,2018-10-30,2000,Aqua,MODIS,84,6.03,285.8,68.4,D,0
46.8505,-96.4761,319.2,2.1,1.4,2018-10-30,2000,Aqua,MODIS,79,6.03,285.8,51,D,0
46.8487,-96.5028,302.4,2,1.4,2018-10-30,2000,Aqua,MODIS,46,6.03,285.3,15.5,D,0
46.8627,-96.4729,320.4,2.1,1.4,2018-10-30,2000,Aqua,MODIS,69,6.03,284.4,51.3,D,0
46.863,-96.4779,325.6,2.1,1.4,2018-10-30,2000,Aqua,MODIS,84,6.03,284.7,68.9,D,0
46.8502,-96.4712,312.5,2.1,1.4,2018-10-30,2000,Aqua,MODIS,42,6.03,285.4,32.1,D,0
45.5686,-98.5862,314.4,1.5,1.2,2018-10-30,2000,Aqua,MODIS,75,6.03,289.9,23.4,D,0
45.5704,-98.5667,336.8,1.5,1.2,2018-10-30,2000,Aqua,MODIS,90,6.03,290.3,71.3,D,0
43.9331,-103.6976,344.9,1,1,2018-10-30,2000,Aqua,MODIS,82,6.03,281.6,54.8,D,0
46.8612,-96.5046,314.5,2,1.4,2018-10-30,2000,Aqua,MODIS,75,6.03,285.5,37.7,D,0
44.4166,-117.9196,312.7,3.8,1.8,2018-10-30,2001,Aqua,MODIS,55,6.03,277.6,102.6,D,0
47.8886,-102.6822,300.9,1.1,1,2018-10-30,2001,Aqua,MODIS,39,6.03,283.7,6.5,D,0
47.9599,-103.2186,301.5,1.1,1,2018-10-30,2001,Aqua,MODIS,47,6.03,284,6.7,D,0
46.7782,-116.2121,313.4,2.6,1.6,2018-10-30,2001,Aqua,MODIS,0,6.03,274.6,58.4,D,0
46.7696,-116.2116,309.1,2.6,1.6,2018-10-30,2001,Aqua,MODIS,0,6.03,275.1,45.5,D,0
46.3619,-121.1567,301.2,4.8,2,2018-10-30,2001,Aqua,MODIS,46,6.03,276.4,73.4,D,0
48.4849,-115.4464,304.1,2.1,1.4,2018-10-30,2002,Aqua,MODIS,22,6.03,272.8,25.8,D,0
48.4775,-115.4779,324.9,2.1,1.4,2018-10-30,2002,Aqua,MODIS,0,6.03,273.6,77.9,D,0
48.5739,-116.2852,303,2.3,1.5,2018-10-30,2002,Aqua,MODIS,20,6.03,273.6,25.8,D,0
48.5825,-116.2995,304.1,2.3,1.5,2018-10-30,2002,Aqua,MODIS,14,6.03,274.9,27.5,D,0
48.5986,-116.3498,306.3,2.3,1.5,2018-10-30,2002,Aqua,MODIS,63,6.03,277.7,33.6,D,0
48.8403,-115.8608,305.3,2.2,1.4,2018-10-30,2002,Aqua,MODIS,0,6.03,275.5,29.4,D,0
48.3536,-119.0973,300.6,3.3,1.7,2018-10-30,2002,Aqua,MODIS,39,6.03,276,40.1,D,0
37.0971,-119.3031,309,2,1.4,2018-10-30,2137,Aqua,MODIS,60,6.03,285.9,26.8,D,0
37.1659,-119.2752,304.8,2,1.4,2018-10-30,2137,Aqua,MODIS,40,6.03,283.6,21.9,D,0
37.1641,-119.2964,307,2,1.4,2018-10-30,2137,Aqua,MODIS,52,6.03,285,25,D,0
37.167,-119.2797,310.6,2,1.4,2018-10-30,2137,Aqua,MODIS,65,6.03,283.9,30.2,D,0
37.6573,-120.7479,305.6,1.7,1.3,2018-10-30,2137,Aqua,MODIS,52,6.03,295.2,7.5,D,0
38.0813,-121.1983,310.9,1.6,1.2,2018-10-30,2137,Aqua,MODIS,68,6.03,298.2,12.9,D,0
38.2509,-121.5658,308.6,1.5,1.2,2018-10-30,2137,Aqua,MODIS,60,6.03,296.9,9.4,D,0
39.4656,-120.2654,310.2,1.9,1.3,2018-10-30,2137,Aqua,MODIS,65,6.03,281.9,31.1,D,0
39.3586,-121.505,333.1,1.6,1.2,2018-10-30,2137,Aqua,MODIS,88,6.03,296,57.2,D,0
43.2582,-123.966,303,1.3,1.1,2018-10-30,2138,Aqua,MODIS,54,6.03,286.3,9.8,D,0
42.8264,-124.3069,336,1.3,1.1,2018-10-30,2138,Aqua,MODIS,90,6.03,287.4,54.1,D,0
42.8248,-124.322,364.3,1.3,1.1,2018-10-30,2138,Aqua,MODIS,100,6.03,290.9,140.5,D,0
43.1504,-123.2284,300.6,1.4,1.2,2018-10-30,2138,Aqua,MODIS,34,6.03,288.1,8.8,D,0
43.2015,-124.3101,305.1,1.3,1.1,2018-10-30,2138,Aqua,MODIS,60,6.03,286.4,10.7,D,0
43.2896,-124.2361,312.1,1.3,1.1,2018-10-30,2138,Aqua,MODIS,68,6.03,287.6,17.7,D,0
43.3365,-124.2777,355.5,1.3,1.1,2018-10-30,2138,Aqua,MODIS,98,6.03,288,109.9,D,0
43.3348,-124.2933,353.8,1.3,1.1,2018-10-30,2138,Aqua,MODIS,85,6.03,287.7,104,D,0
43.9622,-122.3147,302.7,1.6,1.3,2018-10-30,2139,Aqua,MODIS,53,6.03,278.5,16.7,D,0
44.428,-117.9096,303.1,3,1.6,2018-10-30,2139,Aqua,MODIS,44,6.03,279,35.8,D,0
44.6515,-123.9138,307.9,1.4,1.2,2018-10-30,2139,Aqua,MODIS,66,6.03,286.1,14.3,D,0
44.6592,-123.9048,310.3,1.4,1.2,2018-10-30,2139,Aqua,MODIS,70,6.03,285.3,17.3,D,0
45.845,-121.2519,304.6,2,1.4,2018-10-30,2139,Aqua,MODIS,59,6.03,278.7,23.9,D,0
45.8431,-121.2781,310.3,2,1.4,2018-10-30,2139,Aqua,MODIS,70,6.03,277.9,34.4,D,0
45.8715,-121.2305,331.5,2,1.4,2018-10-30,2139,Aqua,MODIS,87,6.03,278.4,90,D,0
45.6935,-123.3821,312.7,1.5,1.2,2018-10-30,2139,Aqua,MODIS,63,6.03,279.9,25.7,D,0
45.8731,-121.2359,323,2,1.4,2018-10-30,2139,Aqua,MODIS,82,6.03,278.4,64.6,D,0
45.9189,-121.2936,313.2,2,1.4,2018-10-30,2139,Aqua,MODIS,73,6.03,276.8,40.7,D,0
45.9911,-121.2095,300.7,2,1.4,2018-10-30,2139,Aqua,MODIS,40,6.03,277.4,18.9,D,0
46.1856,-118.8659,302.2,2.7,1.6,2018-10-30,2139,Aqua,MODIS,51,6.03,287.9,20.1,D,0
46.1838,-118.9004,301.3,2.7,1.6,2018-10-30,2139,Aqua,MODIS,44,6.03,289,18.1,D,0
46.1881,-118.871,303.7,2.7,1.6,2018-10-30,2139,Aqua,MODIS,53,6.03,288.3,22.1,D,0
46.1187,-123.4494,303.6,1.5,1.2,2018-10-30,2139,Aqua,MODIS,57,6.03,278.1,16.1,D,0
46.117,-123.4688,335,1.5,1.2,2018-10-30,2139,Aqua,MODIS,89,6.03,280.4,72.7,D,0
46.2615,-123.3773,305.4,1.5,1.2,2018-10-30,2139,Aqua,MODIS,61,6.03,281.8,16.5,D,0
46.2618,-123.3824,303.1,1.5,1.2,2018-10-30,2139,Aqua,MODIS,55,6.03,281.9,14.8,D,0
46.2704,-123.897,322.4,1.5,1.2,2018-10-30,2139,Aqua,MODIS,44,6.03,280.8,34.7,D,0
46.5778,-123.2748,309,1.6,1.2,2018-10-30,2139,Aqua,MODIS,64,6.03,276,23.8,D,0
56.1913,-159.3839,413.6,1,1,2018-10-30,2321,Aqua,MODIS,100,6.03,287.3,0,D,1
33.0161,-79.885,304.6,1.3,1.1,2018-10-31,0344,Terra,MODIS,58,6.03,282.3,12.7,N,2
33.0133,-79.8905,300.5,1.3,1.1,2018-10-31,0344,Terra,MODIS,15,6.03,282.5,9.3,N,2
42.684,-111.5936,328.5,1,1,2018-10-31,0525,Terra,MODIS,100,6.03,268.1,33.7,N,2
30.9456,-88.0099,301.3,1.2,1.1,2018-10-31,0801,Aqua,MODIS,40,6.03,290.2,7.7,N,2
56.1875,-159.3936,398.7,1.5,1.2,2018-10-31,0847,Terra,MODIS,100,6.03,278.8,0,N,1
42.6821,-111.5912,336.4,1,1,2018-10-31,0936,Aqua,MODIS,100,6.03,266.2,45.3,N,2
56.1932,-159.386,435.7,1.1,1,2018-10-31,1250,Aqua,MODIS,100,6.03,295.1,0,N,1
56.2023,-159.3823,375.9,1.1,1,2018-10-31,1250,Aqua,MODIS,100,6.03,273,0,N,1
41.4367,-75.3276,304,1.2,1.1,2018-10-31,1545,Terra,MODIS,36,6.03,286,8.5,D,2
41.4383,-75.3355,310.1,1.2,1.1,2018-10-31,1545,Terra,MODIS,0,6.03,286.1,13.3,D,0
37.2514,-75.9696,302.6,1.2,1.1,2018-10-31,1546,Terra,MODIS,50,6.03,289.5,5.3,D,0
37.2498,-75.9565,303.7,1.2,1.1,2018-10-31,1546,Terra,MODIS,57,6.03,290,6,D,0
33.8354,-83.2155,305.4,2.9,1.6,2018-10-31,1547,Terra,MODIS,61,6.03,289.9,29.4,D,0
35.1741,-78.5259,302.5,1.5,1.2,2018-10-31,1547,Terra,MODIS,52,6.03,289.5,7.6,D,0
35.0836,-79.8018,305.8,1.8,1.3,2018-10-31,1547,Terra,MODIS,62,6.03,289.7,15.5,D,0
35.0769,-79.8088,306,1.8,1.3,2018-10-31,1547,Terra,MODIS,63,6.03,289.7,14.6,D,0
35.0453,-79.8527,300.2,1.8,1.3,2018-10-31,1547,Terra,MODIS,24,6.03,289,8.5,D,0
34.3522,-80.4661,305.9,1.9,1.4,2018-10-31,1547,Terra,MODIS,62,6.03,286.8,17,D,0
33.8333,-83.1838,301.9,2.9,1.6,2018-10-31,1547,Terra,MODIS,50,6.03,290.1,20,D,0
33.8345,-83.2229,300.6,2.9,1.6,2018-10-31,1547,Terra,MODIS,20,6.03,289.5,14.6,D,0
33.8321,-83.1913,305.5,2.9,1.6,2018-10-31,1547,Terra,MODIS,61,6.03,290,27.7,D,0
33.4192,-83.479,302.4,3,1.6,2018-10-31,1547,Terra,MODIS,52,6.03,290.8,21.3,D,0
32.3184,-85.5844,304.8,4,1.9,2018-10-31,1548,Terra,MODIS,47,6.03,291,36,D,0
32.557,-82.4227,321.9,2.5,1.5,2018-10-31,1548,Terra,MODIS,81,6.03,293.7,65,D,0
32.5433,-82.4242,318.6,2.5,1.5,2018-10-31,1548,Terra,MODIS,78,6.03,293.5,51.9,D,0
32.6903,-84.6813,304.4,3.5,1.8,2018-10-31,1548,Terra,MODIS,57,6.03,287.6,35.1,D,0
32.688,-84.644,307.4,3.5,1.8,2018-10-31,1548,Terra,MODIS,64,6.03,288.8,46.6,D,0
32.6789,-84.6522,310.8,3.5,1.8,2018-10-31,1548,Terra,MODIS,69,6.03,289.3,57.2,D,0
32.461,-82.5201,311.7,2.5,1.5,2018-10-31,1548,Terra,MODIS,64,6.03,294.3,31.1,D,0
32.4472,-82.5216,358.4,2.5,1.5,2018-10-31,1548,Terra,MODIS,99,6.03,296,304.4,D,0
32.4451,-82.4949,314.5,2.5,1.5,2018-10-31,1548,Terra,MODIS,74,6.03,293.2,39,D,0
32.2109,-81.4034,309,2.1,1.4,2018-10-31,1548,Terra,MODIS,66,6.03,292.9,18.4,D,0
32.2106,-81.4106,310.7,2.1,1.4,2018-10-31,1548,Terra,MODIS,59,6.03,293.1,23,D,0
32.4339,-85.4426,302.3,3.9,1.8,2018-10-31,1548,Terra,MODIS,37,6.03,290.8,28,D,0
32.3633,-84.5054,323.6,3.4,1.7,2018-10-31,1548,Terra,MODIS,82,6.03,293.2,113.2,D,0
32.361,-84.4695,315.1,3.4,1.7,2018-10-31,1548,Terra,MODIS,74,6.03,293,64.8,D,0
32.3528,-84.5124,311.5,3.4,1.7,2018-10-31,1548,Terra,MODIS,69,6.03,292.7,52.9,D,0
32.3504,-84.4764,315.5,3.4,1.7,2018-10-31,1548,Terra,MODIS,74,6.03,292.9,70.6,D,0
32.5591,-82.4492,306.7,2.5,1.5,2018-10-31,1548,Terra,MODIS,18,6.03,293.4,18.5,D,0
32.3162,-85.5414,316.4,4,1.9,2018-10-31,1548,Terra,MODIS,75,6.03,291.5,99.2,D,0
32.3284,-85.5486,302.7,4,1.9,2018-10-31,1548,Terra,MODIS,19,6.03,291.4,27.6,D,0
32.3116,-85.5494,314.5,4,1.9,2018-10-31,1548,Terra,MODIS,73,6.03,291.4,90.1,D,0
32.1269,-82.8544,312.9,2.6,1.6,2018-10-31,1548,Terra,MODIS,71,6.03,294.5,38.7,D,0
32.1247,-82.8268,321,2.6,1.6,2018-10-31,1548,Terra,MODIS,79,6.03,294.5,67.2,D,0
31.9752,-85.8523,303.1,4.2,1.9,2018-10-31,1548,Terra,MODIS,36,6.03,292.1,27.5,D,0
31.9722,-85.8603,307.2,4.2,1.9,2018-10-31,1548,Terra,MODIS,59,6.03,292.2,49.9,D,0
31.592,-82.3322,306.6,2.4,1.5,2018-10-31,1548,Terra,MODIS,39,6.03,296,13.1,D,0
31.7624,-84.9359,304.2,3.6,1.8,2018-10-31,1548,Terra,MODIS,45,6.03,293,28,D,0
31.5833,-82.34,306.8,2.4,1.5,2018-10-31,1548,Terra,MODIS,42,6.03,296.1,13.5,D,0
31.5811,-82.3151,311.1,2.4,1.5,2018-10-31,1548,Terra,MODIS,67,6.03,296.4,23.4,D,0
31.7699,-84.943,307.1,3.6,1.8,2018-10-31,1548,Terra,MODIS,58,6.03,293.6,40.3,D,0
31.6589,-84.2312,313.9,3.2,1.7,2018-10-31,1548,Terra,MODIS,71,6.03,294.4,51.5,D,0
31.6567,-84.1975,319.5,3.2,1.7,2018-10-31,1548,Terra,MODIS,77,6.03,294.8,77.8,D,0
30.5459,-83.9527,332.5,3,1.6,2018-10-31,1548,Terra,MODIS,87,6.03,296,146.6,D,0
30.5436,-83.9216,308.2,3,1.6,2018-10-31,1548,Terra,MODIS,59,6.03,295.2,28.4,D,0
30.5458,-83.9588,327.7,3,1.6,2018-10-31,1548,Terra,MODIS,84,6.03,295.7,116.6,D,0
30.5433,-83.9276,314,3,1.6,2018-10-31,1548,Terra,MODIS,70,6.03,295.4,49.5,D,0
30.0456,-82.6412,312.2,2.4,1.5,2018-10-31,1548,Terra,MODIS,67,6.03,298.5,22.1,D,0
32.749,-81.7991,318.1,2.3,1.5,2018-10-31,1548,Terra,MODIS,78,6.03,294.8,45.6,D,0
32.8231,-81.8888,325.8,2.3,1.5,2018-10-31,1548,Terra,MODIS,84,6.03,294.7,69,D,0
32.8329,-81.8807,315.7,2.3,1.5,2018-10-31,1548,Terra,MODIS,76,6.03,294.7,39,D,0
32.835,-81.9053,313.3,2.3,1.5,2018-10-31,1548,Terra,MODIS,73,6.03,294.9,32.4,D,0
26.6825,-81.4653,313.3,1.8,1.3,2018-10-31,1549,Terra,MODIS,53,6.03,299.5,12.2,D,0
26.6873,-81.4708,314.4,1.8,1.3,2018-10-31,1549,Terra,MODIS,64,6.03,300,16,D,0
26.5493,-80.9513,318,1.6,1.3,2018-10-31,1549,Terra,MODIS,61,6.03,293,21.2,D,0
26.5489,-80.9415,327.1,1.6,1.3,2018-10-31,1549,Terra,MODIS,76,6.03,295.8,38.6,D,0
26.5247,-81.5401,313.5,1.8,1.3,2018-10-31,1549,Terra,MODIS,63,6.03,300.4,13.5,D,0
29.1094,-81.374,307.5,1.9,1.3,2018-10-31,1549,Terra,MODIS,36,6.03,296.1,10.7,D,0
28.7904,-82.5035,312.7,2.3,1.5,2018-10-31,1549,Terra,MODIS,64,6.03,298.5,21.9,D,0
28.5488,-80.8073,315.5,1.7,1.3,2018-10-31,1549,Terra,MODIS,60,6.03,298.8,18.3,D,2
27.7357,-82.2987,322.4,2.1,1.4,2018-10-31,1549,Terra,MODIS,77,6.03,299.2,41.9,D,0
45.1675,-96.1219,309.4,1,1,2018-10-31,1723,Terra,MODIS,60,6.03,284.5,10.4,D,0
43.6259,-99.3105,301.5,1.2,1.1,2018-10-31,1723,Terra,MODIS,41,6.03,288.1,6.5,D,0
41.0529,-94.331,326.2,1.1,1,2018-10-31,1724,Terra,MODIS,84,6.03,288.1,26.6,D,0
41.055,-94.3434,303.8,1.1,1,2018-10-31,1724,Terra,MODIS,57,6.03,287.7,5.9,D,2
39.6187,-106.4228,305.3,2.7,1.6,2018-10-31,1725,Terra,MODIS,0,6.03,271.9,45,D,0
30.9181,-87.4256,318.5,4.3,1.9,2018-10-31,1726,Terra,MODIS,77,6.03,290.5,114.1,D,0
30.6914,-87.5582,309.5,4.3,1.9,2018-10-31,1726,Terra,MODIS,66,6.03,293.1,52.6,D,0
31.8184,-93.1272,300.9,1.7,1.3,2018-10-31,1726,Terra,MODIS,38,6.03,272.7,7.7,D,0
31.8149,-93.1096,309,1.7,1.3,2018-10-31,1726,Terra,MODIS,56,6.03,271.8,19,D,0
31.8183,-93.1145,316.3,1.7,1.3,2018-10-31,1726,Terra,MODIS,77,6.03,272.1,30,D,0
30.9285,-87.4688,317.3,4.3,1.9,2018-10-31,1726,Terra,MODIS,76,6.03,290.3,104,D,0
30.9314,-87.4621,321.1,4.3,1.9,2018-10-31,1726,Terra,MODIS,80,6.03,290.4,132.9,D,0
32.7141,-88.3484,317.6,3.4,1.7,2018-10-31,1726,Terra,MODIS,78,6.03,280.9,85.8,D,0
32.7221,-88.3828,345.2,3.4,1.7,2018-10-31,1726,Terra,MODIS,89,6.03,280,300.5,D,0
27.2801,-97.8088,325.4,1.1,1.1,2018-10-31,1728,Terra,MODIS,74,6.03,285.6,25.2,D,0
26.4792,-80.7295,314.5,1.5,1.2,2018-10-31,1859,Aqua,MODIS,36,6.03,298.1,12.5,D,0
27.0051,-82.3109,314.9,1.2,1.1,2018-10-31,1859,Aqua,MODIS,58,6.03,299.8,9.8,D,0
26.9991,-81.9422,322.5,1.3,1.1,2018-10-31,1859,Aqua,MODIS,76,6.03,297.7,20.3,D,0
28.5477,-80.8097,322.6,1.5,1.2,2018-10-31,1900,Aqua,MODIS,66,6.03,300,27.3,D,2
27.5184,-82.2728,325.9,1.2,1.1,2018-10-31,1900,Aqua,MODIS,80,6.03,299.5,24,D,0
27.7292,-82.298,316.3,1.2,1.1,2018-10-31,1900,Aqua,MODIS,63,6.03,304.1,8.6,D,0
28.5461,-80.8253,315,1.5,1.2,2018-10-31,1900,Aqua,MODIS,62,6.03,297.9,14.7,D,2
28.7939,-81.98,314.3,1.3,1.1,2018-10-31,1900,Aqua,MODIS,42,6.03,302.1,8.5,D,0
28.7827,-82.5036,316.2,1.2,1.1,2018-10-31,1900,Aqua,MODIS,67,6.03,302.4,8.9,D,0
29.0227,-82.3652,321,1.3,1.1,2018-10-31,1900,Aqua,MODIS,74,6.03,300.2,18.9,D,0
29.0212,-82.378,310,1.3,1.1,2018-10-31,1900,Aqua,MODIS,33,6.03,299,6.3,D,0
29.0326,-82.3668,316.2,1.3,1.1,2018-10-31,1900,Aqua,MODIS,51,6.03,299.9,11.4,D,0
30.0378,-82.6433,315.2,1.3,1.1,2018-10-31,1900,Aqua,MODIS,67,6.03,302.5,8.6,D,0
30.5892,-83.4568,315.1,1.2,1.1,2018-10-31,1900,Aqua,MODIS,68,6.03,300.7,10.2,D,0
30.5877,-83.4688,325.4,1.2,1.1,2018-10-31,1900,Aqua,MODIS,80,6.03,300.9,22.6,D,0
30.5328,-83.9551,319.1,1.1,1,2018-10-31,1900,Aqua,MODIS,73,6.03,300.6,13.9,D,0
30.5436,-83.9452,319.7,1.1,1,2018-10-31,1900,Aqua,MODIS,74,6.03,300.3,14.7,D,0
30.5422,-83.9566,358.3,1.1,1,2018-10-31,1900,Aqua,MODIS,99,6.03,304.2,89.7,D,0
30.7534,-83.3731,321.8,1.2,1.1,2018-10-31,1900,Aqua,MODIS,73,6.03,299.6,18.8,D,0
30.7323,-84.4261,318.2,1.1,1,2018-10-31,1900,Aqua,MODIS,71,6.03,299.2,12.9,D,0
30.7308,-84.4371,331.6,1.1,1,2018-10-31,1900,Aqua,MODIS,85,6.03,299.2,29.5,D,0
30.9381,-83.1127,357.8,1.2,1.1,2018-10-31,1900,Aqua,MODIS,99,6.03,303.3,101,D,0
30.9366,-83.1253,327.9,1.2,1.1,2018-10-31,1900,Aqua,MODIS,82,6.03,301.3,28.5,D,0
30.6688,-85.5782,317.3,1,1,2018-10-31,1900,Aqua,MODIS,66,6.03,300.4,10.4,D,0
32.6428,-87.8719,319.2,1,1,2018-10-31,1901,Aqua,MODIS,78,6.03,290.7,14.1,D,0
35.0742,-79.8185,334.1,2.2,1.4,2018-10-31,1901,Aqua,MODIS,89,6.03,294.2,98.7,D,0
35.0762,-79.795,310.3,2.2,1.4,2018-10-31,1901,Aqua,MODIS,56,6.03,293.1,22,D,0
33.7872,-86.6016,312.2,1,1,2018-10-31,1901,Aqua,MODIS,51,6.03,285.8,10.6,D,0
33.7887,-86.5909,319.1,1,1,2018-10-31,1901,Aqua,MODIS,0,6.03,283.6,16.5,D,0
34.512,-80.0436,328,2.1,1.4,2018-10-31,1901,Aqua,MODIS,85,6.03,297.3,69.7,D,0
34.5139,-80.0208,334.8,2.1,1.4,2018-10-31,1901,Aqua,MODIS,89,6.03,296.6,96,D,0
34.5117,-80.0384,339,2.1,1.4,2018-10-31,1901,Aqua,MODIS,91,6.03,297.8,113.8,D,0
34.5137,-80.0157,323.5,2.1,1.4,2018-10-31,1901,Aqua,MODIS,82,6.03,295.9,54.7,D,0
33.8812,-85.3559,330,1.1,1,2018-10-31,1901,Aqua,MODIS,86,6.03,289.9,30.4,D,0
34.3442,-80.4683,309.8,1.9,1.4,2018-10-31,1901,Aqua,MODIS,67,6.03,295.2,18.3,D,0
33.335,-87.8159,308,1,1,2018-10-31,1901,Aqua,MODIS,61,6.03,290.4,6.8,D,0
33.322,-87.4653,305.5,1,1,2018-10-31,1901,Aqua,MODIS,41,6.03,282.5,7,D,0
33.8426,-83.2137,305.7,1.3,1.1,2018-10-31,1901,Aqua,MODIS,45,6.03,288.4,6.7,D,0
33.8325,-83.212,314.9,1.3,1.1,2018-10-31,1901,Aqua,MODIS,74,6.03,292.1,17,D,0
33.9095,-82.1425,315.8,1.5,1.2,2018-10-31,1901,Aqua,MODIS,74,6.03,293.6,22,D,0
33.7078,-82.7734,327.2,1.4,1.2,2018-10-31,1901,Aqua,MODIS,84,6.03,293.2,36.8,D,0
33.7094,-82.7589,309.4,1.4,1.2,2018-10-31,1901,Aqua,MODIS,65,6.03,292.4,10.6,D,0
33.8246,-80.5371,320.3,1.9,1.3,2018-10-31,1901,Aqua,MODIS,79,6.03,296,38.1,D,0
33.8188,-80.529,316.3,1.9,1.3,2018-10-31,1901,Aqua,MODIS,75,6.03,295.4,27.9,D,0
33.4162,-83.4867,308.7,1.2,1.1,2018-10-31,1901,Aqua,MODIS,64,6.03,294.1,8.8,D,0
33.4177,-83.4734,308.7,1.2,1.1,2018-10-31,1901,Aqua,MODIS,64,6.03,294.1,8.8,D,0
32.7118,-88.382,383,1,1,2018-10-31,1901,Aqua,MODIS,100,6.03,288.4,174,D,0
32.7135,-88.371,388.3,1,1,2018-10-31,1901,Aqua,MODIS,100,6.03,284.8,199.4,D,0
33.6517,-80.8401,326.1,1.8,1.3,2018-10-31,1901,Aqua,MODIS,83,6.03,296.6,49.4,D,0
33.3194,-83.8017,309.2,1.2,1.1,2018-10-31,1901,Aqua,MODIS,65,6.03,293.3,8.9,D,0
33.3097,-83.8001,305,1.2,1.1,2018-10-31,1901,Aqua,MODIS,49,6.03,292.8,5.2,D,0
33.0524,-85.294,307.8,1.1,1,2018-10-31,1901,Aqua,MODIS,64,6.03,287.3,6.6,D,0
31.1604,-83.5582,309.8,1.2,1.1,2018-10-31,1901,Aqua,MODIS,30,6.03,295.3,5.8,D,0
31.17,-83.5598,340.9,1.2,1.1,2018-10-31,1901,Aqua,MODIS,85,6.03,296.1,49.9,D,0
31.1685,-83.5719,336.2,1.2,1.1,2018-10-31,1901,Aqua,MODIS,88,6.03,297,40.3,D,0
31.3474,-82.4857,339.1,1.3,1.1,2018-10-31,1901,Aqua,MODIS,90,6.03,302.1,55.4,D,0
31.3458,-82.4995,336.2,1.3,1.1,2018-10-31,1901,Aqua,MODIS,88,6.03,300.4,48.4,D,0
31.3441,-82.4909,341.9,1.3,1.1,2018-10-31,1901,Aqua,MODIS,91,6.03,302.7,63.5,D,0
31.3426,-82.5047,311,1.3,1.1,2018-10-31,1901,Aqua,MODIS,52,6.03,299.4,8,D,0
30.6877,-87.5373,317.1,1,1,2018-10-31,1901,Aqua,MODIS,40,6.03,296.9,10.5,D,0
30.686,-87.5479,336.5,1,1,2018-10-31,1901,Aqua,MODIS,89,6.03,298.5,34.8,D,0
30.6967,-87.5391,318.4,1,1,2018-10-31,1901,Aqua,MODIS,72,6.03,294,11.8,D,0
30.695,-87.5498,351.3,1,1,2018-10-31,1901,Aqua,MODIS,96,6.03,298.3,63.2,D,0
30.805,-86.9453,314.7,1,1,2018-10-31,1901,Aqua,MODIS,38,6.03,297.2,8.1,D,0
30.8035,-86.9557,352.8,1,1,2018-10-31,1901,Aqua,MODIS,97,6.03,299.9,64.7,D,0
30.8124,-86.9575,340.3,1,1,2018-10-31,1901,Aqua,MODIS,91,6.03,300.1,39.5,D,0
30.7685,-87.4339,353.4,1,1,2018-10-31,1901,Aqua,MODIS,97,6.03,298.2,67.2,D,0
30.7668,-87.4445,375,1,1,2018-10-31,1901,Aqua,MODIS,100,6.03,301.9,134.2,D,0
30.7758,-87.4464,323.3,1,1,2018-10-31,1901,Aqua,MODIS,79,6.03,300.7,17.5,D,0
30.9474,-86.6712,324.8,1,1,2018-10-31,1901,Aqua,MODIS,80,6.03,296.6,19.1,D,0
31.5763,-82.3252,317.5,1.4,1.2,2018-10-31,1901,Aqua,MODIS,70,6.03,301.7,15.6,D,0
31.5867,-82.3267,340.4,1.4,1.2,2018-10-31,1901,Aqua,MODIS,90,6.03,301.5,60.2,D,0
30.9237,-87.4457,357.8,1,1,2018-10-31,1901,Aqua,MODIS,99,6.03,299.8,78,D,0
30.9221,-87.4562,358,1,1,2018-10-31,1901,Aqua,MODIS,99,6.03,302.5,78.8,D,0
31.3294,-84.6305,364.5,1.1,1,2018-10-31,1901,Aqua,MODIS,100,6.03,304.7,102.3,D,0
31.3279,-84.6415,325.3,1.1,1,2018-10-31,1901,Aqua,MODIS,79,6.03,301.6,19.1,D,0
31.0385,-86.7377,310,1,1,2018-10-31,1901,Aqua,MODIS,52,6.03,298.7,5.1,D,0
31.4654,-83.627,317.1,1.2,1.1,2018-10-31,1901,Aqua,MODIS,69,6.03,300.4,11.3,D,0
31.4639,-83.6391,315.4,1.2,1.1,2018-10-31,1901,Aqua,MODIS,66,6.03,300.8,9.7,D,0
31.3526,-84.7315,334.1,1.1,1,2018-10-31,1901,Aqua,MODIS,86,6.03,301,29.2,D,0
31.3512,-84.7425,363.9,1.1,1,2018-10-31,1901,Aqua,MODIS,100,6.03,306.2,98.2,D,0
31.3497,-84.7535,329.1,1.1,1,2018-10-31,1901,Aqua,MODIS,83,6.03,302.5,23,D,0
31.3617,-84.7331,318.6,1.1,1,2018-10-31,1901,Aqua,MODIS,71,6.03,299.9,10.8,D,0
31.3603,-84.7441,325.9,1.1,1,2018-10-31,1901,Aqua,MODIS,80,6.03,301.6,19.5,D,0
30.9391,-88.0089,311.8,1.1,1,2018-10-31,1901,Aqua,MODIS,51,6.03,296.4,7.1,D,2
31.4902,-84.321,311.4,1.1,1,2018-10-31,1901,Aqua,MODIS,54,6.03,300.9,6.1,D,0
31.8509,-81.236,308.1,1.6,1.2,2018-10-31,1901,Aqua,MODIS,44,6.03,296.6,10.4,D,0
31.4246,-84.9517,321.8,1,1,2018-10-31,1901,Aqua,MODIS,76,6.03,302.1,14.2,D,0
31.4232,-84.9626,332.4,1,1,2018-10-31,1901,Aqua,MODIS,85,6.03,302.1,27.5,D,0
31.4337,-84.9534,325.8,1,1,2018-10-31,1901,Aqua,MODIS,80,6.03,301.9,18,D,0
31.4323,-84.9642,327.7,1,1,2018-10-31,1901,Aqua,MODIS,82,6.03,301.5,20.2,D,0
31.1729,-86.8304,313.1,1,1,2018-10-31,1901,Aqua,MODIS,66,6.03,297,8,D,0
31.6303,-83.4535,326.2,1.2,1.1,2018-10-31,1901,Aqua,MODIS,80,6.03,303.2,23.7,D,0
31.6288,-83.4659,313.8,1.2,1.1,2018-10-31,1901,Aqua,MODIS,29,6.03,301,8,D,0
31.64,-83.4552,321.1,1.2,1.1,2018-10-31,1901,Aqua,MODIS,75,6.03,300.4,17.3,D,0
31.6498,-84.2087,317.4,1.1,1,2018-10-31,1901,Aqua,MODIS,70,6.03,299.5,10.6,D,0
31.6484,-84.2202,341.8,1.1,1,2018-10-31,1901,Aqua,MODIS,91,6.03,301.7,47.3,D,0
31.4255,-85.97,327.7,1,1,2018-10-31,1901,Aqua,MODIS,83,6.03,297.3,21.5,D,0
31.4241,-85.9804,352.9,1,1,2018-10-31,1901,Aqua,MODIS,97,6.03,301.1,64.7,D,0
31.433,-85.9821,318.4,1,1,2018-10-31,1901,Aqua,MODIS,73,6.03,297,12.4,D,0
31.4799,-85.7766,319,1,1,2018-10-31,1901,Aqua,MODIS,74,6.03,297.8,13.3,D,0
31.4784,-85.787,313.2,1,1,2018-10-31,1901,Aqua,MODIS,65,6.03,296.5,8.3,D,0
31.5749,-85.1356,338.6,1,1,2018-10-31,1901,Aqua,MODIS,90,6.03,299.7,38.6,D,0
31.5735,-85.1464,326.2,1,1,2018-10-31,1901,Aqua,MODIS,81,6.03,299.8,20.8,D,0
31.412,-86.5811,314.6,1,1,2018-10-31,1901,Aqua,MODIS,64,6.03,297.1,8.2,D,0
31.4105,-86.5915,355.6,1,1,2018-10-31,1901,Aqua,MODIS,98,6.03,300.9,70.8,D,0
31.6149,-85.2533,352.2,1,1,2018-10-31,1901,Aqua,MODIS,96,6.03,300.7,65.5,D,0
31.6135,-85.2641,317.3,1,1,2018-10-31,1901,Aqua,MODIS,72,6.03,297.8,11.1,D,0
31.6142,-85.3957,316.2,1,1,2018-10-31,1901,Aqua,MODIS,70,6.03,297.4,10.2,D,0
31.6128,-85.4063,324.9,1,1,2018-10-31,1901,Aqua,MODIS,80,6.03,297.9,18.9,D,0
31.6738,-85.0205,308.7,1,1,2018-10-31,1901,Aqua,MODIS,48,6.03,298.2,5,D,0
31.6232,-85.3974,355.2,1,1,2018-10-31,1901,Aqua,MODIS,98,6.03,301.4,70.8,D,0
31.6218,-85.408,377.7,1,1,2018-10-31,1901,Aqua,MODIS,100,6.03,305.8,143.4,D,0
31.6317,-85.4056,357.6,1,1,2018-10-31,1901,Aqua,MODIS,99,6.03,301.2,79.3,D,0
31.6303,-85.4163,322.3,1,1,2018-10-31,1901,Aqua,MODIS,78,6.03,300.2,16.9,D,0
31.7528,-84.8394,310.9,1.1,1,2018-10-31,1901,Aqua,MODIS,59,6.03,298.9,6.3,D,0
31.7514,-84.8504,315.8,1.1,1,2018-10-31,1901,Aqua,MODIS,69,6.03,299.2,10.6,D,0
31.7672,-84.9433,338.3,1.1,1,2018-10-31,1901,Aqua,MODIS,90,6.03,302.5,39.1,D,0
31.7658,-84.9543,327.2,1.1,1,2018-10-31,1901,Aqua,MODIS,82,6.03,300.4,22.4,D,0
31.7764,-84.9449,318.7,1.1,1,2018-10-31,1901,Aqua,MODIS,73,6.03,298.9,13.6,D,0
32.2085,-81.4125,312.2,1.6,1.2,2018-10-31,1901,Aqua,MODIS,55,6.03,298.1,14.4,D,0
31.6119,-86.473,312.4,1,1,2018-10-31,1901,Aqua,MODIS,66,6.03,291.9,8.4,D,0
32.0949,-82.866,317.2,1.3,1.1,2018-10-31,1901,Aqua,MODIS,71,6.03,299.5,14.7,D,0
32.0934,-82.8795,311.9,1.3,1.1,2018-10-31,1901,Aqua,MODIS,57,6.03,299.8,9.1,D,0
32.1182,-82.8421,317.9,1.3,1.1,2018-10-31,1901,Aqua,MODIS,72,6.03,299.7,15.9,D,0
31.8344,-85.1955,344.7,1,1,2018-10-31,1901,Aqua,MODIS,93,6.03,299.3,49,D,0
31.8329,-85.2063,348.8,1,1,2018-10-31,1901,Aqua,MODIS,95,6.03,302.5,57.8,D,0
31.8424,-85.2036,308,1,1,2018-10-31,1901,Aqua,MODIS,45,6.03,297.2,4.2,D,0
31.841,-85.2144,313.1,1,1,2018-10-31,1901,Aqua,MODIS,66,6.03,298.8,8.2,D,0
31.2665,-89.3003,312.4,1.2,1.1,2018-10-31,1901,Aqua,MODIS,55,6.03,292,9.7,D,0
31.8618,-85.406,317.8,1,1,2018-10-31,1901,Aqua,MODIS,73,6.03,295.6,12.9,D,0
31.8603,-85.4167,325.5,1,1,2018-10-31,1901,Aqua,MODIS,81,6.03,297.3,21,D,0
31.7515,-86.2077,324.5,1,1,2018-10-31,1901,Aqua,MODIS,81,6.03,297.7,18.1,D,0
31.7501,-86.2181,320,1,1,2018-10-31,1901,Aqua,MODIS,77,6.03,296.3,13.6,D,0
31.4185,-88.6677,304.4,1.1,1,2018-10-31,1901,Aqua,MODIS,36,6.03,290.6,3.4,D,0
32.2574,-83.5754,308.5,1.2,1.1,2018-10-31,1901,Aqua,MODIS,42,6.03,297.5,4.8,D,0
31.9639,-85.8736,344.4,1,1,2018-10-31,1901,Aqua,MODIS,93,6.03,298.8,47.8,D,0
31.9624,-85.8841,329.7,1,1,2018-10-31,1901,Aqua,MODIS,85,6.03,297.3,24.7,D,0
32.2671,-83.577,330.3,1.2,1.1,2018-10-31,1901,Aqua,MODIS,85,6.03,300.5,32.2,D,0
31.9728,-85.8753,320.2,1,1,2018-10-31,1901,Aqua,MODIS,77,6.03,295.9,14.9,D,0
32.3135,-83.5205,328.6,1.2,1.1,2018-10-31,1901,Aqua,MODIS,83,6.03,298.8,30.1,D,0
32.4412,-82.5138,364.2,1.4,1.2,2018-10-31,1901,Aqua,MODIS,100,6.03,301.8,144.8,D,0
32.4395,-82.5281,379.6,1.4,1.2,2018-10-31,1901,Aqua,MODIS,100,6.03,306.5,229.7,D,0
32.4379,-82.5425,317.2,1.4,1.2,2018-10-31,1901,Aqua,MODIS,72,6.03,298.6,16.6,D,0
32.4366,-82.5187,353.2,1.4,1.2,2018-10-31,1901,Aqua,MODIS,97,6.03,301.8,100.8,D,0
32.4351,-82.533,320.1,1.4,1.2,2018-10-31,1901,Aqua,MODIS,65,6.03,298.8,19,D,0
32.4469,-82.5203,379.4,1.4,1.2,2018-10-31,1901,Aqua,MODIS,100,6.03,305,228.2,D,0
32.4454,-82.5347,370,1.4,1.2,2018-10-31,1901,Aqua,MODIS,100,6.03,305.9,172.9,D,0
31.7798,-87.7086,311.1,1,1,2018-10-31,1901,Aqua,MODIS,63,6.03,295.4,7.1,D,0
32.0422,-86.0348,318.5,1,1,2018-10-31,1901,Aqua,MODIS,75,6.03,296.4,12.9,D,0
32.0408,-86.0453,352.2,1,1,2018-10-31,1901,Aqua,MODIS,96,6.03,298.9,64.1,D,0
31.609,-88.9063,316.5,1.1,1.1,2018-10-31,1901,Aqua,MODIS,75,6.03,294.3,13.6,D,0
31.6952,-88.4901,307,1.1,1,2018-10-31,1901,Aqua,MODIS,46,6.03,290.5,5.6,D,0
32.541,-82.4317,317.1,1.4,1.2,2018-10-31,1901,Aqua,MODIS,73,6.03,297.1,18.4,D,0
32.5393,-82.4463,312.2,1.4,1.2,2018-10-31,1901,Aqua,MODIS,55,6.03,296.8,11.8,D,0
32.5492,-82.4251,316.7,1.4,1.2,2018-10-31,1901,Aqua,MODIS,64,6.03,296.1,17.2,D,0
32.5476,-82.4397,372.2,1.4,1.2,2018-10-31,1901,Aqua,MODIS,100,6.03,300.9,192.7,D,0
32.0815,-86.2217,311.4,1,1,2018-10-31,1901,Aqua,MODIS,65,6.03,297.5,7,D,0
32.0296,-86.6518,320.9,1,1,2018-10-31,1901,Aqua,MODIS,78,6.03,297.3,15.6,D,0
32.3474,-84.4981,310.1,1.1,1,2018-10-31,1901,Aqua,MODIS,31,6.03,297.7,6.1,D,0
32.3582,-84.4883,323,1.1,1,2018-10-31,1901,Aqua,MODIS,79,6.03,298.2,18.8,D,0
32.3567,-84.4998,347.6,1.1,1,2018-10-31,1901,Aqua,MODIS,94,6.03,300.4,61.3,D,0
31.7389,-88.8587,307.4,1.1,1.1,2018-10-31,1901,Aqua,MODIS,60,6.03,290.7,5.4,D,0
32.6324,-82.5904,358.7,1.4,1.2,2018-10-31,1901,Aqua,MODIS,99,6.03,300.8,122.7,D,0
32.6308,-82.6047,318.8,1.4,1.2,2018-10-31,1901,Aqua,MODIS,75,6.03,298.2,19.4,D,0
32.6427,-82.5921,342.1,1.4,1.2,2018-10-31,1901,Aqua,MODIS,92,6.03,300,66.6,D,0
32.6411,-82.6063,313.8,1.4,1.2,2018-10-31,1901,Aqua,MODIS,65,6.03,298.6,12.3,D,0
32.3195,-85.555,313.4,1,1,2018-10-31,1901,Aqua,MODIS,68,6.03,295.9,9.7,D,0
32.318,-85.5658,311.2,1,1,2018-10-31,1901,Aqua,MODIS,64,6.03,295.2,7.9,D,0
33.0123,-79.8871,305.9,2,1.4,2018-10-31,1901,Aqua,MODIS,46,6.03,294.4,13.8,D,2
32.4277,-85.4383,312.5,1,1,2018-10-31,1901,Aqua,MODIS,63,6.03,293.7,7.8,D,0
32.4263,-85.4491,309.6,1,1,2018-10-31,1901,Aqua,MODIS,27,6.03,294.8,5.5,D,0
32.4368,-85.44,311.8,1,1,2018-10-31,1901,Aqua,MODIS,57,6.03,293,7.2,D,0
32.4353,-85.4508,309.1,1,1,2018-10-31,1901,Aqua,MODIS,31,6.03,293.2,5.1,D,0
33.0162,-80.5103,326.1,1.8,1.3,2018-10-31,1901,Aqua,MODIS,82,6.03,296,51.3,D,0
33.0144,-80.5298,320.7,1.8,1.3,2018-10-31,1901,Aqua,MODIS,78,6.03,295.6,37.3,D,0
33.0213,-80.5163,343,1.8,1.3,2018-10-31,1901,Aqua,MODIS,92,6.03,296.8,112.8,D,0
33.0195,-80.5358,317.4,1.8,1.3,2018-10-31,1901,Aqua,MODIS,74,6.03,295.9,31,D,0
32.8352,-82.6926,342.2,1.3,1.1,2018-10-31,1901,Aqua,MODIS,92,6.03,297.8,68,D,0
32.8336,-82.7069,327.7,1.3,1.1,2018-10-31,1901,Aqua,MODIS,83,6.03,296.8,34.9,D,0
32.8455,-82.6942,344.3,1.3,1.1,2018-10-31,1901,Aqua,MODIS,93,6.03,298.1,74.1,D,0
32.8439,-82.7085,352.6,1.3,1.1,2018-10-31,1901,Aqua,MODIS,97,6.03,299,100.2,D,0
32.6747,-84.6635,317.9,1.1,1,2018-10-31,1901,Aqua,MODIS,75,6.03,292.8,14.6,D,0
32.6839,-84.6651,355.8,1.1,1,2018-10-31,1901,Aqua,MODIS,98,6.03,295.5,82.8,D,0
32.6825,-84.6766,318.4,1.1,1,2018-10-31,1901,Aqua,MODIS,76,6.03,293.9,15,D,0
33.0542,-81.9212,327.9,1.5,1.2,2018-10-31,1901,Aqua,MODIS,84,6.03,298.7,39,D,0
33.0525,-81.9371,326.8,1.5,1.2,2018-10-31,1901,Aqua,MODIS,83,6.03,297.7,36.8,D,0
33.0561,-81.9269,342.2,1.5,1.2,2018-10-31,1901,Aqua,MODIS,92,6.03,299.2,78.6,D,0
33.0544,-81.9428,316.2,1.5,1.2,2018-10-31,1901,Aqua,MODIS,73,6.03,297.5,18.5,D,0
33.0669,-81.9285,327.9,1.5,1.2,2018-10-31,1901,Aqua,MODIS,84,6.03,297.6,40.8,D,0
33.0653,-81.9445,319.4,1.5,1.2,2018-10-31,1901,Aqua,MODIS,77,6.03,297.4,24.1,D,0
32.8919,-83.9536,335,1.2,1.1,2018-10-31,1901,Aqua,MODIS,89,6.03,295.8,41.9,D,0
32.8904,-83.9659,333,1.2,1.1,2018-10-31,1901,Aqua,MODIS,87,6.03,296,38,D,0
33.1106,-82.2902,321.4,1.4,1.2,2018-10-31,1901,Aqua,MODIS,79,6.03,296.9,26.2,D,0
33.109,-82.3054,309.7,1.4,1.2,2018-10-31,1901,Aqua,MODIS,59,6.03,296.6,9.4,D,0
33.1675,-81.9502,361.2,1.5,1.2,2018-10-31,1901,Aqua,MODIS,100,6.03,301.5,156.4,D,0
33.1659,-81.9662,346.7,1.5,1.2,2018-10-31,1901,Aqua,MODIS,94,6.03,299.5,94.6,D,0
33.1174,-82.429,310,1.4,1.2,2018-10-31,1901,Aqua,MODIS,64,6.03,298,8.9,D,0
32.9897,-84.2568,307.7,1.1,1.1,2018-10-31,1901,Aqua,MODIS,62,6.03,291.1,6.7,D,0
32.8426,-85.7689,306.9,1,1,2018-10-31,1901,Aqua,MODIS,60,6.03,291.1,5.7,D,0
32.4696,-88.3324,315.1,1.1,1,2018-10-31,1901,Aqua,MODIS,73,6.03,291,11.6,D,0
32.912,-85.6668,334.5,1,1,2018-10-31,1901,Aqua,MODIS,89,6.03,288.5,34.9,D,0
32.921,-85.6685,305.7,1,1,2018-10-31,1901,Aqua,MODIS,58,6.03,284.5,5.6,D,0
32.6305,-87.8915,318.2,1,1,2018-10-31,1901,Aqua,MODIS,67,6.03,290.8,13,D,0
35.4621,-79.3383,319.4,2.4,1.5,2018-10-31,1902,Aqua,MODIS,79,6.03,287.7,60,D,0
35.0743,-79.8,320.8,2.2,1.4,2018-10-31,1902,Aqua,MODIS,80,6.03,293.3,51.8,D,0
35.0724,-79.8235,325.7,2.2,1.4,2018-10-31,1902,Aqua,MODIS,84,6.03,293.9,67.6,D,0
35.4569,-79.3429,319.6,2.4,1.5,2018-10-31,1902,Aqua,MODIS,79,6.03,286.4,60.8,D,0
39.6975,-122.261,304.1,1,1,2018-10-31,1903,Terra,MODIS,55,6.03,287.6,3.1,D,0
40.206,-118.0806,303.3,1.2,1.1,2018-10-31,1903,Terra,MODIS,49,6.03,282.5,5.9,D,0
40.1965,-118.0832,301.7,1.2,1.1,2018-10-31,1903,Terra,MODIS,34,6.03,282.8,4.9,D,0
39.7463,-121.9559,310.8,1,1,2018-10-31,1903,Terra,MODIS,61,6.03,288,7.7,D,0
39.7447,-121.9443,333.6,1,1,2018-10-31,1903,Terra,MODIS,84,6.03,291.2,31.6,D,0
39.4578,-120.29,314.8,1,1,2018-10-31,1903,Terra,MODIS,65,6.03,278.8,15.5,D,0
39.6943,-121.9152,304.6,1,1,2018-10-31,1903,Terra,MODIS,42,6.03,289.1,4,D,0
39.6991,-122.2726,336.9,1,1,2018-10-31,1903,Terra,MODIS,90,6.03,289.7,36.7,D,0
39.4912,-122.2375,319,1,1,2018-10-31,1903,Terra,MODIS,79,6.03,291.5,13.8,D,0
38.0809,-121.1995,309.7,1,1,2018-10-31,1904,Terra,MODIS,27,6.03,290.6,6.4,D,0
38.0881,-121.186,314.2,1,1,2018-10-31,1904,Terra,MODIS,72,6.03,290.8,10.2,D,0
38.0898,-121.1973,316.7,1,1,2018-10-31,1904,Terra,MODIS,75,6.03,291.8,12.2,D,0
36.1729,-119.0833,326.6,1.2,1.1,2018-10-31,1904,Terra,MODIS,82,6.03,296.8,28.8,D,0
36.4022,-119.2161,321,1.2,1.1,2018-10-31,1904,Terra,MODIS,78,6.03,293.6,19.9,D,0
38.1689,-121.2303,315.4,1,1,2018-10-31,1904,Terra,MODIS,74,6.03,291.8,11.3,D,0
38.1707,-121.2417,305,1,1,2018-10-31,1904,Terra,MODIS,53,6.03,292.2,3.6,D,0
36.4061,-119.223,313.4,1.2,1.1,2018-10-31,1904,Terra,MODIS,67,6.03,293.5,10.9,D,0
36.4038,-119.21,313.7,1.2,1.1,2018-10-31,1904,Terra,MODIS,70,6.03,293.7,11.1,D,0
36.6803,-120.5476,308.9,1.1,1,2018-10-31,1904,Terra,MODIS,46,6.03,295.1,5.3,D,0
37.1421,-120.5947,315.3,1.1,1,2018-10-31,1904,Terra,MODIS,65,6.03,293.4,9.8,D,0
37.1005,-119.2981,317.9,1.2,1.1,2018-10-31,1904,Terra,MODIS,72,6.03,283.4,21.7,D,0
37.4616,-120.6171,313.9,1,1,2018-10-31,1904,Terra,MODIS,71,6.03,292.6,9.4,D,0
37.5649,-120.9789,309,1,1,2018-10-31,1904,Terra,MODIS,53,6.03,293.4,5.9,D,0
37.5667,-120.9903,311.3,1,1,2018-10-31,1904,Terra,MODIS,62,6.03,292.9,8,D,0
37.535,-120.5561,304.9,1,1,2018-10-31,1904,Terra,MODIS,47,6.03,288,4.2,D,0
37.6711,-121.1241,314,1,1,2018-10-31,1904,Terra,MODIS,71,6.03,290.6,10,D,0
45.0412,-95.7926,304.3,1.4,1.2,2018-10-31,1905,Aqua,MODIS,59,6.03,285.9,11,D,0
45.3176,-92.8057,306,1.1,1,2018-10-31,1905,Aqua,MODIS,63,6.03,281,10.5,D,0
45.3076,-96.0416,313.2,1.4,1.2,2018-10-31,1905,Aqua,MODIS,73,6.03,285.8,18.8,D,0
45.3134,-96.0506,320,1.4,1.2,2018-10-31,1905,Aqua,MODIS,69,6.03,284.6,28.7,D,0
43.9127,-103.6921,304.2,3.8,1.8,2018-10-31,1905,Aqua,MODIS,0,6.03,273.1,57,D,0
45.8255,-95.3426,304.7,1.3,1.1,2018-10-31,1905,Aqua,MODIS,56,6.03,272.9,9.9,D,0
34.2835,-110.8731,310.4,1,1,2018-10-31,2040,Aqua,MODIS,70,6.03,285.1,11.1,D,0
34.2821,-110.8839,309.7,1,1,2018-10-31,2040,Aqua,MODIS,69,6.03,284.2,10.4,D,0
34.951,-111.2462,321.6,1,1,2018-10-31,2041,Aqua,MODIS,81,6.03,287.5,19.3,D,0
34.9495,-111.2572,307.1,1,1,2018-10-31,2041,Aqua,MODIS,46,6.03,286,7.4,D,0
34.9599,-111.248,316,1,1,2018-10-31,2041,Aqua,MODIS,75,6.03,287,13.6,D,0
35.1137,-111.8007,308.4,1,1,2018-10-31,2041,Aqua,MODIS,67,6.03,285.5,9.9,D,0
35.1656,-111.756,343.5,1,1,2018-10-31,2041,Aqua,MODIS,93,6.03,286.1,50.9,D,0
35.164,-111.7668,303.4,1,1,2018-10-31,2041,Aqua,MODIS,27,6.03,284.6,5.9,D,0
35.1744,-111.7579,342.1,1,1,2018-10-31,2041,Aqua,MODIS,93,6.03,286.3,48.3,D,0
34.9801,-114.5556,313.3,1.1,1,2018-10-31,2041,Aqua,MODIS,62,6.03,301.9,5.9,D,0
35.8781,-113.206,310.2,1,1,2018-10-31,2041,Aqua,MODIS,67,6.03,286.6,11.1,D,0
35.3109,-120.5178,312.5,2.3,1.5,2018-10-31,2041,Aqua,MODIS,48,6.03,295.1,27,D,0
35.3139,-120.5123,313.5,2.3,1.5,2018-10-31,2041,Aqua,MODIS,61,6.03,295.4,31.4,D,0
37.0984,-119.2973,311.1,1.8,1.3,2018-10-31,2041,Aqua,MODIS,69,6.03,278.8,28.6,D,0
38.6078,-112.1088,318.9,1,1,2018-10-31,2042,Aqua,MODIS,79,6.03,292.7,16.1,D,0
40.3243,-120.3369,344.6,1.7,1.3,2018-10-31,2042,Aqua,MODIS,0,6.03,273.9,116.6,D,0
38.0762,-121.2022,304.4,2.2,1.4,2018-10-31,2042,Aqua,MODIS,59,6.03,287.6,12.3,D,0
56.1898,-159.3735,363.7,1.2,1.1,2018-10-31,2216,Terra,MODIS,94,6.03,274.8,130,D,1
56.1933,-159.3922,415.1,1.2,1.1,2018-10-31,2216,Terra,MODIS,100,6.03,289.5,0,D,1
33.4123,-110.8676,305.4,2.6,1.5,2018-11-01,0606,Terra,MODIS,64,6.03,280.1,42.3,N,2
37.1644,-119.2806,314.3,1,1,2018-11-01,0607,Terra,MODIS,89,6.03,273.5,18,N,0
45.8674,-121.2274,304.4,1.1,1,2018-11-01,0610,Terra,MODIS,60,6.03,279,10.7,N,0
26.4879,-80.7354,302.3,1.1,1,2018-11-01,0706,Aqua,MODIS,48,6.03,290.2,7.1,N,0
45.8697,-121.2302,306.8,1,1,2018-11-01,1019,Aqua,MODIS,48,6.03,275.2,12.5,N,0
38.9137,-105.0483,305.7,1.1,1.1,2018-11-01,1808,Terra,MODIS,58,6.03,269.4,13.7,D,0
38.7782,-106.4863,308.5,1,1,2018-11-01,1808,Terra,MODIS,58,6.03,267.4,15,D,0
33.2664,-112.7835,326.4,1.2,1.1,2018-11-01,1809,Terra,MODIS,79,6.03,296.4,26,D,0
35.1761,-111.7298,318.4,1.2,1.1,2018-11-01,1809,Terra,MODIS,78,6.03,283.6,21,D,0
35.1746,-111.7175,309.8,1.2,1.1,2018-11-01,1809,Terra,MODIS,69,6.03,284.5,12.4,D,0
33.7377,-106.9034,367.9,1.1,1.1,2018-11-01,1809,Terra,MODIS,100,6.03,291.5,127.3,D,0
33.7357,-106.8917,319,1.1,1.1,2018-11-01,1809,Terra,MODIS,79,6.03,289.4,19.1,D,0
33.7334,-106.9113,341.7,1.1,1.1,2018-11-01,1809,Terra,MODIS,92,6.03,288.9,53.5,D,0
33.7315,-106.8995,349.9,1.1,1.1,2018-11-01,1809,Terra,MODIS,96,6.03,290.8,72.4,D,0
33.915,-109.3517,301.2,1,1,2018-11-01,1809,Terra,MODIS,40,6.03,281.2,6.6,D,0
34.8298,-120.4624,326,3.9,1.8,2018-11-01,1809,Terra,MODIS,82,6.03,295.9,138.2,D,0
34.824,-120.4706,327.9,3.9,1.8,2018-11-01,1809,Terra,MODIS,83,6.03,296.2,153.8,D,0
33.4169,-110.8681,314.2,1,1,2018-11-01,1809,Terra,MODIS,73,6.03,293.5,10.2,D,2
33.4154,-110.8571,308.8,1,1,2018-11-01,1809,Terra,MODIS,65,6.03,294.9,6,D,2
30.6357,-97.8671,303.3,4.5,2,2018-11-01,1809,Terra,MODIS,56,6.03,289.2,44.7,D,0
30.6241,-97.8208,300.3,4.5,2,2018-11-01,1809,Terra,MODIS,24,6.03,289,30.7,D,0
30.6358,-97.8727,300.7,4.5,2,2018-11-01,1809,Terra,MODIS,40,6.03,289.3,35.3,D,0
30.6244,-97.8262,301.9,4.5,2,2018-11-01,1809,Terra,MODIS,50,6.03,289.1,41.7,D,0
33.0009,-110.7773,304.9,1,1,2018-11-01,1809,Terra,MODIS,50,6.03,279.6,5.7,D,2
32.9994,-110.7664,313.3,1,1,2018-11-01,1809,Terra,MODIS,71,6.03,279.7,11.8,D,2
29.5389,-100.1708,305.5,3.4,1.7,2018-11-01,1810,Terra,MODIS,61,6.03,288.5,41.4,D,0
29.5444,-100.175,308.2,3.4,1.7,2018-11-01,1810,Terra,MODIS,67,6.03,288.4,52.2,D,0
29.5521,-100.2097,305.2,3.4,1.7,2018-11-01,1810,Terra,MODIS,61,6.03,288.2,40.6,D,0
29.5469,-100.2057,308.9,3.4,1.7,2018-11-01,1810,Terra,MODIS,68,6.03,288.5,54.1,D,0
26.6201,-98.5713,309.6,1.1,1.1,2018-11-01,1943,Aqua,MODIS,61,6.03,296,6.6,D,0
26.065,-97.5951,306.8,1.1,1,2018-11-01,1943,Aqua,MODIS,64,6.03,287.6,5.4,D,0
30.6247,-97.862,321.8,1,1,2018-11-01,1944,Aqua,MODIS,81,6.03,295.2,17.5,D,0
29.5385,-100.1927,341.5,1.3,1.1,2018-11-01,1944,Aqua,MODIS,92,6.03,292.6,61.8,D,0
29.5363,-100.2054,323.8,1.3,1.1,2018-11-01,1944,Aqua,MODIS,83,6.03,292.3,27.8,D,0
29.5483,-100.1949,316,1.3,1.1,2018-11-01,1944,Aqua,MODIS,76,6.03,291.8,17.3,D,0
30.6263,-97.8516,333.1,1,1,2018-11-01,1944,Aqua,MODIS,88,6.03,295.3,31.2,D,0
31.0147,-98.7611,311.5,1.1,1,2018-11-01,1944,Aqua,MODIS,71,6.03,291.7,10.4,D,0
31.9921,-98.1062,306.9,1,1,2018-11-01,1944,Aqua,MODIS,64,6.03,291.4,6.8,D,0
32.1377,-97.9905,311.1,1,1,2018-11-01,1944,Aqua,MODIS,70,6.03,290.3,9.9,D,0
31.4941,-103.5299,302.2,1.8,1.3,2018-11-01,1944,Aqua,MODIS,51,6.03,291.6,7.3,D,0
32.5763,-98.5778,302.2,1,1,2018-11-01,1944,Aqua,MODIS,31,6.03,286.1,5.5,D,0
32.5853,-98.5798,301,1,1,2018-11-01,1944,Aqua,MODIS,31,6.03,285.3,4.8,D,0
32.1063,-101.6784,307.5,1.4,1.2,2018-11-01,1944,Aqua,MODIS,43,6.03,288.1,10.1,D,0
32.1038,-101.6925,307.7,1.4,1.2,2018-11-01,1944,Aqua,MODIS,36,6.03,287.7,10.3,D,0
35.746,-97.0214,303.7,1,1,2018-11-01,1945,Aqua,MODIS,57,6.03,286,6.7,D,0
33.7233,-106.9066,301.6,2.7,1.6,2018-11-01,1945,Aqua,MODIS,42,6.03,272.3,25,D,0
40.879,-121.1243,300.9,3,1.6,2018-11-01,1945,Terra,MODIS,29,6.03,286,18.5,D,0
42.8855,-123.5852,327,1.9,1.3,2018-11-01,1945,Terra,MODIS,80,6.03,286.8,67.2,D,0
38.4742,-96.5764,306.4,1.1,1.1,2018-11-01,1946,Aqua,MODIS,57,6.03,289.3,8.8,D,0
39.251,-96.8905,326.9,1.1,1.1,2018-11-01,1946,Aqua,MODIS,85,6.03,286.8,29.1,D,0
39.2495,-96.9033,343.9,1.1,1.1,2018-11-01,1946,Aqua,MODIS,93,6.03,291.9,58.6,D,0
37.9214,-120.0365,307.7,4.2,1.9,2018-11-01,1946,Terra,MODIS,65,6.03,277.9,65.7,D,0
37.9048,-120.042,309.8,4.2,1.9,2018-11-01,1946,Terra,MODIS,61,6.03,282,77.4,D,0
37.9184,-120.0447,313.7,4.2,1.9,2018-11-01,1946,Terra,MODIS,73,6.03,279.9,100.4,D,0
39.3361,-121.6743,305.4,3,1.7,2018-11-01,1946,Terra,MODIS,58,6.03,292,17,D,0
39.3442,-121.7079,305.2,3,1.7,2018-11-01,1946,Terra,MODIS,61,6.03,292.3,16.9,D,0
39.3439,-121.7029,307.3,3,1.7,2018-11-01,1946,Terra,MODIS,65,6.03,292.4,22.1,D,0
39.1642,-121.4885,312.5,3.2,1.7,2018-11-01,1946,Terra,MODIS,68,6.03,288.5,49.7,D,0
41.4113,-95.8635,302.2,1.3,1.1,2018-11-01,1947,Aqua,MODIS,12,6.03,289,5.7,D,0
41.2144,-97.0079,301,1.2,1.1,2018-11-01,1947,Aqua,MODIS,36,6.03,287,4.9,D,0
41.212,-97.002,308.6,1.2,1.1,2018-11-01,1947,Aqua,MODIS,67,6.03,287.2,10.3,D,0
41.3996,-95.8768,301.8,1.3,1.1,2018-11-01,1947,Aqua,MODIS,49,6.03,288.9,5.7,D,0
43.524,-93.606,314.1,1.8,1.3,2018-11-01,1947,Aqua,MODIS,74,6.03,290,28.4,D,0
41.4012,-95.8615,310.7,1.3,1.1,2018-11-01,1947,Aqua,MODIS,70,6.03,289.3,14,D,0
35.3703,-119.3019,309.2,1.3,1.1,2018-11-01,2124,Aqua,MODIS,42,6.03,284.4,12.9,D,0
34.8362,-120.4701,326.8,1.1,1.1,2018-11-01,2124,Aqua,MODIS,80,6.03,283.3,26.6,D,0
34.8347,-120.4822,364.8,1.1,1.1,2018-11-01,2124,Aqua,MODIS,100,6.03,290.2,114.7,D,0
34.8441,-120.4839,314,1.1,1.1,2018-11-01,2124,Aqua,MODIS,60,6.03,280.1,12.7,D,0
36.5251,-120.2208,322.1,1.2,1.1,2018-11-01,2124,Aqua,MODIS,78,6.03,301.9,14,D,0
36.652,-119.3744,315.4,1.3,1.1,2018-11-01,2124,Aqua,MODIS,71,6.03,293.9,13.3,D,0
37.4762,-112.7109,301,3.4,1.7,2018-11-01,2124,Aqua,MODIS,41,6.03,280.4,38.1,D,0
37.0956,-119.2963,307.2,1.3,1.1,2018-11-01,2124,Aqua,MODIS,59,6.03,289.9,11.1,D,0
37.1592,-119.2703,305.2,1.3,1.1,2018-11-01,2124,Aqua,MODIS,54,6.03,287.7,9.8,D,0
37.1577,-119.2845,316.4,1.3,1.1,2018-11-01,2124,Aqua,MODIS,65,6.03,290.3,22.3,D,0
39.2494,-121.7166,325.6,1.1,1,2018-11-01,2125,Aqua,MODIS,81,6.03,306.7,18.1,D,0
37.9166,-120.0425,333.1,1.3,1.1,2018-11-01,2125,Aqua,MODIS,87,6.03,294,40.4,D,0
38.8083,-122.0282,313.9,1.1,1,2018-11-01,2125,Aqua,MODIS,66,6.03,301.6,5.8,D,0
38.9331,-121.4585,328,1.1,1.1,2018-11-01,2125,Aqua,MODIS,83,6.03,301.5,23.8,D,0
38.9315,-121.4713,322.8,1.1,1.1,2018-11-01,2125,Aqua,MODIS,79,6.03,300.7,16.6,D,0
39.0261,-121.6781,316.9,1.1,1,2018-11-01,2125,Aqua,MODIS,73,6.03,303,10.4,D,0
39.0058,-121.9933,313.6,1.1,1,2018-11-01,2125,Aqua,MODIS,64,6.03,302.4,7.1,D,0
38.9953,-122.1364,313,1.1,1,2018-11-01,2125,Aqua,MODIS,63,6.03,300.1,6.6,D,0
39.1592,-121.503,320.8,1.1,1.1,2018-11-01,2125,Aqua,MODIS,77,6.03,302.5,13.4,D,0
39.1643,-121.4964,317.7,1.1,1.1,2018-11-01,2125,Aqua,MODIS,74,6.03,300.8,11.7,D,0
39.1928,-121.6593,313.9,1.1,1.1,2018-11-01,2125,Aqua,MODIS,69,6.03,302.6,6.9,D,0
39.251,-121.7039,315.7,1.1,1,2018-11-01,2125,Aqua,MODIS,69,6.03,304.6,6.9,D,0
37.9182,-120.0282,314.1,1.3,1.1,2018-11-01,2125,Aqua,MODIS,62,6.03,292.1,11.7,D,0
39.2944,-121.5029,331.5,1.1,1.1,2018-11-01,2125,Aqua,MODIS,86,6.03,300.8,30.3,D,0
37.9083,-120.0261,342,1.3,1.1,2018-11-01,2125,Aqua,MODIS,92,6.03,292.9,59,D,0
39.2928,-121.5158,312.7,1.1,1.1,2018-11-01,2125,Aqua,MODIS,61,6.03,298.5,7.3,D,0
39.2018,-122.2544,321,1.1,1,2018-11-01,2125,Aqua,MODIS,77,6.03,301.8,12,D,0
39.2003,-122.2666,319.4,1.1,1,2018-11-01,2125,Aqua,MODIS,75,6.03,302.3,10.7,D,0
39.3483,-121.6511,318.2,1.1,1.1,2018-11-01,2125,Aqua,MODIS,74,6.03,298.8,12.5,D,0
39.3437,-121.6894,324.2,1.1,1.1,2018-11-01,2125,Aqua,MODIS,80,6.03,302.1,18.2,D,0
39.3422,-121.7022,316.7,1.1,1.1,2018-11-01,2125,Aqua,MODIS,72,6.03,301.8,9.7,D,0
39.3316,-121.9456,313.3,1.1,1,2018-11-01,2125,Aqua,MODIS,53,6.03,301.1,8.7,D,0
39.33,-121.9581,319.2,1.1,1,2018-11-01,2125,Aqua,MODIS,76,6.03,299.5,14,D,0
39.5383,-122.0649,311.4,1.1,1,2018-11-01,2125,Aqua,MODIS,43,6.03,300.2,5.7,D,0
39.5367,-122.0774,312.5,1.1,1,2018-11-01,2125,Aqua,MODIS,49,6.03,301.9,5.8,D,0
39.6776,-120.9913,356.9,1.2,1.1,2018-11-01,2125,Aqua,MODIS,98,6.03,293.5,100,D,0
39.676,-121.0055,343,1.2,1.1,2018-11-01,2125,Aqua,MODIS,92,6.03,291,61.9,D,0
39.6817,-120.9847,309.1,1.2,1.1,2018-11-01,2125,Aqua,MODIS,61,6.03,291.3,11.4,D,0
39.6801,-120.999,349.6,1.2,1.1,2018-11-01,2125,Aqua,MODIS,95,6.03,292.8,79.2,D,0
39.6953,-122.2762,335.5,1.1,1,2018-11-01,2125,Aqua,MODIS,89,6.03,303.1,33.3,D,0
39.7045,-122.2781,317.2,1.1,1,2018-11-01,2125,Aqua,MODIS,75,6.03,301.4,9.9,D,0
40.8741,-121.1235,305.1,1.2,1.1,2018-11-01,2125,Aqua,MODIS,32,6.03,291.6,5.4,D,0
37.9067,-120.0405,369.7,1.3,1.1,2018-11-01,2125,Aqua,MODIS,100,6.03,298.7,154.7,D,0
41.1785,-123.9483,302.2,1,1,2018-11-01,2126,Aqua,MODIS,51,6.03,290.7,4.8,D,0
42.8821,-123.5959,328.7,1,1,2018-11-01,2126,Aqua,MODIS,86,6.03,287.5,29.1,D,0
43.1195,-122.1383,303.5,1.2,1.1,2018-11-01,2126,Aqua,MODIS,21,6.03,277.8,8.5,D,0
43.118,-122.1524,308.3,1.2,1.1,2018-11-01,2126,Aqua,MODIS,47,6.03,278.9,12.2,D,0
43.3989,-121.6247,312.5,1.2,1.1,2018-11-01,2126,Aqua,MODIS,73,6.03,277,17.7,D,0
43.1907,-123.5553,305.2,1.1,1,2018-11-01,2126,Aqua,MODIS,53,6.03,289.3,6.7,D,0
43.189,-123.5684,308.4,1.1,1,2018-11-01,2126,Aqua,MODIS,63,6.03,287.5,9.2,D,0
43.198,-123.5711,307.6,1.1,1,2018-11-01,2126,Aqua,MODIS,54,6.03,285.3,8.3,D,0
43.3199,-123.3392,312.5,1.1,1,2018-11-01,2126,Aqua,MODIS,73,6.03,285.7,12.2,D,0
43.3522,-123.433,309.9,1.1,1,2018-11-01,2126,Aqua,MODIS,69,6.03,284,10.5,D,0
42.8837,-123.5834,311.6,1,1,2018-11-01,2126,Aqua,MODIS,71,6.03,284.4,11,D,0
43.1275,-122.1543,306.9,1.2,1.1,2018-11-01,2126,Aqua,MODIS,22,6.03,279.2,10.8,D,0
43.389,-121.6241,339.1,1.2,1.1,2018-11-01,2126,Aqua,MODIS,91,6.03,277.5,59.3,D,0
43.4005,-121.6103,300.4,1.2,1.1,2018-11-01,2126,Aqua,MODIS,20,6.03,276.1,7.2,D,0
45.8798,-122.7155,318.3,1.2,1.1,2018-11-01,2127,Aqua,MODIS,57,6.03,280.9,22.7,D,0
26.5026,-80.8307,300.1,1.1,1,2018-11-02,0330,Terra,MODIS,16,6.03,282.7,5.4,N,0
33.0068,-110.7712,300.4,1.1,1,2018-11-02,0927,Aqua,MODIS,27,6.03,282.9,7.9,N,2
27.5837,-80.5165,315.1,2.6,1.6,2018-11-02,1537,Terra,MODIS,63,6.03,299.1,25.4,D,0
26.5063,-80.8195,312.3,2.7,1.6,2018-11-02,1537,Terra,MODIS,53,6.03,295.4,20.3,D,0
27.5784,-80.5232,314,2.6,1.6,2018-11-02,1537,Terra,MODIS,60,6.03,299.6,21.4,D,0
26.7638,-80.6675,337.9,2.6,1.6,2018-11-02,1537,Terra,MODIS,67,6.03,296.2,140.9,D,0
32.4473,-95.0765,301.6,1,1,2018-11-02,1714,Terra,MODIS,19,6.03,290.9,3.5,D,0
33.6767,-95.9601,307,1,1,2018-11-02,1714,Terra,MODIS,65,6.03,290.6,6.7,D,0
33.6751,-95.9494,303.7,1,1,2018-11-02,1714,Terra,MODIS,57,6.03,290.2,4.7,D,0
33.6412,-96.0333,302.9,1,1,2018-11-02,1714,Terra,MODIS,54,6.03,291.3,4.4,D,0
33.3084,-94.0235,300.4,1,1,2018-11-02,1714,Terra,MODIS,28,6.03,289.9,4.1,D,0
33.3066,-94.0125,300.2,1,1,2018-11-02,1714,Terra,MODIS,25,6.03,290.2,4.1,D,0
33.2999,-94.0205,307.8,1,1,2018-11-02,1714,Terra,MODIS,66,6.03,288.7,9.1,D,0
33.8766,-98.4321,305.4,1.2,1.1,2018-11-02,1714,Terra,MODIS,61,6.03,283,9,D,0
32.87,-94.8797,301.5,1,1,2018-11-02,1714,Terra,MODIS,48,6.03,290,4.4,D,0
32.8683,-94.869,323.4,1,1,2018-11-02,1714,Terra,MODIS,82,6.03,289.4,21.8,D,0
32.8635,-94.9579,302.9,1,1,2018-11-02,1714,Terra,MODIS,54,6.03,289.5,4.9,D,0
32.857,-95.036,306.8,1,1,2018-11-02,1714,Terra,MODIS,64,6.03,290.1,6.9,D,0
32.8031,-94.8058,303.8,1,1,2018-11-02,1714,Terra,MODIS,57,6.03,289.5,5.7,D,0
32.7918,-95.1541,303.6,1,1,2018-11-02,1714,Terra,MODIS,56,6.03,289,5.4,D,0
33.065,-97.6676,306.1,1.1,1,2018-11-02,1714,Terra,MODIS,63,6.03,293,6.1,D,0
32.4775,-95.1515,304.1,1,1,2018-11-02,1714,Terra,MODIS,58,6.03,289,5.3,D,0
32.44,-95.089,309.7,1,1,2018-11-02,1714,Terra,MODIS,69,6.03,290.7,8.9,D,0
32.2625,-94.8369,301.8,1,1,2018-11-02,1714,Terra,MODIS,49,6.03,289.9,4,D,0
32.1685,-94.5305,311.2,1,1,2018-11-02,1714,Terra,MODIS,71,6.03,290.7,10.9,D,0
31.9284,-94.0795,304.3,1.1,1,2018-11-02,1714,Terra,MODIS,59,6.03,290.1,6.5,D,0
32.0943,-95.3054,306.4,1,1,2018-11-02,1714,Terra,MODIS,63,6.03,291.9,6.1,D,0
31.9076,-94.4649,300,1,1,2018-11-02,1714,Terra,MODIS,16,6.03,289.8,3.7,D,0
32.1235,-95.996,303.8,1,1,2018-11-02,1714,Terra,MODIS,57,6.03,290.8,4.5,D,0
31.8295,-95.0249,302.9,1,1,2018-11-02,1714,Terra,MODIS,54,6.03,290,5.1,D,0
31.8433,-95.5379,300.8,1,1,2018-11-02,1714,Terra,MODIS,42,6.03,289.7,3.8,D,0
31.7813,-95.432,304.7,1,1,2018-11-02,1714,Terra,MODIS,59,6.03,289.7,6.2,D,0
31.5711,-94.3822,300.5,1.1,1,2018-11-02,1714,Terra,MODIS,37,6.03,290,4.1,D,0
32.3126,-100.4284,308.1,1.4,1.2,2018-11-02,1714,Terra,MODIS,66,6.03,275.7,16.9,D,0
32.3109,-100.4131,305,1.4,1.2,2018-11-02,1714,Terra,MODIS,60,6.03,275.2,13.7,D,0
31.7677,-97.5867,304.7,1.1,1,2018-11-02,1714,Terra,MODIS,58,6.03,293.2,4.7,D,0
31.3822,-95.3611,311,1,1,2018-11-02,1714,Terra,MODIS,71,6.03,290.6,10.2,D,0
31.3555,-96.1652,305.2,1,1,2018-11-02,1714,Terra,MODIS,61,6.03,293.4,4.5,D,0
30.5582,-91.6546,300.5,1.5,1.2,2018-11-02,1714,Terra,MODIS,37,6.03,289.9,7.5,D,0
30.4697,-92.1954,310.3,1.4,1.2,2018-11-02,1714,Terra,MODIS,70,6.03,290.9,14.9,D,0
30.4672,-92.1815,305.5,1.4,1.2,2018-11-02,1714,Terra,MODIS,62,6.03,290.6,9.9,D,0
31.6581,-100.3883,304.1,1.4,1.2,2018-11-02,1714,Terra,MODIS,58,6.03,288.6,9.7,D,0
31.0449,-98.2253,308.6,1.1,1,2018-11-02,1714,Terra,MODIS,65,6.03,293.2,7.5,D,0
31.0434,-98.2141,304,1.1,1,2018-11-02,1714,Terra,MODIS,51,6.03,293.2,4.2,D,0
31.0356,-98.2269,304,1.1,1,2018-11-02,1714,Terra,MODIS,23,6.03,293.9,3.8,D,0
30.2541,-93.3203,300.7,1.2,1.1,2018-11-02,1714,Terra,MODIS,22,6.03,290.1,3.8,D,0
30.9736,-99.2483,304.5,1.2,1.1,2018-11-02,1714,Terra,MODIS,56,6.03,293.1,5.4,D,0
30.6266,-97.849,310.7,1.1,1,2018-11-02,1714,Terra,MODIS,67,6.03,295.6,8.4,D,0
29.6307,-98.1695,306.7,1.1,1,2018-11-02,1715,Terra,MODIS,61,6.03,295.8,5.2,D,0
29.5442,-100.2033,307.4,1.3,1.1,2018-11-02,1715,Terra,MODIS,62,6.03,293.6,9.2,D,0
29.5426,-100.1901,332.3,1.3,1.1,2018-11-02,1715,Terra,MODIS,87,6.03,294.4,44.2,D,0
28.218,-98.5986,308.1,1.1,1,2018-11-02,1715,Terra,MODIS,57,6.03,295.2,6.4,D,0
28.2166,-98.5879,307.1,1.1,1,2018-11-02,1715,Terra,MODIS,54,6.03,295.5,5.6,D,0
26.9663,-99.0685,314.9,1.1,1,2018-11-02,1715,Terra,MODIS,69,6.03,296.9,9.6,D,0
26.5483,-80.6402,319.7,1,1,2018-11-02,1847,Aqua,MODIS,77,6.03,296.8,11,D,0
26.5039,-80.8333,317,1,1,2018-11-02,1847,Aqua,MODIS,70,6.03,277.8,13.1,D,0
26.5005,-80.5791,332.7,1.1,1,2018-11-02,1847,Aqua,MODIS,66,6.03,290,31.4,D,0
26.4991,-80.5895,329.3,1.1,1,2018-11-02,1847,Aqua,MODIS,64,6.03,291.7,26.3,D,0
29.8869,-91.8541,318.4,2.8,1.6,2018-11-02,1848,Aqua,MODIS,78,6.03,290.7,68.1,D,0
48.7387,-118.2289,320.4,1.1,1.1,2018-11-02,1848,Terra,MODIS,80,6.03,279.4,25.2,D,0
48.7369,-118.2146,301.3,1.1,1.1,2018-11-02,1848,Terra,MODIS,46,6.03,278.8,8.6,D,0
48.1831,-117.9651,304.1,1.1,1,2018-11-02,1848,Terra,MODIS,58,6.03,279.1,10.2,D,0
29.8809,-91.8821,307.2,2.8,1.6,2018-11-02,1848,Aqua,MODIS,38,6.03,291.1,29,D,0
47.2997,-120.0664,311.6,1.2,1.1,2018-11-02,1849,Terra,MODIS,62,6.03,286.8,15.8,D,2
46.6807,-116.9339,309.4,1,1,2018-11-02,1849,Terra,MODIS,52,6.03,276.4,12.3,D,0
46.6789,-116.9209,332.9,1,1,2018-11-02,1849,Terra,MODIS,67,6.03,280.3,36.4,D,0
46.1128,-116.5817,311.5,1,1,2018-11-02,1849,Terra,MODIS,71,6.03,282.5,13.5,D,0
46.5257,-120.3301,300.6,1.2,1.1,2018-11-02,1849,Terra,MODIS,38,6.03,287.8,4.7,D,0
46.4962,-120.3376,301.1,1.2,1.1,2018-11-02,1849,Terra,MODIS,25,6.03,290.8,4.1,D,0
46.4863,-120.34,326.1,1.2,1.1,2018-11-02,1849,Terra,MODIS,84,6.03,291.4,32.1,D,0
46.4845,-120.3239,307.6,1.2,1.1,2018-11-02,1849,Terra,MODIS,66,6.03,290.2,9.6,D,0
46.3051,-120.6317,302.4,1.3,1.1,2018-11-02,1849,Terra,MODIS,52,6.03,290.5,6.6,D,0
46.3905,-121.7617,321.7,1.4,1.2,2018-11-02,1849,Terra,MODIS,77,6.03,276,39.1,D,0
45.7496,-117.6813,355.8,1,1,2018-11-02,1849,Terra,MODIS,98,6.03,284,78.3,D,0
45.7478,-117.6685,348.9,1,1,2018-11-02,1849,Terra,MODIS,95,6.03,283.1,62.4,D,0
45.7389,-117.6709,319.4,1,1,2018-11-02,1849,Terra,MODIS,79,6.03,277.9,19.8,D,0
45.6607,-117.3052,319.3,1,1,2018-11-02,1849,Terra,MODIS,69,6.03,281.1,18.8,D,0
45.6589,-117.2925,317.8,1,1,2018-11-02,1849,Terra,MODIS,0,6.03,280.7,17.7,D,0
45.665,-117.7379,340.5,1,1,2018-11-02,1849,Terra,MODIS,92,6.03,286.1,47.1,D,0
45.6632,-117.7248,317.8,1,1,2018-11-02,1849,Terra,MODIS,78,6.03,284.7,17.4,D,0
45.656,-117.7404,328.2,1,1,2018-11-02,1849,Terra,MODIS,85,6.03,285.8,28.1,D,0
45.6542,-117.7272,342.8,1,1,2018-11-02,1849,Terra,MODIS,93,6.03,285.5,51.4,D,0
45.6524,-117.7142,318,1,1,2018-11-02,1849,Terra,MODIS,78,6.03,283.7,17.8,D,0
45.9997,-121.3912,301.8,1.4,1.2,2018-11-02,1849,Terra,MODIS,21,6.03,284.2,9.7,D,0
45.998,-121.3748,314.1,1.4,1.2,2018-11-02,1849,Terra,MODIS,74,6.03,285.4,22.2,D,0
45.9893,-121.3932,316.3,1.4,1.2,2018-11-02,1849,Terra,MODIS,77,6.03,282.3,25,D,0
45.9877,-121.3769,330.6,1.4,1.2,2018-11-02,1849,Terra,MODIS,87,6.03,285,48.5,D,0
45.5866,-118.0484,312.7,1,1,2018-11-02,1849,Terra,MODIS,73,6.03,282.6,14.9,D,0
45.5776,-118.0509,314.1,1,1,2018-11-02,1849,Terra,MODIS,74,6.03,281.4,15.8,D,0
45.869,-121.2133,326.2,1.3,1.1,2018-11-02,1849,Terra,MODIS,84,6.03,285.4,37.9,D,0
45.8588,-121.2156,322.3,1.3,1.1,2018-11-02,1849,Terra,MODIS,82,6.03,285.1,32.7,D,0
45.8538,-121.2689,354.5,1.3,1.1,2018-11-02,1849,Terra,MODIS,98,6.03,288,112.9,D,0
45.8521,-121.252,337.1,1.3,1.1,2018-11-02,1849,Terra,MODIS,90,6.03,286.5,59.6,D,0
45.8285,-121.2976,317.4,1.3,1.1,2018-11-02,1849,Terra,MODIS,78,6.03,285.1,25.9,D,0
45.8267,-121.2808,407.7,1.3,1.1,2018-11-02,1849,Terra,MODIS,100,6.03,295.8,465.5,D,0
45.825,-121.2638,328.4,1.3,1.1,2018-11-02,1849,Terra,MODIS,86,6.03,285.7,41.8,D,0
41.7656,-113.9008,321.2,1.2,1.1,2018-11-02,1850,Terra,MODIS,81,6.03,291.3,23.9,D,0
44.5995,-122.8915,303.4,1.5,1.2,2018-11-02,1850,Terra,MODIS,56,6.03,288.3,10.5,D,0
44.5873,-124.0403,301.3,1.8,1.3,2018-11-02,1850,Terra,MODIS,0,6.03,285.6,12.5,D,0
42.6828,-111.6037,307.5,1.5,1.2,2018-11-02,1850,Terra,MODIS,47,6.03,280.9,16.2,D,2
42.6792,-111.5859,325.5,1.5,1.2,2018-11-02,1850,Terra,MODIS,79,6.03,283.8,45.1,D,2
43.8503,-121.7752,324.4,1.3,1.1,2018-11-02,1850,Terra,MODIS,83,6.03,284.3,38,D,0
43.8486,-121.7589,308.7,1.3,1.1,2018-11-02,1850,Terra,MODIS,67,6.03,283.4,16.9,D,0
41.7682,-113.9155,318.9,1.2,1.1,2018-11-02,1850,Terra,MODIS,79,6.03,291.8,20.6,D,0
39.2505,-121.7051,315.2,1.2,1.1,2018-11-02,1851,Terra,MODIS,74,6.03,302.7,9.4,D,0
40.4245,-120.8075,309.6,1.1,1.1,2018-11-02,1851,Terra,MODIS,69,6.03,291.7,10,D,0
39.0937,-121.6796,323.9,1.2,1.1,2018-11-02,1851,Terra,MODIS,82,6.03,297.9,22.4,D,0
39.0921,-121.6663,316.4,1.2,1.1,2018-11-02,1851,Terra,MODIS,75,6.03,296.2,13,D,0
39.1049,-122.1938,308,1.2,1.1,2018-11-02,1851,Terra,MODIS,62,6.03,292,7.1,D,0
39.0266,-121.6925,311.9,1.2,1.1,2018-11-02,1851,Terra,MODIS,60,6.03,288.5,10.7,D,0
37.9143,-120.0346,317.3,1,1,2018-11-02,1851,Terra,MODIS,71,6.03,301,11.1,D,0
37.9128,-120.0232,309.7,1,1,2018-11-02,1851,Terra,MODIS,38,6.03,299,4.5,D,0
37.9054,-120.0365,313.3,1,1,2018-11-02,1851,Terra,MODIS,35,6.03,301.1,7.3,D,0
37.5094,-120.7072,312.6,1,1,2018-11-02,1851,Terra,MODIS,59,6.03,298.2,7.3,D,0
37.5079,-120.6955,319.6,1,1,2018-11-02,1851,Terra,MODIS,74,6.03,299.3,13.8,D,0
39.192,-121.6541,313.8,1.2,1.1,2018-11-02,1851,Terra,MODIS,72,6.03,297.3,11.1,D,0
39.8172,-121.938,311.8,1.2,1.1,2018-11-02,1851,Terra,MODIS,60,6.03,297.5,8.1,D,0
39.6758,-120.9985,325.2,1.1,1.1,2018-11-02,1851,Terra,MODIS,83,6.03,285.4,27.5,D,0
39.6743,-120.986,301.3,1.1,1.1,2018-11-02,1851,Terra,MODIS,30,6.03,286.8,5,D,0
39.7036,-122.2779,321.8,1.3,1.1,2018-11-02,1851,Terra,MODIS,81,6.03,298.3,21.3,D,0
39.702,-122.2635,309.8,1.2,1.1,2018-11-02,1851,Terra,MODIS,69,6.03,296.1,7.1,D,0
39.5769,-122.0597,312.3,1.2,1.1,2018-11-02,1851,Terra,MODIS,72,6.03,298.7,8.6,D,0
39.5752,-122.0456,311.8,1.2,1.1,2018-11-02,1851,Terra,MODIS,71,6.03,298.4,8.4,D,0
36.6447,-120.6441,319.8,1,1,2018-11-02,1852,Terra,MODIS,59,6.03,300.6,10.9,D,0
36.6356,-120.6459,352.7,1,1,2018-11-02,1852,Terra,MODIS,96,6.03,303.1,62.9,D,0
36.2207,-118.6182,315.2,1,1,2018-11-02,1852,Terra,MODIS,66,6.03,290.1,14,D,0
36.2157,-118.5855,318.2,1,1,2018-11-02,1852,Terra,MODIS,71,6.03,289.2,17.2,D,0
35.8632,-119.1832,311.8,1,1,2018-11-02,1852,Terra,MODIS,38,6.03,299.6,6.6,D,0
34.7967,-118.506,317.3,1,1,2018-11-02,1852,Terra,MODIS,49,6.03,305.5,4,D,0
33.7708,-116.9036,320.3,1.2,1.1,2018-11-02,1852,Terra,MODIS,66,6.03,307.6,11,D,0
36.5873,-119.7736,311.7,1,1,2018-11-02,1852,Terra,MODIS,51,6.03,297.3,5,D,0
36.5946,-119.7606,310.6,1,1,2018-11-02,1852,Terra,MODIS,33,6.03,298.6,4,D,0
36.5962,-119.7716,334.6,1,1,2018-11-02,1852,Terra,MODIS,87,6.03,301.2,29.4,D,0
36.6053,-119.6442,312.2,1,1,2018-11-02,1852,Terra,MODIS,57,6.03,300.8,5.6,D,2
36.7427,-120.0889,344.8,1,1,2018-11-02,1852,Terra,MODIS,93,6.03,299,47.8,D,0
36.7516,-120.087,318.3,1,1,2018-11-02,1852,Terra,MODIS,72,6.03,298,12.1,D,0
36.9823,-120.4205,319.1,1,1,2018-11-02,1852,Terra,MODIS,73,6.03,295.3,15.4,D,0
29.5449,-100.1836,309.3,2.3,1.5,2018-11-02,2026,Aqua,MODIS,64,6.03,294.7,21.9,D,0
29.5428,-100.2066,322,2.2,1.5,2018-11-02,2026,Aqua,MODIS,80,6.03,295.9,56.5,D,0
29.5437,-100.1911,320,2.3,1.5,2018-11-02,2026,Aqua,MODIS,78,6.03,295.3,47.5,D,0
29.5418,-100.2139,312.6,2.2,1.5,2018-11-02,2026,Aqua,MODIS,48,6.03,295.7,25.9,D,0
31.1996,-101.2174,312.3,2,1.4,2018-11-02,2027,Aqua,MODIS,71,6.03,294.1,25.8,D,0
33.9214,-109.4035,337.8,1,1,2018-11-02,2028,Aqua,MODIS,91,6.03,293.6,38.2,D,0
32.0979,-110.8228,314.4,1.1,1.1,2018-11-02,2028,Aqua,MODIS,59,6.03,302.7,5.7,D,2
33.3867,-105.7909,310,1.2,1.1,2018-11-02,2028,Aqua,MODIS,64,6.03,278.7,15.6,D,0
33.4176,-110.8632,312.7,1.1,1,2018-11-02,2028,Aqua,MODIS,62,6.03,301.7,6.1,D,2
33.9198,-109.4142,310,1,1,2018-11-02,2028,Aqua,MODIS,43,6.03,291.6,7.3,D,0
33.9407,-109.3967,306,1,1,2018-11-02,2028,Aqua,MODIS,32,6.03,291.4,4.9,D,0
33.9391,-109.4074,307.3,1,1,2018-11-02,2028,Aqua,MODIS,38,6.03,292.3,5.7,D,0
35.2053,-111.7134,318.8,1.1,1.1,2018-11-02,2028,Aqua,MODIS,74,6.03,293.4,18.1,D,0
35.2032,-111.7256,307.4,1.1,1.1,2018-11-02,2028,Aqua,MODIS,46,6.03,294.3,7.6,D,0
35.8883,-113.2026,325.4,1.3,1.1,2018-11-02,2029,Aqua,MODIS,81,6.03,290.8,32.6,D,0
40.1387,-118.4982,309.4,2,1.4,2018-11-02,2030,Aqua,MODIS,61,6.03,295.8,17.6,D,0
41.7628,-113.9112,319.6,1.1,1.1,2018-11-02,2030,Aqua,MODIS,79,6.03,292.2,20.2,D,0
42.7708,-116.8376,306.7,1.4,1.2,2018-11-02,2031,Aqua,MODIS,39,6.03,281.7,14.2,D,0
42.7675,-116.8544,332.4,1.4,1.2,2018-11-02,2031,Aqua,MODIS,88,6.03,284.3,56.6,D,0
42.7777,-116.8584,309.2,1.4,1.2,2018-11-02,2031,Aqua,MODIS,37,6.03,284.7,17.1,D,0
43.9409,-118.4548,318.5,1.6,1.3,2018-11-02,2031,Aqua,MODIS,79,6.03,283.6,37.2,D,0
43.8535,-121.7682,316.2,2.5,1.5,2018-11-02,2031,Aqua,MODIS,76,6.03,282.7,63.3,D,0
43.8468,-121.7966,306.4,2.5,1.5,2018-11-02,2031,Aqua,MODIS,60,6.03,281.9,36.3,D,0
43.8474,-121.77,321.3,2.5,1.5,2018-11-02,2031,Aqua,MODIS,81,6.03,283.3,81.1,D,0
43.8404,-121.7987,300.7,2.5,1.5,2018-11-02,2031,Aqua,MODIS,39,6.03,282.4,24.3,D,0
44.6012,-122.392,308.8,2.5,1.5,2018-11-02,2031,Aqua,MODIS,64,6.03,280.9,45,D,0
45.5767,-118.0539,326.3,1.4,1.2,2018-11-02,2031,Aqua,MODIS,84,6.03,283,45.8,D,0
45.7461,-117.6628,338.7,1.4,1.2,2018-11-02,2031,Aqua,MODIS,91,6.03,283,68.7,D,0
45.7429,-117.6794,353,1.4,1.2,2018-11-02,2031,Aqua,MODIS,97,6.03,283.8,112.8,D,0
45.7397,-117.6962,301.2,1.4,1.2,2018-11-02,2031,Aqua,MODIS,45,6.03,281,10.9,D,0
46.1131,-116.5886,308.9,1.2,1.1,2018-11-02,2031,Aqua,MODIS,68,6.03,283.3,14.7,D,0
46.298,-115.855,322,1.1,1.1,2018-11-02,2031,Aqua,MODIS,65,6.03,283,25.3,D,0
46.5319,-115.9832,312.1,1.1,1.1,2018-11-02,2032,Aqua,MODIS,53,6.03,281.2,15.4,D,0
46.5294,-115.9976,355.4,1.1,1.1,2018-11-02,2032,Aqua,MODIS,98,6.03,283.8,92.6,D,0
45.8214,-121.2647,321.2,2,1.4,2018-11-02,2032,Aqua,MODIS,66,6.03,280.6,55.4,D,0
45.8158,-121.2893,350.6,2,1.4,2018-11-02,2032,Aqua,MODIS,91,6.03,282.1,184.1,D,0
45.9854,-121.3823,319.6,2,1.4,2018-11-02,2032,Aqua,MODIS,79,6.03,285.1,56.4,D,0
46.4924,-120.3278,301.8,1.7,1.3,2018-11-02,2032,Aqua,MODIS,49,6.03,290.9,9.7,D,0
46.4876,-120.3498,307.3,1.8,1.3,2018-11-02,2032,Aqua,MODIS,65,6.03,289.7,17,D,0
47.2373,-116.7093,340.3,1.2,1.1,2018-11-02,2032,Aqua,MODIS,92,6.03,282.8,58.9,D,0
48.1271,-114.9751,310.6,1,1,2018-11-02,2032,Aqua,MODIS,30,6.03,271.2,15.3,D,0
48.1269,-116.9279,305.6,1.1,1.1,2018-11-02,2032,Aqua,MODIS,62,6.03,278,12.7,D,0
48.4075,-116.823,306.3,1.1,1.1,2018-11-02,2032,Aqua,MODIS,59,6.03,273.4,12.7,D,0
48.3893,-116.9268,310.1,1.1,1.1,2018-11-02,2032,Aqua,MODIS,53,6.03,277.1,14,D,0
48.7378,-118.2277,308.1,1.2,1.1,2018-11-02,2032,Aqua,MODIS,66,6.03,279.1,15.6,D,0
42.8785,-123.5874,324.8,3.8,1.8,2018-11-02,2209,Aqua,MODIS,0,6.03,285.9,165,D,0
42.8702,-123.5961,322.5,3.8,1.8,2018-11-02,2209,Aqua,MODIS,0,6.03,285.7,147.9,D,0
38.6998,-90.1372,301,1.2,1.1,2018-11-03,0416,Terra,MODIS,37,6.03,279.2,9.5,N,2
36.2136,-118.589,370.2,1,1,2018-11-03,0555,Terra,MODIS,100,6.03,287.9,126,N,0
36.2118,-118.6005,309.2,1,1,2018-11-03,0555,Terra,MODIS,19,6.03,281.9,11.5,N,0
36.2225,-118.5911,315.9,1,1,2018-11-03,0555,Terra,MODIS,71,6.03,280.1,17.2,N,0
36.219,-118.6144,304.3,1,1,2018-11-03,0555,Terra,MODIS,19,6.03,283.1,8.3,N,0
36.4119,-118.7389,315,1,1,2018-11-03,0555,Terra,MODIS,90,6.03,283.2,17.6,N,0
38.9106,-120.6664,304.5,1.1,1.1,2018-11-03,0555,Terra,MODIS,60,6.03,285,9.6,N,0
38.9198,-120.6692,301.4,1.1,1.1,2018-11-03,0555,Terra,MODIS,41,6.03,285.5,7.6,N,0
39.6735,-120.989,326.1,1.1,1.1,2018-11-03,0556,Terra,MODIS,100,6.03,289,32.4,N,0
39.6714,-121.0015,303.2,1.1,1.1,2018-11-03,0556,Terra,MODIS,54,6.03,284.5,9.7,N,0
45.8528,-121.2731,315,1,1,2018-11-03,0557,Terra,MODIS,90,6.03,277.9,17.6,N,0
48.1648,-115.1562,306.7,1.5,1.2,2018-11-03,0558,Terra,MODIS,69,6.03,273.3,21.8,N,0
39.677,-120.9846,309.8,1,1,2018-11-03,1008,Aqua,MODIS,78,6.03,285.3,12.9,N,0
36.2238,-118.5927,307.5,1.3,1.1,2018-11-03,1009,Aqua,MODIS,72,6.03,280.5,15.1,N,0
36.2211,-118.578,317.5,1.3,1.1,2018-11-03,1009,Aqua,MODIS,95,6.03,281.6,26.6,N,0
41.5689,-84.0455,302.2,1.4,1.2,2018-11-03,1616,Terra,MODIS,51,6.03,283.6,10.5,D,2
35.0063,-79.3798,301.8,1.1,1,2018-11-03,1617,Terra,MODIS,49,6.03,288,5.5,D,0
35.6784,-81.3441,308.3,1,1,2018-11-03,1617,Terra,MODIS,67,6.03,287.4,9.3,D,0
37.3882,-77.7903,305.2,1.1,1.1,2018-11-03,1617,Terra,MODIS,61,6.03,287.3,9.5,D,0
35.8037,-79.9641,302.3,1,1,2018-11-03,1617,Terra,MODIS,51,6.03,286.9,6.1,D,0
33.0152,-79.8896,305.6,1.1,1,2018-11-03,1618,Terra,MODIS,46,6.03,290.1,7.8,D,2
33.0134,-79.8784,308.3,1.1,1,2018-11-03,1618,Terra,MODIS,67,6.03,290.3,9.7,D,2
33.2242,-81.2892,302.1,1,1,2018-11-03,1618,Terra,MODIS,51,6.03,289.5,4.8,D,0
32.9961,-83.9382,300.7,1.1,1,2018-11-03,1618,Terra,MODIS,39,6.03,288.3,4.9,D,0
32.9868,-83.9399,302.4,1.1,1,2018-11-03,1618,Terra,MODIS,49,6.03,287.8,6.2,D,0
33.4445,-88.5661,301.9,2,1.4,2018-11-03,1618,Terra,MODIS,49,6.03,290.4,11.7,D,2
32.6614,-83.211,305,1,1,2018-11-03,1618,Terra,MODIS,60,6.03,289.6,7.2,D,0
32.1663,-81.1968,300.3,1,1,2018-11-03,1618,Terra,MODIS,26,6.03,288.4,2.5,D,2
32.5782,-85.5109,307,1.3,1.1,2018-11-03,1618,Terra,MODIS,65,6.03,290.9,9.7,D,0
31.8646,-81.3388,303.4,1,1,2018-11-03,1618,Terra,MODIS,56,6.03,291.1,5.3,D,0
34.6416,-87.0814,304.6,1.7,1.3,2018-11-03,1618,Terra,MODIS,56,6.03,284.7,13,D,2
33.9452,-86.1922,305.7,1.4,1.2,2018-11-03,1618,Terra,MODIS,62,6.03,286.6,13.9,D,0
33.9435,-86.1768,305.7,1.4,1.2,2018-11-03,1618,Terra,MODIS,62,6.03,286,14,D,0
30.5931,-87.8569,303.9,1.6,1.3,2018-11-03,1619,Terra,MODIS,51,6.03,293.5,7.1,D,0
31.0139,-84.6397,304.3,1.1,1.1,2018-11-03,1619,Terra,MODIS,59,6.03,293.7,4.4,D,0
30.6739,-85.5764,303.4,1.2,1.1,2018-11-03,1619,Terra,MODIS,53,6.03,292.2,6.2,D,0
31.3591,-93.4421,304,4,1.9,2018-11-03,1619,Terra,MODIS,58,6.03,290.2,41.8,D,0
27.2186,-81.6573,306,1.1,1,2018-11-03,1620,Terra,MODIS,59,6.03,292,5.4,D,0
27.2169,-81.6468,304.9,1.1,1,2018-11-03,1620,Terra,MODIS,56,6.03,292.3,4.7,D,0
48.4269,-97.7324,313.2,1.2,1.1,2018-11-03,1753,Terra,MODIS,57,6.03,270.2,20,D,0
48.4297,-97.7477,333.8,1.2,1.1,2018-11-03,1753,Terra,MODIS,86,6.03,271.4,47.4,D,0
36.3528,-76.8096,300,1.7,1.3,2018-11-03,1754,Aqua,MODIS,21,6.03,289.5,8.6,D,2
39.9682,-74.6264,305.5,1.1,1.1,2018-11-03,1755,Aqua,MODIS,58,6.03,285.9,9.1,D,0
40.4696,-104.7872,312.1,1,1,2018-11-03,1755,Terra,MODIS,72,6.03,284.6,10.9,D,0
38.9206,-105.0565,320.1,1,1,2018-11-03,1755,Terra,MODIS,69,6.03,273.2,23.1,D,0
40.5322,-74.5323,306.1,1.1,1,2018-11-03,1755,Aqua,MODIS,63,6.03,285.9,9,D,2
39.9261,-74.8175,300.7,1.1,1.1,2018-11-03,1755,Aqua,MODIS,41,6.03,286.6,5.8,D,0
40.2688,-74.5581,306,1.1,1,2018-11-03,1755,Aqua,MODIS,63,6.03,285.8,9,D,2
33.4168,-110.8657,328.9,1.4,1.2,2018-11-03,1757,Terra,MODIS,83,6.03,299,37.3,D,2
33.5905,-105.1354,327.2,1,1,2018-11-03,1757,Terra,MODIS,84,6.03,290.4,25.9,D,0
30.4932,-99.2436,309.9,2.4,1.5,2018-11-03,1757,Terra,MODIS,69,6.03,292.4,27.1,D,0
30.5024,-99.2359,312.5,2.4,1.5,2018-11-03,1757,Terra,MODIS,72,6.03,292.5,31.9,D,0
30.6606,-89.103,303.8,1.5,1.2,2018-11-03,1931,Aqua,MODIS,54,6.03,293.1,7.4,D,0
29.6355,-91.5369,306.9,1.1,1,2018-11-03,1931,Aqua,MODIS,46,6.03,295.6,6.3,D,0
29.8166,-90.7509,307,1.2,1.1,2018-11-03,1931,Aqua,MODIS,61,6.03,294.6,7.6,D,0
29.8151,-90.7631,319,1.2,1.1,2018-11-03,1931,Aqua,MODIS,78,6.03,296.2,19.6,D,0
30.0383,-91.099,311.2,1.2,1.1,2018-11-03,1931,Aqua,MODIS,69,6.03,296.2,10,D,0
30.1724,-91.7745,316,1.1,1,2018-11-03,1931,Aqua,MODIS,75,6.03,296.2,13,D,0
30.2594,-91.2266,308.4,1.1,1.1,2018-11-03,1931,Aqua,MODIS,64,6.03,296.3,5.9,D,0
30.6557,-89.1113,308.6,1.5,1.2,2018-11-03,1931,Aqua,MODIS,66,6.03,293.2,13.4,D,0
30.659,-89.1185,302.8,1.5,1.2,2018-11-03,1931,Aqua,MODIS,44,6.03,292.7,6.2,D,0
30.5517,-91.3171,305.9,1.1,1.1,2018-11-03,1931,Aqua,MODIS,54,6.03,295.9,5.1,D,0
30.5503,-91.3289,306.6,1.1,1.1,2018-11-03,1931,Aqua,MODIS,60,6.03,296.2,5.2,D,0
30.6771,-91.7061,308.6,1.1,1,2018-11-03,1931,Aqua,MODIS,65,6.03,295.7,7.1,D,0
30.8562,-91.0806,307.2,1.2,1.1,2018-11-03,1931,Aqua,MODIS,63,6.03,294.4,7.4,D,0
30.8495,-91.7945,307.8,1.1,1,2018-11-03,1931,Aqua,MODIS,0,6.03,295.3,6.5,D,0
31.009,-92.3488,322.1,1.1,1,2018-11-03,1931,Aqua,MODIS,81,6.03,295.6,17.7,D,0
31.0189,-92.3347,336.3,1.1,1,2018-11-03,1931,Aqua,MODIS,90,6.03,293.3,37.7,D,0
31.0175,-92.3457,357.3,1.1,1,2018-11-03,1931,Aqua,MODIS,99,6.03,299.4,83.1,D,0
30.6346,-95.5507,302.8,1.1,1,2018-11-03,1931,Aqua,MODIS,30,6.03,291.2,3.5,D,0
32.9369,-93.6801,329.3,1,1,2018-11-03,1932,Aqua,MODIS,86,6.03,290.7,28.2,D,0
33.846,-88.8662,306.8,1.7,1.3,2018-11-03,1932,Aqua,MODIS,59,6.03,287,16.6,D,0
31.3668,-93.448,335.9,1,1,2018-11-03,1932,Aqua,MODIS,90,6.03,296.4,35.8,D,0
31.3653,-93.4584,339.7,1,1,2018-11-03,1932,Aqua,MODIS,80,6.03,293.5,41.8,D,0
30.4974,-99.2431,316.1,1.6,1.2,2018-11-03,1932,Aqua,MODIS,74,6.03,295.8,23,D,0
30.7754,-100.813,308.4,2,1.4,2018-11-03,1932,Aqua,MODIS,66,6.03,294.5,17.6,D,0
31.6203,-96.3402,305.1,1.1,1,2018-11-03,1932,Aqua,MODIS,53,6.03,294.1,4.3,D,0
32.6635,-89.2142,304.3,1.6,1.2,2018-11-03,1932,Aqua,MODIS,58,6.03,292.2,8.8,D,0
31.9463,-95.9694,310.7,1.1,1,2018-11-03,1932,Aqua,MODIS,68,6.03,292.9,8.8,D,0
33.062,-88.6282,303.6,1.7,1.3,2018-11-03,1932,Aqua,MODIS,56,6.03,291.5,9.9,D,0
32.9384,-93.6694,302.5,1,1,2018-11-03,1932,Aqua,MODIS,52,6.03,290.3,4.2,D,0
35.828,-98.196,301,1.1,1.1,2018-11-03,1933,Aqua,MODIS,29,6.03,287.5,2.3,D,0
39.2789,-96.8826,309.9,1,1,2018-11-03,1934,Aqua,MODIS,69,6.03,275.4,11.3,D,0
37.6933,-121.0785,304.4,2.4,1.5,2018-11-03,1934,Terra,MODIS,45,6.03,292.1,12.8,D,2
39.27,-96.8804,305.6,1,1,2018-11-03,1934,Aqua,MODIS,57,6.03,274.3,8.5,D,0
37.6853,-121.0883,305,2.4,1.5,2018-11-03,1934,Terra,MODIS,56,6.03,291,16.3,D,0
48.4269,-97.7482,323.2,1,1,2018-11-03,1936,Aqua,MODIS,82,6.03,271.4,26.8,D,0
33.4078,-110.8669,317.7,2.6,1.5,2018-11-03,2111,Aqua,MODIS,66,6.03,301,38.8,D,2
33.4123,-110.8885,312.5,2.6,1.5,2018-11-03,2111,Aqua,MODIS,56,6.03,300,22.8,D,2
33.4146,-110.86,314.2,2.6,1.5,2018-11-03,2111,Aqua,MODIS,62,6.03,300.3,27,D,2
36.2139,-118.5911,347.9,1,1,2018-11-03,2112,Aqua,MODIS,95,6.03,289.7,62,D,0
36.2124,-118.6022,325.7,1,1,2018-11-03,2112,Aqua,MODIS,81,6.03,289.7,24.6,D,0
36.2048,-118.5895,331.1,1,1,2018-11-03,2112,Aqua,MODIS,85,6.03,286.6,32.7,D,0
36.2033,-118.6008,318.5,1,1,2018-11-03,2112,Aqua,MODIS,74,6.03,286.5,17.4,D,0
36.9058,-120.3383,316.7,1,1,2018-11-03,2112,Aqua,MODIS,73,6.03,293.6,10.3,D,0
37.9067,-120.0371,308.7,1,1,2018-11-03,2112,Aqua,MODIS,65,6.03,290.7,5.9,D,0
42.0108,-121.8285,323.9,1,1,2018-11-03,2113,Aqua,MODIS,83,6.03,277.2,23.1,D,0
42.791,-116.8573,308.7,1.5,1.2,2018-11-03,2113,Aqua,MODIS,67,6.03,277,19.5,D,0
42.7966,-116.9123,307.1,1.4,1.2,2018-11-03,2113,Aqua,MODIS,65,6.03,277.6,18.1,D,0
44.126,-116.9408,306.4,1.5,1.2,2018-11-03,2114,Aqua,MODIS,62,6.03,286.3,11.8,D,0
44.121,-116.952,300.8,1.5,1.2,2018-11-03,2114,Aqua,MODIS,42,6.03,283.8,6.6,D,0
44.1228,-116.9332,301.8,1.5,1.2,2018-11-03,2114,Aqua,MODIS,49,6.03,286.5,7.6,D,0
33.0154,-79.8796,302.8,1.5,1.2,2018-11-04,0735,Aqua,MODIS,51,6.03,281.9,14.9,N,2
35.1161,-85.3252,305.2,1,1,2018-11-04,0735,Aqua,MODIS,63,6.03,280.2,10.9,N,0
35.1176,-85.336,309.4,1,1,2018-11-04,0735,Aqua,MODIS,77,6.03,280,13.8,N,0
56.1934,-159.3957,322.9,1.7,1.3,2018-11-04,1226,Aqua,MODIS,92,6.03,267.6,0,N,1
56.1965,-159.3738,328.4,1.7,1.3,2018-11-04,1226,Aqua,MODIS,98,6.03,268.3,0,N,1
33.7109,-95.9754,300.7,1.3,1.1,2018-11-04,1701,Terra,MODIS,40,6.03,288.1,6.2,D,0
32.451,-97.0388,303.2,1.4,1.2,2018-11-04,1702,Terra,MODIS,55,6.03,290.7,7.2,D,2
30.943,-88.0111,308.8,1.5,1.2,2018-11-04,1702,Terra,MODIS,68,6.03,287.4,14.6,D,2
48.7247,-117.8834,301.7,1.4,1.2,2018-11-04,1836,Terra,MODIS,48,6.03,279.6,12.9,D,0
31.42,-85.089,301.6,1.5,1.2,2018-11-04,1836,Aqua,MODIS,26,6.03,286.9,4,D,0
31.8374,-85.2245,326.6,1.5,1.2,2018-11-04,1836,Aqua,MODIS,84,6.03,287.4,40.9,D,0
31.8252,-85.3499,300.2,1.5,1.2,2018-11-04,1836,Aqua,MODIS,20,6.03,285.1,5,D,0
45.2701,-121.1805,329.3,1.9,1.3,2018-11-04,1837,Terra,MODIS,86,6.03,295.3,65,D,0
46.7485,-116.8302,300.3,1.2,1.1,2018-11-04,1837,Terra,MODIS,31,6.03,279.6,7.3,D,0
46.7582,-116.8281,301.9,1.2,1.1,2018-11-04,1837,Terra,MODIS,36,6.03,280.4,8.2,D,0
44.8027,-122.7385,306.3,2.3,1.5,2018-11-04,1837,Terra,MODIS,63,6.03,285.3,29.3,D,0
44.8,-122.733,301.2,2.3,1.5,2018-11-04,1837,Terra,MODIS,45,6.03,285.4,17.4,D,0
45.2582,-121.1843,309.4,1.9,1.3,2018-11-04,1837,Terra,MODIS,66,6.03,293.8,19.6,D,0
44.8321,-123.3967,306.5,2.5,1.5,2018-11-04,1837,Terra,MODIS,60,6.03,283.4,32.7,D,0
45.2719,-121.2043,334.1,1.9,1.3,2018-11-04,1837,Terra,MODIS,89,6.03,296.8,82.4,D,0
45.26,-121.2082,309.4,1.9,1.3,2018-11-04,1837,Terra,MODIS,69,6.03,292.4,20.2,D,0
37.233,-82.0395,301.8,1,1,2018-11-04,1838,Aqua,MODIS,49,6.03,289.2,5.5,D,2
41.4574,-81.6757,309.2,1,1,2018-11-04,1839,Aqua,MODIS,68,6.03,285.3,10.6,D,2
35.6181,-115.3529,304,1,1,2018-11-04,1839,Terra,MODIS,28,6.03,278.4,3.4,D,0
35.6271,-115.3508,305.6,1,1,2018-11-04,1839,Terra,MODIS,47,6.03,278.7,4.4,D,0
36.2108,-118.5857,323.3,1.1,1,2018-11-04,1839,Terra,MODIS,81,6.03,281.2,25.1,D,0
36.2124,-118.5979,310,1.1,1,2018-11-04,1839,Terra,MODIS,65,6.03,281.6,11.9,D,0
35.7773,-114.9534,306.2,1,1,2018-11-04,1839,Terra,MODIS,31,6.03,282.9,3.1,D,0
36.4044,-118.7364,308.7,1.1,1,2018-11-04,1839,Terra,MODIS,63,6.03,283.2,11.5,D,0
41.4492,-81.6807,301.8,1,1,2018-11-04,1839,Aqua,MODIS,17,6.03,285,5.8,D,2
35.217,-120.6998,320.3,1.3,1.1,2018-11-04,1840,Terra,MODIS,73,6.03,302.4,16.1,D,0
31.5263,-103.3527,314.1,1.1,1,2018-11-04,2015,Aqua,MODIS,70,6.03,294,9.8,D,0
31.5249,-103.3637,311,1.1,1,2018-11-04,2015,Aqua,MODIS,65,6.03,294.3,7.4,D,0
36.3192,-97.761,321.7,2.5,1.5,2018-11-04,2016,Aqua,MODIS,81,6.03,291.5,67.3,D,0
36.3171,-97.7881,316.7,2.4,1.5,2018-11-04,2016,Aqua,MODIS,77,6.03,290.7,49.6,D,0
37.6906,-100.5717,304.6,1.7,1.3,2018-11-04,2016,Aqua,MODIS,59,6.03,289.2,11.3,D,0
35.8977,-113.2024,300.1,1.9,1.4,2018-11-04,2016,Aqua,MODIS,26,6.03,279.4,12.7,D,0
45.2617,-121.2086,318.3,3.1,1.7,2018-11-04,2019,Aqua,MODIS,78,6.03,293.3,81,D,0
44.8221,-123.3837,302,4.1,1.9,2018-11-04,2019,Aqua,MODIS,38,6.03,283.1,50.6,D,0
44.8259,-123.3933,304.3,4.1,1.9,2018-11-04,2019,Aqua,MODIS,44,6.03,283,61.5,D,0
46.7505,-116.8469,306.1,1.6,1.3,2018-11-04,2019,Aqua,MODIS,63,6.03,280.9,19.2,D,0
46.8429,-116.6873,314.7,1.6,1.2,2018-11-04,2019,Aqua,MODIS,0,6.03,275.2,28.6,D,0
46.8319,-116.6897,317.7,1.6,1.2,2018-11-04,2019,Aqua,MODIS,0,6.03,277.2,33.5,D,0
48.3744,-116.3833,306.3,1.4,1.2,2018-11-04,2020,Aqua,MODIS,48,6.03,274.7,17.4,D,0
44.8186,-123.3952,306.6,2.7,1.6,2018-11-04,2157,Aqua,MODIS,64,6.03,286.3,37,D,0
38.6952,-90.1293,301.4,1,1,2018-11-05,0404,Terra,MODIS,40,6.03,279.4,8.7,N,2
36.2088,-118.5948,307.6,1.4,1.2,2018-11-05,0542,Terra,MODIS,39,6.03,278,16.5,N,0
36.2178,-118.5881,307,1.4,1.2,2018-11-05,0542,Terra,MODIS,41,6.03,278.3,15.8,N,0
36.4088,-118.7375,306.5,1.4,1.2,2018-11-05,0542,Terra,MODIS,68,6.03,284.5,16.5,N,0
42.6849,-111.5913,305,1.3,1.1,2018-11-05,0544,Terra,MODIS,63,6.03,271.4,18.3,N,2
46.9473,-116.5012,328.9,1,1,2018-11-05,0545,Terra,MODIS,100,6.03,275.2,33,N,0
46.9455,-116.5145,317.6,1,1,2018-11-05,0545,Terra,MODIS,95,6.03,273.7,20.2,N,0
46.965,-116.4376,300.7,1,1,2018-11-05,0545,Terra,MODIS,32,6.03,275,9,N,0
48.3742,-116.3756,314.8,1,1,2018-11-05,0545,Terra,MODIS,90,6.03,274.2,19.5,N,0
31.3523,-101.8008,302.3,1.7,1.3,2018-11-05,0819,Aqua,MODIS,48,6.03,277.1,17.8,N,0
29.2335,-95.1975,311.8,1,1,2018-11-05,0820,Aqua,MODIS,83,6.03,290.5,12.1,N,0
56.1901,-159.4062,365.1,2.3,1.5,2018-11-05,0905,Terra,MODIS,100,6.03,268.3,359.8,N,1
56.1919,-159.3688,351.1,2.3,1.5,2018-11-05,0905,Terra,MODIS,100,6.03,265.7,240.1,N,1
37.1593,-119.2773,309.7,1,1,2018-11-05,0956,Aqua,MODIS,78,6.03,281.1,12.9,N,0
39.4948,-120.8329,309.3,1.1,1,2018-11-05,0956,Aqua,MODIS,77,6.03,277.5,14.8,N,0
39.4964,-120.8458,307.8,1.1,1,2018-11-05,0956,Aqua,MODIS,73,6.03,277.8,13.6,N,0
36.2224,-118.576,302.6,1,1,2018-11-05,0957,Aqua,MODIS,50,6.03,280,8.3,N,0
36.404,-118.7336,323.7,1,1,2018-11-05,0957,Aqua,MODIS,100,6.03,286,25.1,N,0
36.4134,-118.736,321.2,1,1,2018-11-05,0957,Aqua,MODIS,100,6.03,286.6,22,N,0
36.4117,-118.7252,309.7,1,1,2018-11-05,0957,Aqua,MODIS,78,6.03,284.8,12.2,N,0
36.2135,-118.5782,301.9,1,1,2018-11-05,0957,Aqua,MODIS,39,6.03,278.3,7.7,N,0
36.2152,-118.5893,323.8,1,1,2018-11-05,0957,Aqua,MODIS,100,6.03,280.9,25,N,0
56.1984,-159.3866,399.8,1,1,2018-11-05,1309,Aqua,MODIS,100,6.03,275.7,0,N,1
56.1895,-159.3909,396,1,1,2018-11-05,1309,Aqua,MODIS,100,6.03,277.4,0,N,1
27.3151,-81.0731,315.7,1,1,2018-11-05,1607,Terra,MODIS,69,6.03,296.3,8,D,0
26.7329,-80.6079,317.2,1,1,2018-11-05,1607,Terra,MODIS,70,6.03,298.9,9.6,D,0
26.8669,-80.517,328.8,1,1,2018-11-05,1607,Terra,MODIS,83,6.03,297.3,23.2,D,0
26.9038,-80.582,312.2,1,1,2018-11-05,1607,Terra,MODIS,56,6.03,297.3,6.2,D,0
27.3165,-81.0833,316.5,1,1,2018-11-05,1607,Terra,MODIS,60,6.03,299.2,8.6,D,0
27.2,-81.773,310.1,1.1,1,2018-11-05,1607,Terra,MODIS,56,6.03,292.2,5.5,D,0
27.0994,-80.4671,335.5,1,1,2018-11-05,1607,Terra,MODIS,88,6.03,296.9,32.3,D,0
27.0905,-80.4687,319.6,1,1,2018-11-05,1607,Terra,MODIS,74,6.03,295.9,13.9,D,0
27.2928,-81.2445,313.9,1,1,2018-11-05,1607,Terra,MODIS,27,6.03,298.8,6.2,D,0
26.5596,-80.6204,347.4,1,1,2018-11-05,1608,Terra,MODIS,94,6.03,301,50.4,D,0
26.6789,-81.5287,320.5,1,1,2018-11-05,1608,Terra,MODIS,70,6.03,298.1,13.6,D,0
26.5119,-80.7371,312.9,1,1,2018-11-05,1608,Terra,MODIS,59,6.03,299.1,5.9,D,0
26.4397,-80.9396,320.8,1,1,2018-11-05,1608,Terra,MODIS,74,6.03,304,12,D,0
26.6879,-81.5272,315.2,1,1,2018-11-05,1608,Terra,MODIS,62,6.03,298.4,7.5,D,0
26.5581,-80.6105,311.9,1,1,2018-11-05,1608,Terra,MODIS,29,6.03,298.2,4,D,0
35.5344,-101.8941,308.3,1,1,2018-11-05,1744,Terra,MODIS,60,6.03,294.2,5,D,0
35.9933,-97.8109,316.1,1.4,1.2,2018-11-05,1744,Terra,MODIS,76,6.03,293.2,20,D,0
34.6607,-100.823,312.9,1.1,1,2018-11-05,1744,Terra,MODIS,69,6.03,296.2,8.3,D,0
34.6626,-100.8346,309,1.1,1,2018-11-05,1744,Terra,MODIS,61,6.03,296.1,5,D,0
29.5286,-100.1669,307.1,1.4,1.2,2018-11-05,1745,Terra,MODIS,32,6.03,293.4,6.4,D,0
31.517,-99.4617,309.1,1.4,1.2,2018-11-05,1745,Terra,MODIS,65,6.03,294.5,8.7,D,0
31.1733,-98.7319,309.5,1.5,1.2,2018-11-05,1745,Terra,MODIS,66,6.03,289.9,16.2,D,0
30.6288,-97.8453,307.7,1.8,1.3,2018-11-05,1745,Terra,MODIS,65,6.03,287.7,14.5,D,0
30.6222,-97.8528,308.8,1.8,1.3,2018-11-05,1745,Terra,MODIS,67,6.03,287.8,15.9,D,0
29.5438,-100.1922,316.4,1.4,1.2,2018-11-05,1745,Terra,MODIS,73,6.03,293.8,17.9,D,0
29.5413,-100.1783,342,1.4,1.2,2018-11-05,1745,Terra,MODIS,92,6.03,294.9,68.4,D,0
29.5262,-100.153,312.3,1.4,1.2,2018-11-05,1745,Terra,MODIS,67,6.03,293.3,12.8,D,0
29.5263,-100.1996,319.5,3.1,1.7,2018-11-05,1919,Aqua,MODIS,77,6.03,290.7,81,D,0
29.5331,-100.1685,312.2,3.1,1.7,2018-11-05,1919,Aqua,MODIS,69,6.03,289.7,48.8,D,0
47.9621,-122.7201,317.9,1,1,2018-11-05,1919,Terra,MODIS,69,6.03,282.3,18.6,D,0
46.952,-119.5655,303.1,1.2,1.1,2018-11-05,1919,Terra,MODIS,51,6.03,285.8,8,D,0
46.792,-119.2145,305.6,1.3,1.1,2018-11-05,1919,Terra,MODIS,62,6.03,287.1,9.9,D,2
46.8812,-121.1065,303.4,1.1,1,2018-11-05,1919,Terra,MODIS,56,6.03,279.8,9.9,D,0
46.8721,-121.1099,310.1,1.1,1,2018-11-05,1919,Terra,MODIS,70,6.03,279.6,15,D,0
30.6174,-97.847,306.6,2.1,1.4,2018-11-05,1919,Aqua,MODIS,58,6.03,289.9,11.7,D,0
29.5246,-100.2037,315.4,3.1,1.7,2018-11-05,1919,Aqua,MODIS,73,6.03,290.6,60.9,D,0
29.5317,-100.1725,315.7,3.1,1.7,2018-11-05,1919,Aqua,MODIS,74,6.03,289.9,63.1,D,0
44.6772,-123.706,323.7,1,1,2018-11-05,1920,Terra,MODIS,78,6.03,279.9,24.6,D,0
43.7075,-121.8361,315.7,1.1,1.1,2018-11-05,1920,Terra,MODIS,76,6.03,273.5,22,D,0
43.7051,-121.8224,303.6,1.1,1.1,2018-11-05,1920,Terra,MODIS,49,6.03,271.9,11.8,D,0
43.4944,-121.8824,348.4,1.1,1.1,2018-11-05,1920,Terra,MODIS,95,6.03,277.2,72.8,D,0
43.4921,-121.8685,323.7,1.1,1.1,2018-11-05,1920,Terra,MODIS,56,6.03,277,27.1,D,0
43.4897,-121.8549,346.4,1.1,1.1,2018-11-05,1920,Terra,MODIS,94,6.03,278.7,67.9,D,0
43.4873,-121.8411,338.1,1.1,1.1,2018-11-05,1920,Terra,MODIS,91,6.03,277.3,50.1,D,0
44.6791,-123.7185,306.6,1,1,2018-11-05,1920,Terra,MODIS,64,6.03,279.1,10,D,0
43.7475,-118.1976,304.9,1.6,1.3,2018-11-05,1920,Terra,MODIS,48,6.03,282.9,13.8,D,0
43.7463,-118.1915,305.6,1.6,1.3,2018-11-05,1920,Terra,MODIS,53,6.03,283.1,14.8,D,0
44.7434,-122.4954,322.9,1.1,1,2018-11-05,1920,Terra,MODIS,0,6.03,277.6,25.9,D,0
45.8589,-121.1993,303.7,1.1,1,2018-11-05,1920,Terra,MODIS,49,6.03,279.4,9.8,D,0
45.8613,-121.2131,319.9,1.1,1,2018-11-05,1920,Terra,MODIS,75,6.03,281.5,23.7,D,0
46.2112,-119.7361,300.1,1.2,1.1,2018-11-05,1920,Terra,MODIS,28,6.03,288.1,5,D,2
46.414,-120.2164,307.4,1.2,1.1,2018-11-05,1920,Terra,MODIS,65,6.03,288.8,10.1,D,0
31.1692,-98.7385,307.8,2.3,1.5,2018-11-05,1920,Aqua,MODIS,46,6.03,290.7,18.3,D,0
31.1664,-98.7424,306.6,2.3,1.5,2018-11-05,1920,Aqua,MODIS,55,6.03,290.8,15.1,D,0
34.6542,-100.8304,309.7,2.6,1.5,2018-11-05,1921,Aqua,MODIS,64,6.03,296.6,20.3,D,0
34.6599,-100.8365,311.2,2.6,1.5,2018-11-05,1921,Aqua,MODIS,67,6.03,296.6,25.8,D,0
39.1838,-120.6708,317.3,1.5,1.2,2018-11-05,1921,Terra,MODIS,77,6.03,290,29.5,D,0
39.9519,-120.5355,300.4,1.5,1.2,2018-11-05,1921,Terra,MODIS,17,6.03,284.6,9,D,0
39.1805,-120.6544,307.4,1.5,1.2,2018-11-05,1921,Terra,MODIS,63,6.03,289.7,15.1,D,0
40.3283,-122.3183,307.6,1.2,1.1,2018-11-05,1921,Terra,MODIS,51,6.03,297.5,5.3,D,0
40.3379,-122.3153,314.4,1.2,1.1,2018-11-05,1921,Terra,MODIS,75,6.03,298.7,12.3,D,0
42.1401,-124.2183,322.2,1,1,2018-11-05,1921,Terra,MODIS,81,6.03,283.9,21.3,D,0
42.142,-124.2303,309.3,1,1,2018-11-05,1921,Terra,MODIS,36,6.03,282.4,10.2,D,0
43.0938,-124.2662,308.9,1,1,2018-11-05,1921,Terra,MODIS,34,6.03,283.3,9,D,0
43.0957,-124.2783,327,1,1,2018-11-05,1921,Terra,MODIS,85,6.03,285.1,25.6,D,0
43.1027,-124.2637,313.4,1,1,2018-11-05,1921,Terra,MODIS,74,6.03,284.1,13.5,D,0
43.1046,-124.2758,322.4,1,1,2018-11-05,1921,Terra,MODIS,82,6.03,285.7,21.6,D,0
36.9016,-120.3337,309.5,1.8,1.3,2018-11-05,1922,Terra,MODIS,50,6.03,295.9,11.3,D,0
38.0813,-121.1967,318.8,1.5,1.2,2018-11-05,1922,Terra,MODIS,76,6.03,295.9,24.6,D,0
33.4142,-110.8687,328.8,1.6,1.2,2018-11-05,2058,Aqua,MODIS,82,6.03,301.4,42.6,D,2
35.8958,-113.1979,312.2,1.3,1.1,2018-11-05,2059,Aqua,MODIS,59,6.03,290.5,13.7,D,0
36.2077,-118.5992,317.7,1,1,2018-11-05,2059,Aqua,MODIS,35,6.03,290,15.3,D,0
36.2202,-118.5789,314.2,1,1,2018-11-05,2059,Aqua,MODIS,44,6.03,288.7,12.4,D,0
33.4631,-116.123,318.8,1,1,2018-11-05,2059,Aqua,MODIS,55,6.03,306.9,7.7,D,0
34.7183,-118.297,318.1,1,1,2018-11-05,2059,Aqua,MODIS,61,6.03,303.9,6.7,D,0
35.8974,-113.1835,313.5,1.3,1.1,2018-11-05,2059,Aqua,MODIS,63,6.03,290.9,15.1,D,0
36.2095,-118.5877,354.9,1,1,2018-11-05,2059,Aqua,MODIS,97,6.03,292.4,76.7,D,0
36.5423,-119.5789,312.4,1.1,1,2018-11-05,2100,Aqua,MODIS,64,6.03,301.1,6,D,2
36.9007,-120.337,316.5,1.2,1.1,2018-11-05,2100,Aqua,MODIS,70,6.03,298.9,10.2,D,0
36.9053,-120.3303,314.3,1.2,1.1,2018-11-05,2100,Aqua,MODIS,63,6.03,299.3,9.4,D,0
37.1553,-119.2842,307.6,1.1,1,2018-11-05,2100,Aqua,MODIS,42,6.03,292.3,8.3,D,0
37.4438,-120.9648,309,1.2,1.1,2018-11-05,2100,Aqua,MODIS,58,6.03,298.1,5.6,D,0
38.078,-121.1916,308.5,1.2,1.1,2018-11-05,2100,Aqua,MODIS,51,6.03,298.4,5.8,D,0
38.0756,-121.2051,308,1.2,1.1,2018-11-05,2100,Aqua,MODIS,53,6.03,297.6,5.7,D,0
39.0596,-120.1295,320,1.1,1,2018-11-05,2100,Aqua,MODIS,0,6.03,287.2,20.2,D,0
39.1744,-120.6602,303.9,1.1,1.1,2018-11-05,2100,Aqua,MODIS,43,6.03,290.9,6.7,D,0
39.1722,-120.673,328.5,1.1,1.1,2018-11-05,2100,Aqua,MODIS,85,6.03,293.4,31.8,D,0
39.1814,-120.6757,325.6,1.1,1.1,2018-11-05,2100,Aqua,MODIS,83,6.03,291.2,27.3,D,0
39.9468,-120.5453,312.7,1.1,1,2018-11-05,2101,Aqua,MODIS,45,6.03,287.3,12.5,D,0
39.9559,-120.5482,319.4,1.1,1,2018-11-05,2101,Aqua,MODIS,78,6.03,287.8,19.2,D,0
41.2843,-116.2463,315.3,1.1,1,2018-11-05,2101,Aqua,MODIS,76,6.03,288.9,14.3,D,0
41.2917,-116.2414,303.6,1.1,1,2018-11-05,2101,Aqua,MODIS,57,6.03,288.4,5.8,D,0
41.2901,-116.2544,312.2,1.1,1,2018-11-05,2101,Aqua,MODIS,72,6.03,289.7,12.5,D,0
42.7134,-116.8567,306.4,1.1,1,2018-11-05,2101,Aqua,MODIS,55,6.03,273.3,10.9,D,0
42.1301,-124.2225,315.7,1.4,1.2,2018-11-05,2101,Aqua,MODIS,76,6.03,285.7,26,D,0
42.1266,-124.2405,302.3,1.4,1.2,2018-11-05,2101,Aqua,MODIS,52,6.03,285.6,10.5,D,0
43.4925,-121.8919,328.2,1.1,1,2018-11-05,2102,Aqua,MODIS,81,6.03,272.8,34.3,D,0
43.0903,-124.2762,319.9,1.4,1.2,2018-11-05,2102,Aqua,MODIS,52,6.03,285.7,27.4,D,0
43.1004,-124.2799,322.3,1.4,1.2,2018-11-05,2102,Aqua,MODIS,48,6.03,286.1,30.5,D,0
43.0991,-124.2671,325.6,1.4,1.2,2018-11-05,2102,Aqua,MODIS,66,6.03,285.8,36.5,D,0
43.096,-124.2832,325,1.4,1.2,2018-11-05,2102,Aqua,MODIS,52,6.03,286.2,35,D,0
43.6807,-121.3053,319.2,1,1,2018-11-05,2102,Aqua,MODIS,75,6.03,276.2,22,D,0
43.6786,-121.3182,301.5,1,1,2018-11-05,2102,Aqua,MODIS,41,6.03,277,8.3,D,0
43.6897,-121.3081,331.1,1,1,2018-11-05,2102,Aqua,MODIS,82,6.03,277.3,35.2,D,0
43.6981,-121.8323,304.9,1.1,1,2018-11-05,2102,Aqua,MODIS,57,6.03,271.7,11.1,D,0
43.4339,-123.5976,315.8,1.3,1.1,2018-11-05,2102,Aqua,MODIS,72,6.03,279.6,22.8,D,0
43.3152,-124.2878,311.5,1.4,1.2,2018-11-05,2102,Aqua,MODIS,62,6.03,284.8,19.2,D,0
43.312,-124.3042,312.7,1.4,1.2,2018-11-05,2102,Aqua,MODIS,0,6.03,285.4,21,D,0
44.438,-118.331,311.8,1,1,2018-11-05,2102,Aqua,MODIS,72,6.03,275.1,15.1,D,0
44.4364,-118.3438,341.1,1,1,2018-11-05,2102,Aqua,MODIS,92,6.03,277,51.3,D,0
44.447,-118.3334,314.2,1,1,2018-11-05,2102,Aqua,MODIS,74,6.03,275,17.3,D,0
44.4453,-118.3462,344.1,1,1,2018-11-05,2102,Aqua,MODIS,94,6.03,278.4,57.2,D,0
43.8823,-124.0491,314,1.3,1.1,2018-11-05,2102,Aqua,MODIS,39,6.03,283.1,20.8,D,0
44.963,-118.1245,312.5,1,1,2018-11-05,2102,Aqua,MODIS,73,6.03,274.7,17,D,0
44.3786,-123.3722,303.3,1.2,1.1,2018-11-05,2102,Aqua,MODIS,55,6.03,285.5,8.6,D,0
44.6477,-123.1496,306.3,1.2,1.1,2018-11-05,2102,Aqua,MODIS,59,6.03,284,10.9,D,0
44.6712,-123.7178,312.9,1.2,1.1,2018-11-05,2102,Aqua,MODIS,56,6.03,280.1,19.7,D,0
45.6384,-117.715,333.9,1.1,1,2018-11-05,2102,Aqua,MODIS,77,6.03,280.6,40.8,D,0
45.6465,-117.9559,319.6,1.1,1,2018-11-05,2102,Aqua,MODIS,69,6.03,279.4,22.2,D,0
44.8384,-123.4918,312.1,1.2,1.1,2018-11-05,2102,Aqua,MODIS,46,6.03,281.4,18.2,D,0
45.5333,-121.1042,300.3,1,1,2018-11-05,2102,Aqua,MODIS,21,6.03,287,4.5,D,0
45.1648,-123.4578,302,1.2,1.1,2018-11-05,2102,Aqua,MODIS,50,6.03,283,8.8,D,0
46.4094,-116.0249,310.6,1.3,1.1,2018-11-05,2102,Aqua,MODIS,41,6.03,273.4,18.5,D,0
46.4076,-116.0422,340.2,1.3,1.1,2018-11-05,2102,Aqua,MODIS,90,6.03,276.1,66.2,D,0
46.4689,-115.9459,328.9,1.3,1.1,2018-11-05,2102,Aqua,MODIS,80,6.03,274.9,41.8,D,0
46.5524,-119.8351,307,1,1,2018-11-05,2102,Aqua,MODIS,59,6.03,288.2,7.9,D,0
45.8609,-121.2125,310.2,1,1,2018-11-05,2102,Aqua,MODIS,70,6.03,283,12.7,D,0
46.4889,-115.9498,328.2,1.3,1.1,2018-11-05,2102,Aqua,MODIS,85,6.03,278.3,41.1,D,0
47.6221,-120.5849,309.7,1,1,2018-11-05,2103,Aqua,MODIS,69,6.03,279.9,12,D,0
47.6202,-120.5979,304.9,1,1,2018-11-05,2103,Aqua,MODIS,59,6.03,279.2,9.2,D,0
48.7285,-118.2239,319.3,1.1,1.1,2018-11-05,2103,Aqua,MODIS,79,6.03,270.8,22.9,D,0
48.7379,-118.2265,315.8,1.1,1.1,2018-11-05,2103,Aqua,MODIS,63,6.03,274.6,18.9,D,0
36.2112,-118.5938,309.3,1.8,1.3,2018-11-06,0625,Terra,MODIS,77,6.03,282.3,26.9,N,0
36.2087,-118.5807,314.1,1.8,1.3,2018-11-06,0625,Terra,MODIS,61,6.03,282.5,34,N,0
36.2131,-118.5741,306.5,1.8,1.3,2018-11-06,0625,Terra,MODIS,57,6.03,282.4,23.1,N,0
43.0119,-124.2506,301.3,1.1,1.1,2018-11-06,0627,Terra,MODIS,40,6.03,279.7,9.8,N,0
43.0079,-124.2439,314.9,1.1,1.1,2018-11-06,0627,Terra,MODIS,90,6.03,280,19.9,N,0
45.3446,-123.3597,302.1,1.3,1.1,2018-11-06,0628,Terra,MODIS,46,6.03,278.7,12.6,N,0
47.9044,-124.4928,302.7,1.2,1.1,2018-11-06,0629,Terra,MODIS,51,6.03,277.8,12.3,N,0
33.0201,-79.8805,303.4,1.1,1,2018-11-06,0723,Aqua,MODIS,55,6.03,289.9,6.3,N,2
33.4204,-110.8568,304.4,1.4,1.2,2018-11-06,0902,Aqua,MODIS,60,6.03,282.1,16,N,2
33.4167,-110.8643,308.6,1.4,1.2,2018-11-06,0902,Aqua,MODIS,75,6.03,282.2,19.3,N,2
47.9039,-124.4786,312.1,1,1,2018-11-06,1037,Aqua,MODIS,84,6.03,279.5,15.7,N,0
47.9061,-124.492,309.2,1,1,2018-11-06,1037,Aqua,MODIS,77,6.03,279.8,13.4,N,0
45.6572,-123.47,302.9,1.2,1.1,2018-11-06,1037,Aqua,MODIS,52,6.03,276,12.4,N,0
38.8798,-90.1385,300.3,1.1,1,2018-11-06,1647,Terra,MODIS,29,6.03,285.6,6,D,2
38.6959,-90.1368,307.6,1.1,1,2018-11-06,1647,Terra,MODIS,57,6.03,288.6,9.7,D,2
35.0051,-89.5869,304.9,1,1,2018-11-06,1648,Terra,MODIS,60,6.03,291.4,5.6,D,0
31.1179,-88.718,314.2,1,1,2018-11-06,1649,Terra,MODIS,70,6.03,291.2,11.9,D,0
31.4249,-88.6727,306.2,1,1,2018-11-06,1649,Terra,MODIS,63,6.03,291.2,6.1,D,0
32.4308,-94.6718,312.6,1.5,1.2,2018-11-06,1649,Terra,MODIS,0,6.03,293.4,17.8,D,2
34.2053,-97.0975,302.7,2.3,1.5,2018-11-06,1649,Terra,MODIS,53,6.03,290.8,12,D,0
32.6443,-82.5767,320.6,2,1.4,2018-11-06,1649,Terra,MODIS,80,6.03,284.6,46.5,D,0
33.5298,-86.754,303.7,1.1,1.1,2018-11-06,1649,Terra,MODIS,48,6.03,292.3,4.4,D,2
34.1849,-86.6155,302.3,1.1,1.1,2018-11-06,1649,Terra,MODIS,52,6.03,291.5,4.7,D,0
26.5063,-80.9411,312.4,3.6,1.8,2018-11-06,1650,Terra,MODIS,51,6.03,287.6,52.4,D,0
31.2157,-101.2388,307.7,4.1,1.9,2018-11-06,1650,Terra,MODIS,58,6.03,295.3,40.2,D,0
31.2133,-101.1964,309.4,4.1,1.9,2018-11-06,1650,Terra,MODIS,63,6.03,295.1,49.2,D,0
31.226,-101.2035,305.6,4.1,1.9,2018-11-06,1650,Terra,MODIS,43,6.03,294.9,27.9,D,0
31.2092,-101.2044,308.2,4.1,1.9,2018-11-06,1650,Terra,MODIS,60,6.03,295,41.6,D,0
29.5374,-100.1627,306.8,3.3,1.7,2018-11-06,1650,Terra,MODIS,50,6.03,295.9,20.9,D,0
27.6958,-98.9964,312,2.6,1.5,2018-11-06,1651,Terra,MODIS,62,6.03,298.9,21.7,D,0
26.5259,-80.6232,312,1.5,1.2,2018-11-06,1822,Aqua,MODIS,23,6.03,293.7,12.2,D,0
26.5956,-80.7543,310.4,1.5,1.2,2018-11-06,1822,Aqua,MODIS,22,6.03,295.4,8.9,D,0
26.5877,-80.6131,311.9,1.5,1.2,2018-11-06,1822,Aqua,MODIS,16,6.03,293.9,10.1,D,0
26.5366,-80.6256,349.5,1.5,1.2,2018-11-06,1822,Aqua,MODIS,90,6.03,295.1,104.3,D,0
46.5583,-119.8395,302.6,2.4,1.5,2018-11-06,1824,Terra,MODIS,53,6.03,286.2,17.7,D,0
32.6402,-82.5573,324,1.5,1.2,2018-11-06,1824,Aqua,MODIS,81,6.03,290.6,33.3,D,0
32.6391,-82.5788,336,1.5,1.2,2018-11-06,1824,Aqua,MODIS,90,6.03,292.3,61.7,D,0
32.6421,-82.563,339.1,1.5,1.2,2018-11-06,1824,Aqua,MODIS,91,6.03,291.7,70.3,D,0
32.648,-82.5759,319.7,1.5,1.2,2018-11-06,1824,Aqua,MODIS,65,6.03,290.5,25.3,D,0
32.6373,-82.5732,352.8,1.5,1.2,2018-11-06,1824,Aqua,MODIS,97,6.03,292.5,119.8,D,0
44.5809,-123.5732,301.3,3.8,1.8,2018-11-06,1825,Terra,MODIS,46,6.03,281.1,48.5,D,0
45.0411,-118.1215,339.5,1.9,1.3,2018-11-06,1825,Terra,MODIS,91,6.03,276.9,116.5,D,0
45.0393,-118.0995,371.1,1.9,1.3,2018-11-06,1825,Terra,MODIS,94,6.03,281.8,307.8,D,0
44.5826,-123.6211,301.5,3.8,1.8,2018-11-06,1825,Terra,MODIS,48,6.03,280.4,48.7,D,0
43.2179,-124.3386,301.6,4.1,1.9,2018-11-06,1825,Terra,MODIS,32,6.03,281.9,52.3,D,0
39.1924,-80.5919,301.4,1,1,2018-11-06,1826,Aqua,MODIS,46,6.03,285.2,4.6,D,0
42.2206,-124.1064,333.3,3.9,1.8,2018-11-06,1826,Terra,MODIS,88,6.03,287.3,243.2,D,0
42.2055,-124.155,317.7,3.9,1.8,2018-11-06,1826,Terra,MODIS,78,6.03,286.8,120.8,D,0
42.204,-124.1083,381.9,3.9,1.8,2018-11-06,1826,Terra,MODIS,100,6.03,290.6,1154.1,D,0
42.2152,-124.1157,373.2,3.9,1.8,2018-11-06,1826,Terra,MODIS,100,6.03,290.4,915.3,D,0
42.2132,-124.0647,309.7,3.8,1.8,2018-11-06,1826,Terra,MODIS,69,6.03,284.6,75.6,D,0
42.1986,-124.1171,354,3.9,1.8,2018-11-06,1826,Terra,MODIS,97,6.03,288.8,513.9,D,0
40.726,-114.0104,317.7,1.1,1,2018-11-06,1826,Terra,MODIS,64,6.03,285.5,16.9,D,2
39.9605,-120.5411,334.7,2.3,1.5,2018-11-06,1826,Terra,MODIS,89,6.03,283.4,122.5,D,0
39.9587,-120.5154,302.8,2.2,1.5,2018-11-06,1826,Terra,MODIS,54,6.03,283.1,22.2,D,0
39.9629,-120.5469,322.4,2.3,1.5,2018-11-06,1826,Terra,MODIS,82,6.03,282.5,73.1,D,0
39.9609,-120.5214,316.3,2.2,1.5,2018-11-06,1826,Terra,MODIS,77,6.03,284,53,D,0
34.1043,-108.3717,321.6,1.6,1.2,2018-11-06,1827,Terra,MODIS,79,6.03,293.4,35.5,D,0
34.094,-108.3686,311,1.6,1.2,2018-11-06,1827,Terra,MODIS,55,6.03,290.1,17.4,D,0
36.215,-118.5836,315.2,1.5,1.2,2018-11-06,1827,Terra,MODIS,68,6.03,287,27.5,D,0
35.8931,-113.1817,334.5,1,1,2018-11-06,1827,Terra,MODIS,88,6.03,291.8,34.3,D,0
34.0499,-109.7646,341.1,1.3,1.1,2018-11-06,1827,Terra,MODIS,92,6.03,288.7,71,D,0
34.4576,-110.9159,303.4,1.2,1.1,2018-11-06,1827,Terra,MODIS,53,6.03,289.2,6.5,D,0
34.0474,-109.7508,324.9,1.3,1.1,2018-11-06,1827,Terra,MODIS,83,6.03,286.8,37,D,0
33.4662,-116.1125,320.5,1.1,1,2018-11-06,1828,Terra,MODIS,70,6.03,303.6,11.6,D,0
32.9999,-110.7712,318.9,1.2,1.1,2018-11-06,1828,Terra,MODIS,71,6.03,300.9,14.5,D,2
30.7933,-100.4965,310.6,1,1,2018-11-06,2002,Aqua,MODIS,50,6.03,300.5,4.7,D,0
29.5401,-100.174,331.5,1,1,2018-11-06,2002,Aqua,MODIS,85,6.03,301,26.2,D,0
29.5415,-100.1635,312.5,1,1,2018-11-06,2002,Aqua,MODIS,59,6.03,300.2,5.7,D,0
31.2415,-101.5259,313.9,1,1,2018-11-06,2002,Aqua,MODIS,63,6.03,297.6,8.1,D,0
28.419,-96.9894,311.4,1.4,1.2,2018-11-06,2002,Aqua,MODIS,43,6.03,298.4,7.5,D,0
31.2283,-101.218,318.1,1,1,2018-11-06,2002,Aqua,MODIS,60,6.03,298.9,10.8,D,0
31.218,-101.2268,318.1,1,1,2018-11-06,2002,Aqua,MODIS,71,6.03,299,11.1,D,0
31.2194,-101.2163,318.2,1,1,2018-11-06,2002,Aqua,MODIS,71,6.03,299.3,11.2,D,0
31.1716,-98.748,310,1.2,1.1,2018-11-06,2002,Aqua,MODIS,50,6.03,299.6,5.6,D,0
30.9066,-100.0601,318.9,1.1,1,2018-11-06,2002,Aqua,MODIS,72,6.03,300.7,12.3,D,0
31.24,-101.5362,309.8,1,1,2018-11-06,2002,Aqua,MODIS,46,6.03,298.3,4.8,D,0
45.8444,-121.3206,300.3,3.6,1.8,2018-11-06,2002,Terra,MODIS,34,6.03,280.1,46.2,D,0
30.7919,-100.5071,315.8,1,1,2018-11-06,2002,Aqua,MODIS,66,6.03,300.4,8.9,D,0
34.0939,-108.387,313.3,1.7,1.3,2018-11-06,2003,Aqua,MODIS,71,6.03,291.3,24,D,0
45.111,-123.6446,308.6,2.9,1.6,2018-11-06,2003,Terra,MODIS,52,6.03,280.8,48.4,D,0
45.0973,-123.6517,319.2,2.9,1.6,2018-11-06,2003,Terra,MODIS,75,6.03,280.9,91.5,D,0
43.7351,-121.3235,323.6,4.3,1.9,2018-11-06,2003,Terra,MODIS,58,6.03,276.5,198,D,0
43.7324,-121.331,319,4.3,1.9,2018-11-06,2003,Terra,MODIS,61,6.03,276.7,171.3,D,0
31.7857,-99.9398,331.5,1.1,1,2018-11-06,2003,Aqua,MODIS,85,6.03,300.4,29,D,0
32.3105,-100.4221,312.3,1.1,1,2018-11-06,2003,Aqua,MODIS,61,6.03,298.7,7.8,D,0
32.309,-100.4331,312.1,1.1,1,2018-11-06,2003,Aqua,MODIS,60,6.03,298.7,7.7,D,0
32.1519,-101.9265,332.2,1,1,2018-11-06,2003,Aqua,MODIS,85,6.03,300.7,25.1,D,0
32.1504,-101.9369,336.3,1,1,2018-11-06,2003,Aqua,MODIS,88,6.03,299.6,31.6,D,0
33.0786,-97.6758,312.6,1.4,1.2,2018-11-06,2003,Aqua,MODIS,66,6.03,294.5,14.2,D,0
32.8786,-99.7789,311.7,1.1,1.1,2018-11-06,2003,Aqua,MODIS,61,6.03,296.8,7.5,D,0
32.8772,-99.7908,339.6,1.1,1.1,2018-11-06,2003,Aqua,MODIS,90,6.03,298.3,45.7,D,0
32.9931,-110.7713,313.9,2.5,1.5,2018-11-06,2003,Aqua,MODIS,66,6.03,300.7,24.3,D,2
33.0001,-110.7779,314.7,2.5,1.5,2018-11-06,2003,Aqua,MODIS,65,6.03,300.6,25.8,D,2
34.9183,-102.7693,309.2,1,1,2018-11-06,2003,Aqua,MODIS,58,6.03,297,5.2,D,0
34.097,-108.3708,311.4,1.6,1.3,2018-11-06,2003,Aqua,MODIS,68,6.03,293.2,20.3,D,0
42.2007,-124.0868,329.2,3.4,1.7,2018-11-06,2004,Terra,MODIS,82,6.03,286.8,170.3,D,0
42.1949,-124.1275,348.6,3.3,1.7,2018-11-06,2004,Terra,MODIS,94,6.03,288.1,349.6,D,0
42.1854,-124.0917,327.3,3.4,1.7,2018-11-06,2004,Terra,MODIS,80,6.03,285.9,155.4,D,0
42.1899,-124.096,338.8,3.4,1.7,2018-11-06,2004,Terra,MODIS,89,6.03,287.2,250.8,D,0
42.2143,-124.1268,365,3.3,1.7,2018-11-06,2004,Terra,MODIS,100,6.03,290,589.6,D,0
42.2052,-124.0914,341.4,3.4,1.7,2018-11-06,2004,Terra,MODIS,91,6.03,287.1,276.7,D,0
42.1995,-124.1329,343.7,3.3,1.7,2018-11-06,2004,Terra,MODIS,92,6.03,288.3,297.7,D,0
42.2099,-124.122,375.7,3.3,1.7,2018-11-06,2004,Terra,MODIS,100,6.03,290.8,793.3,D,0
34.0443,-109.7621,317.2,2,1.4,2018-11-06,2004,Aqua,MODIS,74,6.03,287.6,47.2,D,0
34.047,-109.7704,317,2,1.4,2018-11-06,2004,Aqua,MODIS,73,6.03,287.8,43.6,D,0
34.444,-110.9247,313.1,2.3,1.5,2018-11-06,2004,Aqua,MODIS,67,6.03,288.8,43.5,D,0
37.8641,-100.0489,303.7,1.2,1.1,2018-11-06,2004,Aqua,MODIS,57,6.03,288.8,5.8,D,0
38.9114,-105.0611,306.8,1,1,2018-11-06,2005,Aqua,MODIS,61,6.03,275.5,12,D,0
38.9096,-105.0725,304.6,1,1,2018-11-06,2005,Aqua,MODIS,52,6.03,275.1,10.5,D,0
45.0354,-118.0931,327.9,3.1,1.7,2018-11-06,2007,Aqua,MODIS,76,6.03,275.5,154.4,D,0
45.0271,-118.1249,328.8,3.1,1.7,2018-11-06,2007,Aqua,MODIS,77,6.03,276.5,162.3,D,0
39.967,-120.5382,302.3,2.3,1.5,2018-11-06,2143,Aqua,MODIS,47,6.03,290.2,17,D,0
39.9649,-120.5463,306.2,2.3,1.5,2018-11-06,2143,Aqua,MODIS,63,6.03,289.9,25.2,D,0
41.6269,-121.9561,304.7,2,1.4,2018-11-06,2144,Aqua,MODIS,60,6.03,285.1,20,D,0
41.625,-121.9798,324.6,2,1.4,2018-11-06,2144,Aqua,MODIS,83,6.03,285.2,64.6,D,0
41.7456,-122.8631,326.7,1.8,1.3,2018-11-06,2144,Aqua,MODIS,85,6.03,282.3,62.7,D,0
42.1367,-120.2152,321,2.5,1.5,2018-11-06,2144,Aqua,MODIS,81,6.03,278.9,83.5,D,0
42.1347,-120.2464,323.6,2.5,1.5,2018-11-06,2144,Aqua,MODIS,82,6.03,281.5,92.9,D,0
42.1441,-120.2248,320.1,2.5,1.5,2018-11-06,2144,Aqua,MODIS,30,6.03,278.7,68.8,D,0
42.1874,-124.1206,413.1,1.5,1.2,2018-11-06,2144,Aqua,MODIS,100,6.03,302.1,619.1,D,0
42.1857,-124.1382,333.7,1.5,1.2,2018-11-06,2144,Aqua,MODIS,89,6.03,291.5,57.4,D,0
42.1999,-124.1052,324.2,1.5,1.2,2018-11-06,2144,Aqua,MODIS,83,6.03,289.8,38.4,D,0
42.1982,-124.1232,412.7,1.5,1.2,2018-11-06,2144,Aqua,MODIS,100,6.03,301.2,614.1,D,0
42.1966,-124.1403,366,1.5,1.2,2018-11-06,2144,Aqua,MODIS,100,6.03,293.6,184.1,D,0
42.2107,-124.1076,344.6,1.5,1.2,2018-11-06,2144,Aqua,MODIS,94,6.03,291.1,90.3,D,0
42.209,-124.1256,374,1.5,1.2,2018-11-06,2144,Aqua,MODIS,100,6.03,295.2,233.7,D,0
42.2027,-124.1127,350.6,1.5,1.2,2018-11-06,2144,Aqua,MODIS,96,6.03,293.5,112.3,D,0
42.2011,-124.1304,389.7,1.5,1.2,2018-11-06,2144,Aqua,MODIS,100,6.03,300.7,355.8,D,0
42.2135,-124.1154,355,1.5,1.2,2018-11-06,2144,Aqua,MODIS,98,6.03,291.6,132.1,D,0
42.2119,-124.1325,343.3,1.5,1.2,2018-11-06,2144,Aqua,MODIS,93,6.03,291.4,86.5,D,0
43.1069,-121.6522,307.1,2.1,1.4,2018-11-06,2144,Aqua,MODIS,65,6.03,280.8,33.2,D,0
43.1013,-123.1926,307,1.7,1.3,2018-11-06,2144,Aqua,MODIS,65,6.03,283.6,21.5,D,0
43.2048,-124.3139,311.7,1.5,1.2,2018-11-06,2144,Aqua,MODIS,72,6.03,284.5,21.2,D,0
43.2123,-124.3521,314.2,1.5,1.2,2018-11-06,2144,Aqua,MODIS,75,6.03,286.1,24.6,D,0
44.3121,-123.599,328.4,1.7,1.3,2018-11-06,2145,Aqua,MODIS,81,6.03,282.4,65.4,D,0
43.7871,-122.4502,306.1,2,1.4,2018-11-06,2145,Aqua,MODIS,55,6.03,282.4,26.6,D,0
44.001,-123.1264,312,1.8,1.3,2018-11-06,2145,Aqua,MODIS,63,6.03,281.2,29.7,D,0
44.2642,-122.3971,303.5,2,1.4,2018-11-06,2145,Aqua,MODIS,50,6.03,276.7,23,D,0
44.3103,-123.6198,308.5,1.7,1.3,2018-11-06,2145,Aqua,MODIS,67,6.03,282.8,24.3,D,0
44.5354,-123.6086,315.6,1.7,1.3,2018-11-06,2145,Aqua,MODIS,76,6.03,282.8,36.6,D,0
44.5514,-123.698,311.1,1.7,1.3,2018-11-06,2145,Aqua,MODIS,71,6.03,282.1,27.8,D,0
44.5496,-123.7189,313.5,1.7,1.3,2018-11-06,2145,Aqua,MODIS,74,6.03,284.8,31.7,D,0
45.0324,-118.1176,319.7,3.6,1.8,2018-11-06,2145,Aqua,MODIS,0,6.03,273.5,137.9,D,0
45.0485,-118.1168,334.5,3.6,1.8,2018-11-06,2145,Aqua,MODIS,59,6.03,275.4,246.3,D,0
45.04,-118.1224,327.1,3.6,1.8,2018-11-06,2145,Aqua,MODIS,0,6.03,275.2,185.7,D,0
45.0559,-118.1238,317.9,3.6,1.8,2018-11-06,2145,Aqua,MODIS,0,6.03,274.1,129.3,D,0
44.9927,-123.5616,311.1,1.8,1.3,2018-11-06,2145,Aqua,MODIS,67,6.03,281.4,30,D,0
45.4481,-117.7601,300.1,3.8,1.8,2018-11-06,2145,Aqua,MODIS,25,6.03,271.3,49.7,D,0
45.1723,-123.5785,328.6,1.8,1.3,2018-11-06,2145,Aqua,MODIS,81,6.03,283.1,68.1,D,0
45.1706,-123.6011,311.9,1.8,1.3,2018-11-06,2145,Aqua,MODIS,68,6.03,282.8,30.6,D,0
45.7774,-117.6344,300.1,3.8,1.8,2018-11-06,2145,Aqua,MODIS,0,6.03,271.7,46.1,D,0
45.7657,-117.6394,307.2,3.8,1.8,2018-11-06,2145,Aqua,MODIS,0,6.03,274.9,74.7,D,0
45.8181,-117.5391,301,3.9,1.8,2018-11-06,2145,Aqua,MODIS,0,6.03,272.7,52.9,D,0
45.5315,-123.459,304.9,1.8,1.3,2018-11-06,2145,Aqua,MODIS,57,6.03,276.5,23.9,D,0
45.8792,-122.7311,304.3,2,1.4,2018-11-06,2145,Aqua,MODIS,42,6.03,281.6,22.8,D,0
46.6898,-122.1626,302,2.2,1.4,2018-11-06,2145,Aqua,MODIS,0,6.03,276.1,24.9,D,0
32.1921,-101.9936,315.3,2.3,1.5,2018-11-07,0528,Terra,MODIS,91,6.03,283.7,59.4,N,0
32.1901,-102.0184,325.2,2.3,1.5,2018-11-07,0528,Terra,MODIS,100,6.03,283.8,92.3,N,0
33.4166,-110.8639,301.4,1,1,2018-11-07,0529,Terra,MODIS,41,6.03,284.3,7.3,N,2
42.2066,-124.1078,302.3,3,1.7,2018-11-07,0532,Terra,MODIS,48,6.03,280.7,42,N,0
42.1975,-124.1443,300.5,3,1.7,2018-11-07,0532,Terra,MODIS,29,6.03,280.4,37,N,0
42.2062,-124.1126,306,3,1.7,2018-11-07,0532,Terra,MODIS,47,6.03,281,49.6,N,0
45.0441,-118.1029,309.5,1.2,1.1,2018-11-07,0532,Terra,MODIS,58,6.03,272,18.9,N,0
45.0415,-118.1176,302.4,1.2,1.1,2018-11-07,0532,Terra,MODIS,30,6.03,271.2,13,N,0
45.0564,-118.0961,321.5,1.2,1.1,2018-11-07,0532,Terra,MODIS,92,6.03,272.1,32.3,N,0
45.0536,-118.1114,314.5,1.2,1.1,2018-11-07,0532,Terra,MODIS,69,6.03,271.2,23.7,N,0
44.2914,-122.4321,305.8,2.1,1.4,2018-11-07,0532,Terra,MODIS,66,6.03,273.5,35.3,N,0
45.0053,-119.6863,301.2,1.5,1.2,2018-11-07,0532,Terra,MODIS,38,6.03,269.8,17.7,N,0
45.7946,-117.5645,304.1,1.2,1.1,2018-11-07,0533,Terra,MODIS,58,6.03,271.6,13,N,0
48.5718,-115.5908,308.4,1,1,2018-11-07,0533,Terra,MODIS,60,6.03,271.6,13.6,N,0
38.6951,-90.125,307,1,1,2018-11-07,0805,Aqua,MODIS,70,6.03,279.2,12,N,2
38.6969,-90.1364,300.4,1,1,2018-11-07,0805,Aqua,MODIS,27,6.03,278.5,8.2,N,2
29.7633,-93.8712,315.1,1,1,2018-11-07,0807,Aqua,MODIS,90,6.03,293.9,13,N,0
32.1985,-101.9978,334.3,2.9,1.6,2018-11-07,0807,Aqua,MODIS,100,6.03,283.3,183.7,N,0
32.2005,-101.9928,324.9,2.9,1.6,2018-11-07,0807,Aqua,MODIS,100,6.03,283.2,125.9,N,0
32.2026,-102.0239,301.1,2.9,1.6,2018-11-07,0807,Aqua,MODIS,38,6.03,281.3,36.2,N,0
45.0602,-118.0965,307.4,1.3,1.1,2018-11-07,0942,Aqua,MODIS,71,6.03,270.9,18.9,N,0
45.04,-118.1015,302.2,1.3,1.1,2018-11-07,0942,Aqua,MODIS,28,6.03,271.4,13.8,N,0
36.2311,-118.5733,303.7,1.1,1,2018-11-07,0944,Aqua,MODIS,28,6.03,277.7,10.3,N,0
36.2139,-118.588,300.1,1.1,1,2018-11-07,0944,Aqua,MODIS,9,6.03,277.7,8.1,N,0
36.2124,-118.576,300.6,1.1,1,2018-11-07,0944,Aqua,MODIS,18,6.03,276.3,8.5,N,0
35.7355,-79.0581,301.6,1.3,1.1,2018-11-07,1553,Terra,MODIS,0,6.03,290.2,6.6,D,0
35.5565,-78.9065,306.4,1.3,1.1,2018-11-07,1553,Terra,MODIS,63,6.03,291.3,10,D,0
34.9631,-78.1758,308.8,1.2,1.1,2018-11-07,1553,Terra,MODIS,67,6.03,294,8.8,D,0
30.1118,-81.5344,313.5,1.6,1.2,2018-11-07,1554,Terra,MODIS,71,6.03,295.1,14.1,D,0
26.8376,-80.468,324.5,1.3,1.1,2018-11-07,1555,Terra,MODIS,78,6.03,295,24.1,D,0
26.5647,-80.5656,314.5,1.3,1.1,2018-11-07,1555,Terra,MODIS,61,6.03,294,9.9,D,0
26.5155,-80.5794,314,1.3,1.1,2018-11-07,1555,Terra,MODIS,42,6.03,298.6,9.9,D,0
28.3203,-81.7256,314.1,1.6,1.2,2018-11-07,1555,Terra,MODIS,64,6.03,295.7,14.6,D,0
28.3228,-81.7343,309.4,1.6,1.2,2018-11-07,1555,Terra,MODIS,45,6.03,295.4,8.7,D,0
29.2914,-82.2604,315.2,1.7,1.3,2018-11-07,1555,Terra,MODIS,69,6.03,296.1,16.5,D,0
29.2876,-82.2538,311.2,1.7,1.3,2018-11-07,1555,Terra,MODIS,63,6.03,296,10.5,D,0
29.2894,-82.2715,311.4,1.7,1.3,2018-11-07,1555,Terra,MODIS,63,6.03,295.6,11.2,D,0
28.2262,-81.5808,313,1.5,1.2,2018-11-07,1555,Terra,MODIS,62,6.03,296.1,9.9,D,0
26.6585,-80.7521,327.2,1.3,1.1,2018-11-07,1555,Terra,MODIS,81,6.03,296.6,28.7,D,0
39.5481,-95.9125,315.4,1.1,1,2018-11-07,1730,Terra,MODIS,76,6.03,277.8,19.7,D,0
38.4073,-94.6717,300.2,1.3,1.1,2018-11-07,1731,Terra,MODIS,20,6.03,276.6,9,D,0
34.7481,-97.4006,307,1.1,1,2018-11-07,1732,Terra,MODIS,65,6.03,290.1,8,D,0
30.3074,-99.6055,309.7,1,1,2018-11-07,1733,Terra,MODIS,57,6.03,296.9,5.3,D,0
30.3057,-99.5949,310,1,1,2018-11-07,1733,Terra,MODIS,58,6.03,297.3,5.5,D,0
25.363,-80.77,313.9,1.8,1.3,2018-11-07,1905,Aqua,MODIS,38,6.03,297.4,14.5,D,0
28.8558,-82.5186,309.7,1.5,1.2,2018-11-07,1906,Aqua,MODIS,16,6.03,293.6,8.7,D,0
27.6752,-80.5623,310.9,2,1.4,2018-11-07,1906,Aqua,MODIS,52,6.03,295,12.8,D,0
27.6728,-80.5566,314.7,2,1.4,2018-11-07,1906,Aqua,MODIS,64,6.03,295.2,21,D,0
27.8839,-80.9141,324.2,1.9,1.3,2018-11-07,1906,Aqua,MODIS,78,6.03,290.5,41.3,D,0
48.987,-118.0742,302.7,1,1,2018-11-07,1907,Terra,MODIS,53,6.03,271,10,D,0
48.9892,-118.0879,331.1,1,1,2018-11-07,1907,Terra,MODIS,82,6.03,272.8,36.9,D,0
48.8868,-122.2604,328.5,1.1,1,2018-11-07,1907,Terra,MODIS,86,6.03,279.2,34.2,D,0
48.8848,-122.245,325.5,1.1,1,2018-11-07,1907,Terra,MODIS,84,6.03,277.9,30.5,D,0
48.2356,-118.9154,320.3,1,1,2018-11-07,1907,Terra,MODIS,56,6.03,277.8,20.3,D,0
48.2279,-118.9239,304.1,1,1,2018-11-07,1907,Terra,MODIS,58,6.03,277,9.7,D,0
48.2258,-118.9106,323.1,1,1,2018-11-07,1907,Terra,MODIS,82,6.03,278.7,25.3,D,0
48.5067,-122.4681,300.3,1.1,1,2018-11-07,1907,Terra,MODIS,25,6.03,282,6.8,D,0
47.3425,-116.9553,320,1.1,1.1,2018-11-07,1907,Terra,MODIS,0,6.03,275.5,25.1,D,0
47.1733,-116.7814,301,1.2,1.1,2018-11-07,1907,Terra,MODIS,33,6.03,267.7,10.1,D,0
47.4248,-120.2351,301.5,1,1,2018-11-07,1907,Terra,MODIS,45,6.03,288.1,5.4,D,0
47.4229,-120.2221,301.1,1,1,2018-11-07,1907,Terra,MODIS,38,6.03,286.3,5,D,0
46.717,-119.8541,337.8,1,1,2018-11-07,1907,Terra,MODIS,91,6.03,287.8,40.8,D,0
46.7081,-119.8569,303.2,1,1,2018-11-07,1907,Terra,MODIS,55,6.03,286.8,5.9,D,0
46.4894,-120.5563,300.8,1,1,2018-11-07,1907,Terra,MODIS,39,6.03,286.4,4.5,D,0
46.4452,-120.262,300.2,1,1,2018-11-07,1907,Terra,MODIS,30,6.03,286.4,4.5,D,0
46.4149,-120.124,301.1,1,1,2018-11-07,1907,Terra,MODIS,44,6.03,286.2,4.7,D,0
45.7503,-117.8471,310.7,1.1,1.1,2018-11-07,1907,Terra,MODIS,0,6.03,270.3,16.9,D,0
45.933,-119.4243,317.5,1,1,2018-11-07,1907,Terra,MODIS,0,6.03,286.7,16.7,D,0
46.3215,-123.7759,301.6,1.1,1.1,2018-11-07,1907,Terra,MODIS,48,6.03,278,9,D,0
43.232,-124.3156,335.6,1.1,1,2018-11-07,1908,Terra,MODIS,90,6.03,283.6,44.8,D,0
45.1078,-118.029,305.7,1.1,1.1,2018-11-07,1908,Terra,MODIS,53,6.03,270.3,12.2,D,0
45.8223,-121.3767,306,1,1,2018-11-07,1908,Terra,MODIS,62,6.03,279.7,9.6,D,0
45.8312,-121.3741,304.9,1,1,2018-11-07,1908,Terra,MODIS,57,6.03,279.8,9.1,D,0
45.8416,-121.3182,312.7,1,1,2018-11-07,1908,Terra,MODIS,73,6.03,279,14.8,D,0
45.9039,-121.3663,306.5,1,1,2018-11-07,1908,Terra,MODIS,64,6.03,278.2,10.8,D,0
44.8626,-123.4777,311.5,1.1,1,2018-11-07,1908,Terra,MODIS,71,6.03,279.7,14.3,D,0
44.7423,-123.4045,312,1.1,1,2018-11-07,1908,Terra,MODIS,46,6.03,281.8,13.4,D,0
44.7331,-123.4067,319.5,1.1,1,2018-11-07,1908,Terra,MODIS,79,6.03,279.9,21.3,D,0
44.7314,-123.3934,312.7,1.1,1,2018-11-07,1908,Terra,MODIS,73,6.03,280.7,15.1,D,0
44.2448,-122.7741,303.4,1,1,2018-11-07,1908,Terra,MODIS,56,6.03,279.1,9.3,D,0
44.2031,-123.3595,312.7,1,1,2018-11-07,1908,Terra,MODIS,69,6.03,279.1,14.6,D,0
44.019,-123.2186,300.7,1,1,2018-11-07,1908,Terra,MODIS,40,6.03,281.7,5.6,D,0
43.8741,-123.1033,326,1,1,2018-11-07,1908,Terra,MODIS,79,6.03,279.5,27.8,D,0
42.6847,-111.5911,303.3,2.7,1.6,2018-11-07,1908,Terra,MODIS,46,6.03,274.6,41.9,D,2
44.954,-122.5642,300.6,1,1,2018-11-07,1908,Terra,MODIS,39,6.03,278.3,7.6,D,0
45.0859,-123.1425,302.4,1.1,1,2018-11-07,1908,Terra,MODIS,52,6.03,280.5,6.9,D,0
45.25,-123.2808,308.8,1.1,1,2018-11-07,1908,Terra,MODIS,68,6.03,280.8,12.7,D,0
45.2517,-123.2939,308.1,1.1,1,2018-11-07,1908,Terra,MODIS,66,6.03,280.3,12.3,D,0
44.4149,-117.5993,336.8,1.2,1.1,2018-11-07,1908,Terra,MODIS,90,6.03,284.1,53.7,D,0
44.4177,-117.6147,346.8,1.2,1.1,2018-11-07,1908,Terra,MODIS,95,6.03,284.2,76.1,D,0
45.3733,-123.2301,301.8,1.1,1,2018-11-07,1908,Terra,MODIS,49,6.03,283.4,7,D,0
44.6626,-117.99,310.8,1.2,1.1,2018-11-07,1908,Terra,MODIS,66,6.03,274.8,18,D,0
45.6491,-123.1546,316.5,1.1,1,2018-11-07,1908,Terra,MODIS,72,6.03,279.4,18.1,D,0
45.6583,-123.1525,309.3,1.1,1,2018-11-07,1908,Terra,MODIS,43,6.03,281.1,11.8,D,0
45.1026,-118,343.1,1.1,1.1,2018-11-07,1908,Terra,MODIS,88,6.03,275,62,D,0
43.2304,-124.3022,321.4,1.1,1,2018-11-07,1908,Terra,MODIS,81,6.03,283,25,D,0
44.4288,-120.2553,300.5,1,1,2018-11-07,1908,Terra,MODIS,34,6.03,268.3,7.1,D,0
38.9017,-88.1973,306.7,1.1,1,2018-11-07,1909,Aqua,MODIS,64,6.03,284.9,9.7,D,0
38.6948,-90.1322,300.7,1,1,2018-11-07,1909,Aqua,MODIS,36,6.03,288.9,4,D,2
38.6932,-90.1436,305,1,1,2018-11-07,1909,Aqua,MODIS,57,6.03,290.2,6.5,D,2
40.2018,-86.2805,301.5,1.3,1.1,2018-11-07,1909,Aqua,MODIS,47,6.03,281.6,8.8,D,0
39.5482,-95.9179,306,1.5,1.2,2018-11-07,1909,Aqua,MODIS,63,6.03,279.8,18.1,D,0
40.0211,-94.503,305.6,1.3,1.1,2018-11-07,1909,Aqua,MODIS,62,6.03,282.7,13.1,D,0
42.2135,-124.112,302,1.1,1,2018-11-07,1909,Terra,MODIS,17,6.03,287.9,5.1,D,0
42.2077,-124.14,326.7,1.1,1,2018-11-07,1909,Terra,MODIS,85,6.03,289.4,26.7,D,0
42.206,-124.127,384.6,1.1,1,2018-11-07,1909,Terra,MODIS,100,6.03,295.6,187.7,D,0
42.1986,-124.1422,356.8,1.1,1,2018-11-07,1909,Terra,MODIS,98,6.03,289.6,84.7,D,0
42.1969,-124.1294,417.5,1.1,1,2018-11-07,1909,Terra,MODIS,100,6.03,300.4,406.5,D,0
42.1953,-124.1167,349,1.1,1,2018-11-07,1909,Terra,MODIS,96,6.03,294.2,65.1,D,0
41.1434,-123.893,302.4,1,1,2018-11-07,1909,Terra,MODIS,48,6.03,289,6.5,D,0
41.1417,-123.881,310.8,1,1,2018-11-07,1909,Terra,MODIS,70,6.03,289.3,12.2,D,0
39.7088,-122.2784,314.8,1,1,2018-11-07,1909,Terra,MODIS,75,6.03,294.9,9.8,D,0
39.6999,-122.2807,327,1,1,2018-11-07,1909,Terra,MODIS,85,6.03,296.3,22.2,D,0
39.6981,-122.2691,318.4,1,1,2018-11-07,1909,Terra,MODIS,78,6.03,295.3,13.1,D,0
37.7338,-112.5991,301.4,3.3,1.7,2018-11-07,1909,Terra,MODIS,41,6.03,284.6,30.3,D,0
38.9432,-120.0657,357.3,1.2,1.1,2018-11-07,1909,Terra,MODIS,0,6.03,290.4,102,D,0
36.3512,-119.7106,309.7,1.3,1.1,2018-11-07,1910,Terra,MODIS,56,6.03,297.7,7.9,D,0
37.8018,-121.1428,305.5,1.1,1,2018-11-07,1910,Terra,MODIS,41,6.03,295.2,3.9,D,0
37.7408,-121.0689,307.1,1.1,1.1,2018-11-07,1910,Terra,MODIS,58,6.03,295.7,5.5,D,0
37.0799,-120.3603,310.6,1.2,1.1,2018-11-07,1910,Terra,MODIS,38,6.03,295.3,6.8,D,0
37.0726,-120.3762,319.6,1.2,1.1,2018-11-07,1910,Terra,MODIS,77,6.03,295.2,18.3,D,0
36.9023,-119.9446,309.9,1.3,1.1,2018-11-07,1910,Terra,MODIS,63,6.03,295.7,9.4,D,0
36.9097,-120.3352,314.6,1.2,1.1,2018-11-07,1910,Terra,MODIS,71,6.03,296.7,11.4,D,0
36.9073,-120.3218,307.7,1.2,1.1,2018-11-07,1910,Terra,MODIS,33,6.03,296.9,4.3,D,0
36.2166,-118.581,311.8,1.6,1.2,2018-11-07,1910,Terra,MODIS,53,6.03,284.8,21.9,D,0
36.2152,-118.5874,309.9,1.6,1.2,2018-11-07,1910,Terra,MODIS,55,6.03,284.8,20.7,D,0
33.46,-116.1163,314.5,2.6,1.5,2018-11-07,1911,Terra,MODIS,63,6.03,301.7,24.5,D,0
34.5291,-111.282,312.7,1.1,1,2018-11-07,2046,Aqua,MODIS,66,6.03,288.7,13.6,D,0
32.7434,-105.5189,328.6,2.2,1.4,2018-11-07,2046,Aqua,MODIS,83,6.03,293,82.1,D,0
32.745,-105.5024,318.4,2.2,1.4,2018-11-07,2046,Aqua,MODIS,73,6.03,292.6,45.7,D,0
32.743,-105.5267,320.1,2.2,1.4,2018-11-07,2046,Aqua,MODIS,75,6.03,292.5,51.6,D,0
33.4163,-110.8634,312.4,1.1,1.1,2018-11-07,2046,Aqua,MODIS,59,6.03,301.2,5.8,D,2
34.0484,-109.7372,312,1.3,1.1,2018-11-07,2046,Aqua,MODIS,68,6.03,287.7,15.7,D,0
34.0469,-109.7506,328.6,1.3,1.1,2018-11-07,2046,Aqua,MODIS,85,6.03,288.6,39.8,D,0
34.0454,-109.7638,322.7,1.3,1.1,2018-11-07,2046,Aqua,MODIS,80,6.03,289.1,29.6,D,0
34.5232,-111.2744,312,1.1,1,2018-11-07,2046,Aqua,MODIS,66,6.03,288.7,12.7,D,0
34.5217,-111.2862,307.7,1.1,1,2018-11-07,2046,Aqua,MODIS,54,6.03,288.5,9.2,D,0
37.7142,-112.6066,306.6,1.1,1,2018-11-07,2047,Aqua,MODIS,49,6.03,287.5,7.9,D,0
35.4777,-111.84,331.4,1.1,1,2018-11-07,2047,Aqua,MODIS,84,6.03,293.5,30.7,D,0
35.4763,-111.8515,351,1.1,1,2018-11-07,2047,Aqua,MODIS,96,6.03,294.2,68.4,D,0
35.4899,-111.8184,338.4,1.1,1,2018-11-07,2047,Aqua,MODIS,90,6.03,292.1,42.6,D,0
35.4884,-111.8301,324.8,1.1,1,2018-11-07,2047,Aqua,MODIS,74,6.03,291.1,21.8,D,0
35.739,-120.7686,320.2,1.9,1.3,2018-11-07,2047,Aqua,MODIS,75,6.03,300.5,29.4,D,0
35.7441,-120.7772,314.2,1.9,1.3,2018-11-07,2047,Aqua,MODIS,44,6.03,302.6,13.1,D,0
36.2102,-118.581,311.9,1.4,1.2,2018-11-07,2047,Aqua,MODIS,51,6.03,285.2,18.4,D,0
36.2203,-118.5844,312.6,1.4,1.2,2018-11-07,2047,Aqua,MODIS,55,6.03,286,19.2,D,0
37.9629,-105.1419,321.6,2.7,1.6,2018-11-07,2047,Aqua,MODIS,81,6.03,273.5,97.4,D,0
41.8901,-111.4416,310.3,1.3,1.1,2018-11-07,2048,Aqua,MODIS,70,6.03,277.2,19.6,D,0
36.9016,-120.3299,312.8,1.7,1.3,2018-11-07,2048,Aqua,MODIS,64,6.03,298.6,13.4,D,0
39.3394,-112.5966,303.6,1.1,1,2018-11-07,2048,Aqua,MODIS,53,6.03,289.2,6.1,D,0
38.9287,-120.0732,304.4,1.5,1.2,2018-11-07,2048,Aqua,MODIS,0,6.03,288,14.1,D,0
38.9391,-120.0767,329.4,1.5,1.2,2018-11-07,2048,Aqua,MODIS,0,6.03,289.6,50.9,D,0
38.8105,-121.9992,310.4,1.9,1.3,2018-11-07,2048,Aqua,MODIS,70,6.03,298.5,15.3,D,0
38.8061,-122.0201,323.6,1.9,1.3,2018-11-07,2048,Aqua,MODIS,82,6.03,298.7,44.8,D,0
39.201,-122.2587,311.2,1.9,1.4,2018-11-07,2048,Aqua,MODIS,71,6.03,297.9,16.1,D,0
39.7428,-121.9402,307.2,1.8,1.3,2018-11-07,2048,Aqua,MODIS,40,6.03,297,11.4,D,0
39.7493,-121.9474,309.3,1.8,1.3,2018-11-07,2048,Aqua,MODIS,59,6.03,297.7,15.1,D,0
39.6919,-122.2794,307.9,1.9,1.3,2018-11-07,2048,Aqua,MODIS,38,6.03,296.8,9.9,D,0
39.7035,-122.2834,318.4,1.9,1.3,2018-11-07,2048,Aqua,MODIS,78,6.03,297,31.5,D,0
42.1912,-124.1106,321.3,2.1,1.4,2018-11-07,2049,Aqua,MODIS,81,6.03,288.8,56.1,D,0
42.6837,-111.5986,301.7,1.3,1.1,2018-11-07,2049,Aqua,MODIS,42,6.03,279,11.8,D,2
41.1308,-123.9066,320.8,2.1,1.4,2018-11-07,2049,Aqua,MODIS,80,6.03,288.1,63,D,0
41.9679,-120.7713,336.9,1.4,1.2,2018-11-07,2049,Aqua,MODIS,90,6.03,281.5,65.3,D,0
41.9648,-120.7877,313.3,1.4,1.2,2018-11-07,2049,Aqua,MODIS,69,6.03,282.6,22.6,D,0
42.4154,-120.7673,302.6,1.3,1.2,2018-11-07,2049,Aqua,MODIS,53,6.03,276.5,14,D,0
42.1857,-124.1356,356.9,2.1,1.4,2018-11-07,2049,Aqua,MODIS,98,6.03,292.8,226.6,D,0
42.2034,-124.1146,312.3,2.1,1.4,2018-11-07,2049,Aqua,MODIS,59,6.03,288.6,32.3,D,0
42.1979,-124.14,370.8,2.1,1.4,2018-11-07,2049,Aqua,MODIS,100,6.03,292.7,343,D,0
42.1927,-124.1189,351.1,2.1,1.4,2018-11-07,2049,Aqua,MODIS,96,6.03,290.9,188.8,D,0
42.1872,-124.1434,357.9,2.1,1.4,2018-11-07,2049,Aqua,MODIS,99,6.03,292.6,235.6,D,0
42.205,-124.1224,327.6,2.1,1.4,2018-11-07,2049,Aqua,MODIS,85,6.03,289.1,78.1,D,0
42.1994,-124.1475,341,2.1,1.4,2018-11-07,2049,Aqua,MODIS,92,6.03,290.1,134,D,0
44.0316,-115.6383,322,1,1,2018-11-07,2049,Aqua,MODIS,81,6.03,277.8,23.1,D,0
43.1011,-121.6501,313,1.4,1.2,2018-11-07,2049,Aqua,MODIS,73,6.03,278.7,26.4,D,0
44.4151,-117.599,303.7,1,1,2018-11-07,2049,Aqua,MODIS,53,6.03,281.3,7,D,0
44.4132,-117.6114,387.2,1,1,2018-11-07,2049,Aqua,MODIS,100,6.03,292.8,189.8,D,0
44.4113,-117.6239,327.1,1,1,2018-11-07,2049,Aqua,MODIS,85,6.03,286.8,26.5,D,0
43.2322,-124.3046,312.7,2,1.4,2018-11-07,2049,Aqua,MODIS,73,6.03,269.9,40.5,D,0
43.2271,-124.3275,310.9,2,1.4,2018-11-07,2049,Aqua,MODIS,71,6.03,274.2,36.7,D,0
44.7326,-115.9788,323,1,1,2018-11-07,2049,Aqua,MODIS,70,6.03,272.5,23.6,D,0
44.7309,-115.9913,339.6,1,1,2018-11-07,2049,Aqua,MODIS,92,6.03,276.1,45.8,D,0
44.7397,-115.9937,324.2,1,1,2018-11-07,2049,Aqua,MODIS,83,6.03,274.8,25.2,D,0
43.8607,-121.7811,300.6,1.4,1.2,2018-11-07,2049,Aqua,MODIS,26,6.03,275.9,12.2,D,0
44.7827,-116.6773,302.5,1,1,2018-11-07,2049,Aqua,MODIS,52,6.03,268.9,9.8,D,0
45.3456,-113.5344,338.8,1.2,1.1,2018-11-07,2049,Aqua,MODIS,91,6.03,271.7,58.1,D,0
45.3493,-113.5255,334,1.2,1.1,2018-11-07,2049,Aqua,MODIS,75,6.03,272,49,D,0
45.3477,-113.5404,327.7,1.2,1.1,2018-11-07,2049,Aqua,MODIS,76,6.03,271.6,38.3,D,0
44.6791,-118.5178,302.8,1,1,2018-11-07,2049,Aqua,MODIS,36,6.03,272.3,9.3,D,0
44.6771,-118.5306,306,1,1,2018-11-07,2049,Aqua,MODIS,49,6.03,272.3,11.5,D,0
43.8668,-123.1035,307.1,1.6,1.3,2018-11-07,2049,Aqua,MODIS,65,6.03,281.3,22.8,D,0
44.423,-120.2601,306,1.2,1.1,2018-11-07,2049,Aqua,MODIS,54,6.03,272.3,13.2,D,0
48.2243,-118.9276,305.6,1,1,2018-11-07,2050,Aqua,MODIS,62,6.03,279.1,9.9,D,0
45.0875,-116.2832,324.6,1,1,2018-11-07,2050,Aqua,MODIS,63,6.03,276.2,27.3,D,0
45.0981,-116.28,325.9,1,1,2018-11-07,2050,Aqua,MODIS,64,6.03,277.3,28.8,D,0
45.0964,-116.2924,321.3,1,1,2018-11-07,2050,Aqua,MODIS,61,6.03,277.1,23.4,D,0
45.1353,-116.2773,333,1,1,2018-11-07,2050,Aqua,MODIS,67,6.03,274.8,37.6,D,0
44.4557,-122.2739,323.2,1.4,1.2,2018-11-07,2050,Aqua,MODIS,63,6.03,276.4,38.5,D,0
44.3392,-122.9224,312.2,1.6,1.2,2018-11-07,2050,Aqua,MODIS,72,6.03,282.4,25.4,D,0
44.4635,-122.2643,320.1,1.4,1.2,2018-11-07,2050,Aqua,MODIS,64,6.03,275.6,34.5,D,0
44.4599,-122.2823,316.5,1.4,1.2,2018-11-07,2050,Aqua,MODIS,55,6.03,275.3,28.9,D,0
48.817,-116.2682,308,1.1,1,2018-11-07,2050,Aqua,MODIS,58,6.03,272.9,13.6,D,0
44.3442,-122.9101,308.4,1.6,1.2,2018-11-07,2050,Aqua,MODIS,67,6.03,281.6,20.2,D,0
44.3402,-122.9296,301.2,1.6,1.2,2018-11-07,2050,Aqua,MODIS,38,6.03,282.3,12.2,D,0
44.7293,-122.7414,301.5,1.5,1.2,2018-11-07,2050,Aqua,MODIS,32,6.03,283.3,10.2,D,0
44.7604,-122.7208,319.2,1.5,1.2,2018-11-07,2050,Aqua,MODIS,79,6.03,283.3,34,D,0
44.7615,-123.4015,321.8,1.6,1.2,2018-11-07,2050,Aqua,MODIS,78,6.03,281.5,40.7,D,0
44.7575,-123.4208,309.9,1.6,1.3,2018-11-07,2050,Aqua,MODIS,38,6.03,280.7,21,D,0
45.9576,-116.5382,301.4,1,1,2018-11-07,2050,Aqua,MODIS,42,6.03,274.9,8,D,0
45.2483,-123.2774,300.1,1.5,1.2,2018-11-07,2050,Aqua,MODIS,29,6.03,281.6,11.8,D,0
45.2446,-123.2955,304,1.6,1.2,2018-11-07,2050,Aqua,MODIS,58,6.03,281.2,16.1,D,0
46.2687,-119.7418,300.9,1.1,1,2018-11-07,2050,Aqua,MODIS,42,6.03,286.9,5,D,0
45.6525,-123.2032,305.8,1.5,1.2,2018-11-07,2050,Aqua,MODIS,62,6.03,279.8,17.7,D,0
46.4081,-120.1386,300.1,1.1,1,2018-11-07,2050,Aqua,MODIS,26,6.03,286.9,4.6,D,0
46.7066,-119.8542,347.3,1.1,1,2018-11-07,2050,Aqua,MODIS,95,6.03,289.6,63.3,D,0
46.7043,-119.8679,313.3,1.1,1,2018-11-07,2050,Aqua,MODIS,73,6.03,287.3,13.6,D,0
46.7157,-119.8574,304,1.1,1,2018-11-07,2050,Aqua,MODIS,53,6.03,286.9,6.2,D,0
46.3251,-123.7853,303.1,1.5,1.2,2018-11-07,2050,Aqua,MODIS,48,6.03,278.4,15.1,D,0
47.4195,-120.2329,308.5,1.1,1,2018-11-07,2050,Aqua,MODIS,67,6.03,289.7,10.1,D,0
48.2334,-117.4633,327.2,1,1,2018-11-07,2050,Aqua,MODIS,74,6.03,275.1,29.9,D,0
48.2315,-117.4767,315.1,1,1,2018-11-07,2050,Aqua,MODIS,57,6.03,274.4,17.9,D,0
48.2263,-118.9143,315.4,1,1,2018-11-07,2050,Aqua,MODIS,66,6.03,279.7,17.1,D,0
48.9874,-118.0976,302.3,1,1,2018-11-07,2051,Aqua,MODIS,47,6.03,271,8.6,D,0
48.8802,-122.2536,329.4,1.2,1.1,2018-11-07,2051,Aqua,MODIS,86,6.03,279.9,40.7,D,0
48.7218,-118.207,304,1,1,2018-11-07,2051,Aqua,MODIS,55,6.03,276.2,9.5,D,0
48.7199,-118.2204,311.2,1,1,2018-11-07,2051,Aqua,MODIS,71,6.03,275.1,14.5,D,0
21.3334,-157.8667,312.6,1.7,1.3,2018-11-07,2053,Terra,MODIS,42,6.03,297.4,16.3,D,2
