latitude,longitude,brightness,scan,track,acq_date,acq_time,satellite,instrument,confidence,version,bright_t31,frp,daynight,type
19.3968,-155.2758,375.3,1,1,2025-01-01,0033,Aqua,MODIS,100,61.03,306,126.8,D,1
19.4116,-155.2973,330.6,1,1,2025-01-01,0033,Aqua,MODIS,81,61.03,301.4,20.3,D,1
19.413,-155.2881,374,1,1,2025-01-01,0033,Aqua,MODIS,100,61.03,308.7,121.6,D,1
19.4028,-155.2959,496.7,1,1,2025-01-01,0033,Aqua,MODIS,100,61.03,400.1,1535.9,D,1
19.4042,-155.2866,505,1,1,2025-01-01,0033,Aqua,MODIS,100,61.03,400.1,1732,D,1
19.4056,-155.2773,424.8,1,1,2025-01-01,0033,Aqua,MODIS,100,61.03,331.2,432.5,D,1
19.394,-155.2944,374.2,1,1,2025-01-01,0033,Aqua,MODIS,100,61.03,312.4,120.1,D,1
19.3954,-155.2851,440,1,1,2025-01-01,0033,Aqua,MODIS,100,61.03,333.1,584.2,D,1
29.7495,-90.416,302.9,1,1,2025-01-01,0317,Terra,MODIS,52,61.03,284,7.5,N,0
33.3089,-89.3434,300.9,1.1,1,2025-01-01,0318,Terra,MODIS,35,61.03,275.4,9.3,N,0
35.6518,-89.9365,307.9,1.1,1,2025-01-01,0319,Terra,MODIS,73,61.03,276.4,13.8,N,2
19.4019,-155.292,480.2,2.2,1.4,2025-01-01,0810,Terra,MODIS,100,61.03,327.8,3805.6,N,1
19.3999,-155.3124,315.1,2.2,1.4,2025-01-01,0810,Terra,MODIS,79,61.03,287.9,42.8,N,1
19.4146,-155.294,371,2.2,1.4,2025-01-01,0810,Terra,MODIS,100,61.03,293.4,385.1,N,1
19.4168,-155.2726,328.3,2.2,1.4,2025-01-01,0810,Terra,MODIS,100,61.03,291,88.8,N,1
19.404,-155.2646,322.8,2.2,1.4,2025-01-01,0810,Terra,MODIS,100,61.03,290.9,68.4,N,1
19.4017,-155.2852,486.2,2.2,1.4,2025-01-01,0810,Terra,MODIS,100,61.03,331.5,4180.5,N,1
19.3957,-155.353,306.9,2.2,1.4,2025-01-01,0810,Terra,MODIS,50,61.03,285.9,28.4,N,1
19.3995,-155.3059,385.6,2.2,1.4,2025-01-01,0810,Terra,MODIS,100,61.03,295,564.7,N,1
19.3951,-155.346,310.5,2.2,1.4,2025-01-01,0810,Terra,MODIS,61,61.03,286.5,34.1,N,1
19.4041,-155.2711,412.9,2.2,1.4,2025-01-01,0810,Terra,MODIS,100,61.03,303.7,1095.8,N,1
28.8564,-100.5232,307,1,1,2025-01-01,0923,Aqua,MODIS,70,61.03,276.6,12.8,N,2
19.4192,-155.2931,319.2,1.5,1.2,2025-01-01,1243,Aqua,MODIS,98,61.03,286.4,30.2,N,1
19.395,-155.2696,307,1.5,1.2,2025-01-01,1243,Aqua,MODIS,33,61.03,285.4,12.8,N,1
19.3966,-155.283,348.1,1.5,1.2,2025-01-01,1243,Aqua,MODIS,100,61.03,286.4,101.3,N,1
19.3983,-155.2964,321.8,1.5,1.2,2025-01-01,1243,Aqua,MODIS,100,61.03,285,34.6,N,1
19.4054,-155.2682,419.8,1.5,1.2,2025-01-01,1243,Aqua,MODIS,100,61.03,319.3,681.2,N,1
19.4071,-155.2818,506.1,1.5,1.2,2025-01-01,1243,Aqua,MODIS,100,61.03,400.1,3053.6,N,1
19.4088,-155.2949,433,1.5,1.2,2025-01-01,1243,Aqua,MODIS,100,61.03,299.6,898.7,N,1
19.4159,-155.2669,328.9,1.5,1.2,2025-01-01,1243,Aqua,MODIS,59,61.03,302.2,46.7,N,1
19.4176,-155.2801,381,1.5,1.2,2025-01-01,1243,Aqua,MODIS,100,61.03,308.8,273.4,N,1
35.3684,-79.0287,303.9,1,1,2025-01-01,1519,Terra,MODIS,57,61.03,283,8.7,D,0
34.9169,-80.7061,319.8,1,1,2025-01-01,1519,Terra,MODIS,80,61.03,282.2,20.3,D,0
34.9184,-80.7167,327.2,1,1,2025-01-01,1519,Terra,MODIS,85,61.03,282.7,28.3,D,0
30.6351,-84.4417,314.7,1.1,1.1,2025-01-01,1520,Terra,MODIS,75,61.03,286.1,18.3,D,0
30.6336,-84.4302,300.7,1.1,1.1,2025-01-01,1520,Terra,MODIS,40,61.03,284.9,6.8,D,0
33.0161,-79.8799,302.3,1,1,2025-01-01,1520,Terra,MODIS,52,61.03,284.6,7.3,D,2
32.2097,-81.8703,315.6,1,1,2025-01-01,1520,Terra,MODIS,76,61.03,285.3,16,D,0
26.5925,-80.4739,311.7,1.1,1.1,2025-01-01,1521,Terra,MODIS,70,61.03,291.8,10.6,D,0
26.5943,-80.485,320.9,1.1,1.1,2025-01-01,1521,Terra,MODIS,80,61.03,291,20.5,D,0
29.79,-82.5821,301.6,1,1,2025-01-01,1521,Terra,MODIS,48,61.03,288.6,5.2,D,0
34.4731,-95.6738,304.4,3.1,1.7,2025-01-01,1657,Terra,MODIS,59,61.03,277,50.6,D,0
33.4157,-110.8612,308.9,1.5,1.2,2025-01-01,1658,Terra,MODIS,68,61.03,285.3,18.7,D,2
31.1853,-97.1408,301.5,3,1.6,2025-01-01,1658,Terra,MODIS,47,61.03,284.9,28.2,D,0
27.7512,-98.983,300.3,2.7,1.6,2025-01-01,1659,Terra,MODIS,15,61.03,286.1,11.2,D,0
19.4073,-155.2984,427,1.3,1.1,2025-01-01,2019,Terra,MODIS,100,61.03,316.4,648.3,D,1
19.4132,-155.2727,345.1,1.3,1.1,2025-01-01,2019,Terra,MODIS,93,61.03,314.9,69.4,D,1
19.4053,-155.2863,500,1.3,1.1,2025-01-01,2019,Terra,MODIS,100,61.03,400.1,2310.4,D,1
19.3955,-155.2882,341.4,1.3,1.1,2025-01-01,2019,Terra,MODIS,92,61.03,302.6,52.6,D,1
19.4034,-155.2745,434.4,1.3,1.1,2025-01-01,2019,Terra,MODIS,100,61.03,328.5,758.1,D,1
19.4152,-155.2847,369.5,1.3,1.1,2025-01-01,2019,Terra,MODIS,100,61.03,323,157.1,D,1
30.9588,-92.1444,316.8,1,1,2025-01-01,2020,Aqua,MODIS,77,61.03,287.8,16.7,D,0
30.9574,-92.155,316.3,1,1,2025-01-01,2020,Aqua,MODIS,77,61.03,288.4,16.3,D,0
31.0231,-92.3463,302,1,1,2025-01-01,2020,Aqua,MODIS,20,61.03,289.4,4.3,D,0
31.032,-92.348,305.4,1,1,2025-01-01,2020,Aqua,MODIS,60,61.03,289.5,6.2,D,0
31.6999,-88.8842,305.9,1.5,1.2,2025-01-01,2020,Aqua,MODIS,62,61.03,287.8,14.8,D,0
30.8843,-96.697,304.2,1.2,1.1,2025-01-01,2020,Aqua,MODIS,46,61.03,289.8,6.4,D,0
30.8938,-96.6993,307,1.2,1.1,2025-01-01,2020,Aqua,MODIS,64,61.03,289.9,8.9,D,0
32.0254,-88.7476,326.5,1.6,1.2,2025-01-01,2020,Aqua,MODIS,73,61.03,288.1,50.4,D,0
29.8956,-91.6206,317.6,1.1,1,2025-01-01,2020,Aqua,MODIS,78,61.03,291.3,15.4,D,0
29.6824,-90.5109,317.2,1.2,1.1,2025-01-01,2020,Aqua,MODIS,77,61.03,291.3,18.9,D,0
29.681,-90.5226,300.8,1.2,1.1,2025-01-01,2020,Aqua,MODIS,41,61.03,290.2,4.3,D,0
29.7455,-90.741,313.4,1.1,1.1,2025-01-01,2020,Aqua,MODIS,74,61.03,291.7,13.3,D,0
29.744,-90.7525,307.6,1.1,1.1,2025-01-01,2020,Aqua,MODIS,66,61.03,291.4,8.4,D,0
29.7501,-90.7475,313.3,1.1,1.1,2025-01-01,2020,Aqua,MODIS,73,61.03,292,14,D,0
28.9922,-96,302.1,1.2,1.1,2025-01-01,2020,Aqua,MODIS,49,61.03,291,4.3,D,0
29.715,-91.4555,302.2,1.1,1,2025-01-01,2020,Aqua,MODIS,51,61.03,290.9,5.2,D,0
28.943,-96.8207,303.8,1.3,1.1,2025-01-01,2020,Aqua,MODIS,57,61.03,290.3,7.2,D,0
29.8555,-90.9462,325.4,1.1,1.1,2025-01-01,2020,Aqua,MODIS,84,61.03,291.3,26.1,D,0
29.854,-90.9575,332.2,1.1,1.1,2025-01-01,2020,Aqua,MODIS,88,61.03,292.5,35.8,D,0
29.8648,-90.9478,306.4,1.1,1.1,2025-01-01,2020,Aqua,MODIS,63,61.03,290.7,7.7,D,0
29.8633,-90.9591,307,1.1,1.1,2025-01-01,2020,Aqua,MODIS,65,61.03,290.8,8.1,D,0
29.9977,-90.6956,303.3,1.1,1.1,2025-01-01,2020,Aqua,MODIS,36,61.03,290.7,5.5,D,0
29.9918,-90.7419,305.2,1.1,1.1,2025-01-01,2020,Aqua,MODIS,61,61.03,290.8,7,D,0
29.9904,-90.7534,307.3,1.1,1.1,2025-01-01,2020,Aqua,MODIS,65,61.03,291.3,8.6,D,0
30.0071,-90.6971,336.3,1.1,1.1,2025-01-01,2020,Aqua,MODIS,90,61.03,292.6,45.5,D,0
30.0056,-90.7087,306.5,1.1,1.1,2025-01-01,2020,Aqua,MODIS,57,61.03,291.7,7.4,D,0
29.9047,-91.6222,315.2,1.1,1,2025-01-01,2020,Aqua,MODIS,75,61.03,291.5,13.2,D,0
29.8889,-91.7393,317.2,1.1,1,2025-01-01,2020,Aqua,MODIS,77,61.03,289.7,15.2,D,0
29.8874,-91.7499,304.4,1.1,1,2025-01-01,2020,Aqua,MODIS,53,61.03,288.5,5.3,D,0
29.9075,-91.6729,313.8,1.1,1,2025-01-01,2020,Aqua,MODIS,74,61.03,291.6,12.7,D,0
29.9061,-91.6836,319,1.1,1,2025-01-01,2020,Aqua,MODIS,79,61.03,290.8,17.6,D,0
29.8962,-91.7579,300.8,1.1,1,2025-01-01,2020,Aqua,MODIS,33,61.03,289.3,3.6,D,0
29.9218,-91.7734,310.5,1,1,2025-01-01,2020,Aqua,MODIS,70,61.03,290.4,9.7,D,0
29.9236,-91.8278,313.2,1,1,2025-01-01,2020,Aqua,MODIS,73,61.03,289.6,11.9,D,2
29.9222,-91.8384,307.4,1,1,2025-01-01,2020,Aqua,MODIS,65,61.03,286.6,7.6,D,0
30.0617,-90.9938,305.1,1.1,1.1,2025-01-01,2020,Aqua,MODIS,31,61.03,288.1,6.2,D,0
30.0709,-90.9954,307.5,1.1,1.1,2025-01-01,2020,Aqua,MODIS,66,61.03,288.5,8.5,D,0
30.0695,-91.0067,311.1,1.1,1.1,2025-01-01,2020,Aqua,MODIS,71,61.03,287.7,11.3,D,0
30.1074,-91.0535,300.3,1.1,1.1,2025-01-01,2020,Aqua,MODIS,28,61.03,287.4,4,D,0
30.106,-91.0647,306.7,1.1,1.1,2025-01-01,2020,Aqua,MODIS,64,61.03,288.5,8.4,D,0
30.0373,-91.7998,304,1,1,2025-01-01,2020,Aqua,MODIS,58,61.03,286.7,6.4,D,0
30.0359,-91.8104,307.4,1,1,2025-01-01,2020,Aqua,MODIS,65,61.03,286,8.7,D,0
30.1488,-91.026,320.1,1.1,1.1,2025-01-01,2020,Aqua,MODIS,69,61.03,290.7,20.7,D,0
30.1473,-91.0373,300.6,1.1,1.1,2025-01-01,2020,Aqua,MODIS,33,61.03,290.3,4.2,D,0
30.1386,-91.1047,303.3,1.1,1,2025-01-01,2020,Aqua,MODIS,56,61.03,290,5.9,D,0
30.1371,-91.1159,303.2,1.1,1,2025-01-01,2020,Aqua,MODIS,55,61.03,290.7,5.5,D,0
30.1894,-91.0627,304.2,1.1,1.1,2025-01-01,2020,Aqua,MODIS,54,61.03,289.5,6.8,D,0
30.2932,-91.2581,303.6,1.1,1,2025-01-01,2020,Aqua,MODIS,56,61.03,290.6,5.6,D,0
30.9854,-85.6192,302.5,2.5,1.5,2025-01-01,2020,Aqua,MODIS,52,61.03,288.6,20.5,D,0
30.3921,-91.282,306,1.1,1,2025-01-01,2020,Aqua,MODIS,63,61.03,290.6,7.7,D,0
30.4191,-91.4169,303.8,1.1,1,2025-01-01,2020,Aqua,MODIS,57,61.03,289.9,6.6,D,0
30.4176,-91.428,302.4,1.1,1,2025-01-01,2020,Aqua,MODIS,52,61.03,289.9,5.6,D,0
29.8053,-96.6746,306.4,1.3,1.1,2025-01-01,2020,Aqua,MODIS,63,61.03,289.8,9.4,D,0
31.031,-87.7747,319.6,1.7,1.3,2025-01-01,2020,Aqua,MODIS,79,61.03,288.4,42.7,D,0
30.7054,-91.4865,301,1.1,1,2025-01-01,2020,Aqua,MODIS,44,61.03,289.9,4,D,0
30.7092,-91.5997,301,1.1,1,2025-01-01,2020,Aqua,MODIS,42,61.03,290.4,4,D,0
30.8777,-91.7873,304.2,1.1,1,2025-01-01,2020,Aqua,MODIS,44,61.03,288.7,6.8,D,0
31.1995,-89.3306,300.5,1.4,1.2,2025-01-01,2020,Aqua,MODIS,38,61.03,288.7,7.2,D,0
30.9261,-92.1752,301,1,1,2025-01-01,2020,Aqua,MODIS,43,61.03,288.4,4.8,D,0
32.6598,-89.2077,304.1,1.5,1.2,2025-01-01,2021,Aqua,MODIS,58,61.03,285.4,13.3,D,0
32.9078,-83.3763,303.9,3.7,1.8,2025-01-01,2021,Aqua,MODIS,57,61.03,285.9,50,D,0
34.4755,-95.6709,341.2,1,1,2025-01-01,2021,Aqua,MODIS,92,61.03,284.6,50.3,D,0
33.7182,-97.0679,306.3,1.1,1.1,2025-01-01,2021,Aqua,MODIS,63,61.03,283.8,11.3,D,0
32.8806,-95.0802,322.9,1,1,2025-01-01,2021,Aqua,MODIS,82,61.03,286.6,22.2,D,0
32.9134,-83.3685,307.5,3.7,1.8,2025-01-01,2021,Aqua,MODIS,62,61.03,285.9,64.3,D,0
33.3011,-89.339,311.7,1.5,1.2,2025-01-01,2021,Aqua,MODIS,72,61.03,283.7,22.3,D,0
33.305,-89.3486,308.8,1.5,1.2,2025-01-01,2021,Aqua,MODIS,68,61.03,283.5,18.4,D,0
32.3842,-93.3719,307.4,1,1,2025-01-01,2021,Aqua,MODIS,65,61.03,285.5,9.7,D,0
34.4739,-95.6816,315.8,1,1,2025-01-01,2021,Aqua,MODIS,76,61.03,282.7,17.6,D,0
35.3126,-95.1,304.1,1,1,2025-01-01,2021,Aqua,MODIS,58,61.03,284.3,7.7,D,0
35.8784,-92.2455,318.5,1.1,1.1,2025-01-01,2022,Aqua,MODIS,79,61.03,282,23.4,D,0
35.7058,-98.4674,303,1.2,1.1,2025-01-01,2022,Aqua,MODIS,54,61.03,282.4,10.1,D,0
36.7768,-93.2859,307.7,1.1,1,2025-01-01,2022,Aqua,MODIS,66,61.03,280.7,12.7,D,0
37.19,-94.3962,300.1,1,1,2025-01-01,2022,Aqua,MODIS,25,61.03,280.2,6.7,D,0
37.3357,-94.8061,310.9,1,1,2025-01-01,2022,Aqua,MODIS,71,61.03,280.9,13.2,D,0
37.3341,-94.8171,310.7,1,1,2025-01-01,2022,Aqua,MODIS,70,61.03,282,13,D,0
37.6963,-93.8536,301.3,1,1,2025-01-01,2022,Aqua,MODIS,46,61.03,280.2,7.9,D,0
37.4628,-95.8423,303.6,1,1,2025-01-01,2022,Aqua,MODIS,56,61.03,283.5,7.7,D,0
38.1532,-94.9093,300.9,1,1,2025-01-01,2022,Aqua,MODIS,43,61.03,279.7,7.2,D,0
38.4919,-93.5479,303.5,1.1,1,2025-01-01,2022,Aqua,MODIS,56,61.03,279.9,9.9,D,0
42.6823,-99.9743,356.3,1.1,1.1,2025-01-01,2024,Aqua,MODIS,74,61.03,272.1,97.6,D,0
19.4052,-155.2902,440.3,3.6,1.8,2025-01-02,0113,Aqua,MODIS,94,61.03,320.1,3808.3,D,1
19.396,-155.284,431.3,3.6,1.8,2025-01-02,0113,Aqua,MODIS,87,61.03,314.4,3192,D,1
19.402,-155.3042,420.7,2.8,1.6,2025-01-02,0712,Terra,MODIS,100,61.03,300.2,1819.7,N,1
19.3924,-155.3565,309.4,2.9,1.6,2025-01-02,0712,Terra,MODIS,41,61.03,284.3,47.8,N,1
19.4021,-155.2576,315.3,2.8,1.6,2025-01-02,0712,Terra,MODIS,88,61.03,288,67.2,N,1
19.3973,-155.2833,421.1,2.8,1.6,2025-01-02,0712,Terra,MODIS,100,61.03,307.8,1832.7,N,1
19.3923,-155.3092,334.5,2.8,1.6,2025-01-02,0712,Terra,MODIS,100,61.03,287.2,161.9,N,1
19.4159,-155.2608,322.7,2.8,1.6,2025-01-02,0712,Terra,MODIS,100,61.03,288.7,98.6,N,1
19.4112,-155.2862,463.7,2.8,1.6,2025-01-02,0712,Terra,MODIS,100,61.03,312.7,4094.6,N,1
19.4063,-155.3117,356.1,2.8,1.6,2025-01-02,0712,Terra,MODIS,100,61.03,287.6,351,N,1
19.3967,-155.363,305.7,2.9,1.6,2025-01-02,0712,Terra,MODIS,36,61.03,283.5,41.6,N,1
19.3927,-155.2757,323,2.8,1.6,2025-01-02,0712,Terra,MODIS,100,61.03,286.6,99,N,1
19.4066,-155.2788,478,2.8,1.6,2025-01-02,0712,Terra,MODIS,100,61.03,326,5179.9,N,1
19.3927,-155.2907,324.4,1.9,1.3,2025-01-02,1322,Aqua,MODIS,100,61.03,285,57.7,N,1
19.3895,-155.2733,313.7,1.9,1.3,2025-01-02,1322,Aqua,MODIS,52,61.03,284.6,32.3,N,1
19.4278,-155.2844,316,1.9,1.3,2025-01-02,1322,Aqua,MODIS,70,61.03,285.2,37.4,N,1
19.4161,-155.2863,468.6,1.9,1.3,2025-01-02,1322,Aqua,MODIS,100,61.03,325.5,2498.7,N,1
19.4129,-155.2685,409.9,1.9,1.3,2025-01-02,1322,Aqua,MODIS,100,61.03,317.6,809.8,N,1
19.4043,-155.2883,482.5,1.9,1.3,2025-01-02,1322,Aqua,MODIS,100,61.03,325.8,3132.7,N,1
19.4012,-155.271,427.9,1.9,1.3,2025-01-02,1322,Aqua,MODIS,100,61.03,314.2,1189,N,1
41.6348,-87.1346,302.5,1,1,2025-01-02,1557,Terra,MODIS,46,61.03,273.5,9.9,D,2
32.087,-82.2745,304,2.9,1.6,2025-01-02,1559,Terra,MODIS,58,61.03,282.6,39.2,D,0
33.6971,-80.4564,304.1,3.5,1.8,2025-01-02,1559,Terra,MODIS,58,61.03,280.8,55.4,D,0
33.4834,-82.9365,310.8,2.4,1.5,2025-01-02,1559,Terra,MODIS,70,61.03,279.4,50.6,D,0
33.3453,-86.5591,312,1.4,1.2,2025-01-02,1559,Terra,MODIS,72,61.03,279.1,25,D,0
32.78,-84.3075,302.2,2,1.4,2025-01-02,1559,Terra,MODIS,51,61.03,279.3,22.4,D,0
32.7765,-84.3139,302.5,2,1.4,2025-01-02,1559,Terra,MODIS,53,61.03,279.2,24.2,D,0
34.4851,-95.6751,301.2,1.5,1.2,2025-01-02,1559,Terra,MODIS,45,61.03,277,13.9,D,0
32.0963,-82.2958,311.6,2.9,1.6,2025-01-02,1559,Terra,MODIS,72,61.03,282.4,62.2,D,0
32.0933,-82.3035,306.5,2.9,1.6,2025-01-02,1559,Terra,MODIS,64,61.03,282,45.7,D,0
30.7497,-97.876,303.8,1.8,1.3,2025-01-02,1600,Terra,MODIS,54,61.03,283.9,16.2,D,0
30.3941,-84.3445,312.4,2.3,1.5,2025-01-02,1600,Terra,MODIS,72,61.03,286.4,42.8,D,2
30.9643,-85.0045,307.8,2,1.4,2025-01-02,1600,Terra,MODIS,62,61.03,282.5,27.5,D,0
30.9682,-85.0247,304.2,2,1.4,2025-01-02,1600,Terra,MODIS,58,61.03,283.4,20.5,D,0
30.9115,-84.669,300.5,2.1,1.4,2025-01-02,1600,Terra,MODIS,37,61.03,284.5,14.7,D,0
30.972,-85.0171,317.9,2,1.4,2025-01-02,1600,Terra,MODIS,78,61.03,283.6,50.1,D,0
30.9131,-84.662,300.1,2.1,1.4,2025-01-02,1600,Terra,MODIS,25,61.03,284.9,15.5,D,0
30.5382,-91.5633,317.2,1,1,2025-01-02,1600,Terra,MODIS,77,61.03,285.8,15.8,D,0
30.5397,-91.5735,320.8,1,1,2025-01-02,1600,Terra,MODIS,80,61.03,286.1,19.1,D,0
30.3862,-84.3708,310.3,2.3,1.5,2025-01-02,1600,Terra,MODIS,63,61.03,284.5,37.7,D,0
32.6418,-114.5378,354.7,1,1,2025-01-02,1738,Terra,MODIS,98,61.03,293.8,76.7,D,0
32.6401,-114.527,338.3,1,1,2025-01-02,1738,Terra,MODIS,91,61.03,292.4,42,D,0
32.6315,-114.5349,308.6,1,1,2025-01-02,1738,Terra,MODIS,66,61.03,291.1,8,D,0
32.6092,-114.6286,304.6,1,1,2025-01-02,1738,Terra,MODIS,57,61.03,290.2,5.8,D,0
32.6075,-114.6179,325.7,1,1,2025-01-02,1738,Terra,MODIS,83,61.03,289.3,24.6,D,0
26.8467,-81.6626,342.3,1.4,1.2,2025-01-02,1920,Aqua,MODIS,91,61.03,284.3,74.6,D,0
30.3598,-85.4088,311.6,2,1.4,2025-01-02,1921,Aqua,MODIS,71,61.03,289.3,31.4,D,0
27.3979,-81.5777,302.6,1.3,1.1,2025-01-02,1921,Aqua,MODIS,41,61.03,281,8.9,D,0
27.3957,-81.5906,303.5,1.3,1.1,2025-01-02,1921,Aqua,MODIS,49,61.03,283.2,9.5,D,0
27.9962,-81.5808,316.3,1.3,1.1,2025-01-02,1921,Aqua,MODIS,67,61.03,289,18.8,D,0
28.3675,-82.1704,318.4,1.4,1.2,2025-01-02,1921,Aqua,MODIS,78,61.03,295.4,23.9,D,0
28.6724,-82.023,313.4,1.3,1.1,2025-01-02,1921,Aqua,MODIS,74,61.03,293.1,16.7,D,2
28.6701,-82.0361,314.6,1.3,1.1,2025-01-02,1921,Aqua,MODIS,75,61.03,291,18,D,2
28.869,-81.0569,302.4,1.2,1.1,2025-01-02,1921,Aqua,MODIS,52,61.03,291.7,5.8,D,0
29.8222,-82.934,301,1.4,1.2,2025-01-02,1921,Aqua,MODIS,40,61.03,288.6,6.7,D,0
29.8196,-82.9483,309.1,1.4,1.2,2025-01-02,1921,Aqua,MODIS,68,61.03,290.4,15,D,0
29.8958,-82.703,302.9,1.4,1.2,2025-01-02,1921,Aqua,MODIS,54,61.03,290.9,8.2,D,0
29.8933,-82.7169,305.3,1.4,1.2,2025-01-02,1921,Aqua,MODIS,61,61.03,289.9,10.3,D,0
30.3557,-85.4289,315.5,2,1.4,2025-01-02,1921,Aqua,MODIS,76,61.03,290.8,40.1,D,0
32.1435,-83.8417,307.3,1.5,1.2,2025-01-02,1922,Aqua,MODIS,65,61.03,287.3,14.2,D,0
31.1444,-82.3107,303.9,1.3,1.1,2025-01-02,1922,Aqua,MODIS,58,61.03,287.2,9.7,D,0
30.8144,-84.2934,312.3,1.7,1.3,2025-01-02,1922,Aqua,MODIS,72,61.03,288.2,26,D,0
30.8112,-84.3101,308.5,1.7,1.3,2025-01-02,1922,Aqua,MODIS,67,61.03,288.1,20.1,D,0
30.9285,-84.3636,301.1,1.7,1.3,2025-01-02,1922,Aqua,MODIS,45,61.03,288.4,10.2,D,0
30.9253,-84.3804,300.4,1.7,1.3,2025-01-02,1922,Aqua,MODIS,35,61.03,287.3,9.6,D,0
30.9285,-84.3704,307.1,1.7,1.3,2025-01-02,1922,Aqua,MODIS,65,61.03,288.4,18.6,D,0
30.8444,-84.9189,310,1.8,1.3,2025-01-02,1922,Aqua,MODIS,0,61.03,288.9,24,D,0
30.7694,-85.4186,306.4,2,1.4,2025-01-02,1922,Aqua,MODIS,63,61.03,287.9,21.9,D,0
31.4566,-82.2331,300.3,1.2,1.1,2025-01-02,1922,Aqua,MODIS,34,61.03,287.9,5.7,D,0
30.9667,-85.0149,320.5,1.8,1.3,2025-01-02,1922,Aqua,MODIS,76,61.03,288.8,45.6,D,0
30.9742,-85.0239,307.3,1.8,1.3,2025-01-02,1922,Aqua,MODIS,57,61.03,288.2,17.1,D,0
31.435,-82.7155,305.9,1.3,1.1,2025-01-02,1922,Aqua,MODIS,62,61.03,288.5,11,D,0
31.1407,-84.2989,305.3,1.6,1.3,2025-01-02,1922,Aqua,MODIS,61,61.03,289.8,14.4,D,0
31.422,-83.0786,338.3,1.4,1.2,2025-01-02,1922,Aqua,MODIS,91,61.03,290.3,65.6,D,0
31.4196,-83.0925,309.1,1.4,1.2,2025-01-02,1922,Aqua,MODIS,68,61.03,289.8,14.9,D,0
30.9875,-85.6005,312.9,2,1.4,2025-01-02,1922,Aqua,MODIS,73,61.03,288.2,34.7,D,0
31.7844,-81.8361,304.7,1.2,1.1,2025-01-02,1922,Aqua,MODIS,60,61.03,288.4,9.6,D,0
31.4315,-84.4799,306.6,1.7,1.3,2025-01-02,1922,Aqua,MODIS,64,61.03,288,17.8,D,0
31.7767,-82.7072,327.1,1.3,1.1,2025-01-02,1922,Aqua,MODIS,85,61.03,289.5,37.2,D,0
31.7744,-82.7203,358.3,1.3,1.1,2025-01-02,1922,Aqua,MODIS,99,61.03,292.2,119.2,D,0
31.3772,-85.0602,306.4,1.8,1.3,2025-01-02,1922,Aqua,MODIS,63,61.03,287.8,19.6,D,0
31.8393,-82.8255,310.2,1.3,1.1,2025-01-02,1922,Aqua,MODIS,70,61.03,287.9,16.2,D,0
32.0652,-81.8214,314.2,1.2,1.1,2025-01-02,1922,Aqua,MODIS,49,61.03,287,15.6,D,0
32.0632,-81.8331,319,1.2,1.1,2025-01-02,1922,Aqua,MODIS,68,61.03,288.4,20.5,D,0
31.8786,-82.9518,302.8,1.3,1.1,2025-01-02,1922,Aqua,MODIS,54,61.03,288.1,9.4,D,0
31.7854,-83.5249,301.6,1.4,1.2,2025-01-02,1922,Aqua,MODIS,48,61.03,288,8.8,D,0
31.2537,-86.4437,305.8,2.3,1.5,2025-01-02,1922,Aqua,MODIS,59,61.03,286.2,26.8,D,0
32.1212,-81.9276,328.9,1.2,1.1,2025-01-02,1922,Aqua,MODIS,86,61.03,288.1,35.9,D,0
31.2533,-86.4507,300.6,2.3,1.5,2025-01-02,1922,Aqua,MODIS,39,61.03,286.4,16.9,D,0
32.0514,-82.4457,303.1,1.2,1.1,2025-01-02,1922,Aqua,MODIS,55,61.03,288.9,8.3,D,0
32.0492,-82.4583,301.5,1.2,1.1,2025-01-02,1922,Aqua,MODIS,47,61.03,287.9,7,D,0
32.0891,-82.2859,325.4,1.2,1.1,2025-01-02,1922,Aqua,MODIS,84,61.03,288.5,32.2,D,0
32.087,-82.2983,343.7,1.2,1.1,2025-01-02,1922,Aqua,MODIS,93,61.03,290.4,67.6,D,0
32.1463,-82.318,306.2,1.2,1.1,2025-01-02,1922,Aqua,MODIS,63,61.03,288.3,10.6,D,0
32.1371,-82.4851,322.7,1.2,1.1,2025-01-02,1922,Aqua,MODIS,82,61.03,288.7,29.6,D,0
32.0972,-82.7696,370.8,1.3,1.1,2025-01-02,1922,Aqua,MODIS,100,61.03,292.6,172.7,D,0
32.0948,-82.7827,327.5,1.3,1.1,2025-01-02,1922,Aqua,MODIS,85,61.03,289.2,39,D,0
32.2898,-82.0296,300.5,1.2,1.1,2025-01-02,1922,Aqua,MODIS,38,61.03,286.1,6.7,D,0
32.4778,-81.3042,309.2,1.1,1,2025-01-02,1922,Aqua,MODIS,68,61.03,287.3,11.4,D,0
32.4869,-81.3063,314.3,1.1,1,2025-01-02,1922,Aqua,MODIS,75,61.03,286.8,15.9,D,0
32.3068,-82.4079,303.8,1.2,1.1,2025-01-02,1922,Aqua,MODIS,57,61.03,286.5,9,D,0
32.2419,-82.8311,313.9,1.3,1.1,2025-01-02,1922,Aqua,MODIS,74,61.03,286.8,19,D,0
32.2396,-82.8442,314.6,1.3,1.1,2025-01-02,1922,Aqua,MODIS,75,61.03,288.6,19.9,D,0
32.0785,-83.8404,311.7,1.5,1.2,2025-01-02,1922,Aqua,MODIS,72,61.03,286.8,21.6,D,0
32.1462,-83.8267,302.1,1.5,1.2,2025-01-02,1922,Aqua,MODIS,37,61.03,286.7,8.7,D,0
31.1467,-82.2981,300.2,1.3,1.1,2025-01-02,1922,Aqua,MODIS,32,61.03,286.5,6.7,D,0
32.1516,-83.8349,304.5,1.5,1.2,2025-01-02,1922,Aqua,MODIS,31,61.03,287.2,10.6,D,0
32.2447,-83.4491,323.8,1.4,1.2,2025-01-02,1922,Aqua,MODIS,83,61.03,286.9,37.4,D,0
32.4432,-82.448,307.7,1.2,1.1,2025-01-02,1922,Aqua,MODIS,66,61.03,285.7,13,D,0
32.4804,-82.2896,313,1.2,1.1,2025-01-02,1922,Aqua,MODIS,73,61.03,286.7,16.8,D,0
32.4783,-82.3018,311.4,1.2,1.1,2025-01-02,1922,Aqua,MODIS,71,61.03,287.5,14.9,D,0
32.4762,-82.3141,327.8,1.2,1.1,2025-01-02,1922,Aqua,MODIS,85,61.03,288.1,34.7,D,0
32.4354,-82.5507,314.6,1.2,1.1,2025-01-02,1922,Aqua,MODIS,75,61.03,286.1,19.9,D,0
32.6853,-81.1103,304,1.1,1,2025-01-02,1922,Aqua,MODIS,58,61.03,286.7,8.1,D,0
32.3925,-82.9718,350,1.3,1.1,2025-01-02,1922,Aqua,MODIS,96,61.03,289.8,90.7,D,0
32.3902,-82.985,319.3,1.3,1.1,2025-01-02,1922,Aqua,MODIS,57,61.03,287.4,24.2,D,0
32.3943,-82.9638,318.3,1.3,1.1,2025-01-02,1922,Aqua,MODIS,53,61.03,286.7,22.9,D,0
32.3919,-82.9771,338.3,1.3,1.1,2025-01-02,1922,Aqua,MODIS,91,61.03,290.5,59.1,D,0
32.5216,-82.4726,304.4,1.2,1.1,2025-01-02,1922,Aqua,MODIS,59,61.03,286.3,9.9,D,0
31.6207,-87.1122,305,2.5,1.5,2025-01-02,1922,Aqua,MODIS,60,61.03,285.9,30,D,0
32.6904,-81.7624,309.3,1.1,1.1,2025-01-02,1922,Aqua,MODIS,68,61.03,285.8,11.9,D,0
32.6885,-81.774,320.4,1.1,1.1,2025-01-02,1922,Aqua,MODIS,80,61.03,286.6,22.8,D,0
32.6963,-81.7705,313.3,1.1,1.1,2025-01-02,1922,Aqua,MODIS,73,61.03,287.4,16,D,0
31.6871,-87.4118,301.8,2.6,1.5,2025-01-02,1922,Aqua,MODIS,49,61.03,285.9,23.7,D,0
31.7813,-87.1728,301.2,2.5,1.5,2025-01-02,1922,Aqua,MODIS,45,61.03,285.2,22.5,D,0
31.8511,-86.9113,309.1,2.3,1.5,2025-01-02,1922,Aqua,MODIS,68,61.03,285.8,35.6,D,0
31.8816,-86.8951,305.3,2.3,1.5,2025-01-02,1922,Aqua,MODIS,53,61.03,285.8,26.3,D,0
32.8896,-81.8406,356.7,1.1,1.1,2025-01-02,1922,Aqua,MODIS,98,61.03,290,95.2,D,0
32.8876,-81.8523,313.5,1.1,1.1,2025-01-02,1922,Aqua,MODIS,74,61.03,286.3,16.7,D,0
32.8758,-81.9225,336.8,1.1,1.1,2025-01-02,1922,Aqua,MODIS,90,61.03,287.9,48.8,D,0
32.4894,-84.3169,301.7,1.5,1.2,2025-01-02,1922,Aqua,MODIS,49,61.03,286.7,11.6,D,0
32.9795,-82.2003,330.3,1.2,1.1,2025-01-02,1922,Aqua,MODIS,87,61.03,288.4,39.3,D,0
32.9775,-82.2124,301.2,1.2,1.1,2025-01-02,1922,Aqua,MODIS,45,61.03,285.2,7.3,D,0
33.2166,-81.327,302.3,1.1,1,2025-01-02,1922,Aqua,MODIS,51,61.03,285.1,7.2,D,0
33.0861,-82.6089,324.6,1.2,1.1,2025-01-02,1922,Aqua,MODIS,83,61.03,287.3,32.3,D,0
33.084,-82.6215,314.5,1.2,1.1,2025-01-02,1922,Aqua,MODIS,75,61.03,286.3,19.8,D,0
32.7806,-84.3137,303.9,1.5,1.2,2025-01-02,1922,Aqua,MODIS,58,61.03,285,14.4,D,0
33.0957,-82.6113,345.1,1.2,1.1,2025-01-02,1922,Aqua,MODIS,94,61.03,287.6,69.7,D,0
33.0935,-82.6239,334.9,1.2,1.1,2025-01-02,1922,Aqua,MODIS,89,61.03,286.7,47.5,D,0
33.0245,-83.6097,310.1,1.4,1.2,2025-01-02,1922,Aqua,MODIS,70,61.03,285.4,17.7,D,0
33.0242,-83.6003,308.4,1.4,1.2,2025-01-02,1922,Aqua,MODIS,67,61.03,284.9,15.6,D,0
33.5355,-80.6604,304.2,1,1,2025-01-02,1922,Aqua,MODIS,58,61.03,286,7.7,D,0
33.5777,-80.8594,302.3,1,1,2025-01-02,1922,Aqua,MODIS,52,61.03,284.7,7.3,D,0
33.6039,-80.7603,303.9,1,1,2025-01-02,1922,Aqua,MODIS,55,61.03,286.2,7.2,D,0
33.6127,-80.7623,302.5,1,1,2025-01-02,1922,Aqua,MODIS,53,61.03,285.3,6.6,D,0
32.5431,-86.7442,308.1,2.2,1.4,2025-01-02,1922,Aqua,MODIS,66,61.03,284.8,33.1,D,0
33.6946,-80.4709,310.7,1,1,2025-01-02,1922,Aqua,MODIS,70,61.03,285.8,11.5,D,0
33.5775,-81.2167,337.4,1.1,1,2025-01-02,1922,Aqua,MODIS,90,61.03,287.8,44.8,D,0
33.5758,-81.2277,308.5,1.1,1,2025-01-02,1922,Aqua,MODIS,67,61.03,285.5,11.1,D,0
33.7034,-80.4729,306.5,1,1,2025-01-02,1922,Aqua,MODIS,63,61.03,284.7,8.4,D,0
33.7018,-80.4835,301.9,1,1,2025-01-02,1922,Aqua,MODIS,36,61.03,284.9,5.8,D,0
33.4753,-82.9356,309,1.2,1.1,2025-01-02,1922,Aqua,MODIS,68,61.03,284.5,15.5,D,0
33.0733,-85.6447,301.9,1.8,1.3,2025-01-02,1922,Aqua,MODIS,50,61.03,284.8,16.6,D,0
33.0681,-86.2019,307.3,2,1.4,2025-01-02,1922,Aqua,MODIS,65,61.03,282.7,27.5,D,0
33.0723,-86.2083,303.7,2,1.4,2025-01-02,1922,Aqua,MODIS,57,61.03,283.1,19.7,D,0
33.8122,-82.6571,330.5,1.2,1.1,2025-01-02,1922,Aqua,MODIS,87,61.03,284.8,41.3,D,0
33.8101,-82.6695,307.4,1.2,1.1,2025-01-02,1922,Aqua,MODIS,65,61.03,284.1,13.1,D,0
33.0086,-87.1388,310.9,2.3,1.5,2025-01-02,1922,Aqua,MODIS,71,61.03,283.7,42.6,D,0
33.3284,-85.7761,300.9,1.8,1.3,2025-01-02,1922,Aqua,MODIS,42,61.03,283.3,14.6,D,0
34.8822,-79.121,331.4,1,1,2025-01-02,1922,Aqua,MODIS,87,61.03,285,33.6,D,0
33.8895,-87.6518,305,2.3,1.5,2025-01-02,1923,Aqua,MODIS,53,61.03,282,28.4,D,0
34.6139,-85.6056,304,1.7,1.3,2025-01-02,1923,Aqua,MODIS,58,61.03,281.9,18.6,D,0
34.6138,-85.5983,302.2,1.7,1.3,2025-01-02,1923,Aqua,MODIS,51,61.03,281.3,15.4,D,0
33.8842,-87.6759,307.5,2.3,1.5,2025-01-02,1923,Aqua,MODIS,65,61.03,282.5,34,D,0
33.8867,-87.672,310.8,2.3,1.5,2025-01-02,1923,Aqua,MODIS,70,61.03,282.4,44.4,D,0
33.5519,-96.6877,310.3,2.2,1.4,2025-01-02,2100,Aqua,MODIS,70,61.03,288.2,32.6,D,0
33.0799,-101.0928,305.7,1.2,1.1,2025-01-02,2100,Aqua,MODIS,56,61.03,294.5,5.4,D,0
33.0784,-101.105,304.8,1.2,1.1,2025-01-02,2100,Aqua,MODIS,52,61.03,294.4,4.6,D,0
33.5532,-96.6691,309.5,2.2,1.4,2025-01-02,2100,Aqua,MODIS,69,61.03,288,30.4,D,0
33.5512,-96.6925,305.1,2.2,1.4,2025-01-02,2100,Aqua,MODIS,60,61.03,288.1,21.5,D,0
30.8077,-104.7904,319.4,1,1,2025-01-02,2100,Aqua,MODIS,74,61.03,301.1,12.4,D,0
32.2071,-97.883,306.2,1.8,1.3,2025-01-02,2100,Aqua,MODIS,63,61.03,288.9,16.9,D,0
32.2052,-97.9014,300.4,1.8,1.3,2025-01-02,2100,Aqua,MODIS,37,61.03,288.4,9.4,D,0
33.0704,-101.091,305,1.2,1.1,2025-01-02,2100,Aqua,MODIS,32,61.03,294.1,4.7,D,0
33.554,-96.6643,304,2.2,1.4,2025-01-02,2100,Aqua,MODIS,58,61.03,287.8,19.3,D,0
36.3868,-101.1482,301.4,1.3,1.1,2025-01-02,2101,Aqua,MODIS,47,61.03,287.5,6.5,D,0
19.4101,-155.2802,462.8,1.8,1.3,2025-01-03,0014,Aqua,MODIS,100,61.03,333.4,2043,D,1
19.3987,-155.2778,447.6,1.8,1.3,2025-01-03,0014,Aqua,MODIS,100,61.03,324.5,1552.6,D,1
19.3957,-155.3056,365.9,1.8,1.3,2025-01-03,0014,Aqua,MODIS,100,61.03,304.3,215.8,D,1
19.3986,-155.2893,508.6,1.8,1.3,2025-01-03,0014,Aqua,MODIS,100,61.03,400.1,4193.9,D,1
19.4014,-155.2732,403.1,1.8,1.3,2025-01-03,0014,Aqua,MODIS,100,61.03,315.1,610.8,D,1
19.3872,-155.2872,348,1.8,1.3,2025-01-03,0014,Aqua,MODIS,94,61.03,305.3,113.6,D,1
19.4215,-155.282,326.9,1.8,1.3,2025-01-03,0014,Aqua,MODIS,36,61.03,297.6,45.6,D,1
19.4072,-155.296,455.6,1.8,1.3,2025-01-03,0014,Aqua,MODIS,100,61.03,339.1,1805.6,D,1
19.3958,-155.2939,480.2,1.8,1.3,2025-01-03,0014,Aqua,MODIS,100,61.03,400.1,2733.6,D,1
32.0465,-86.0871,301.4,1,1,2025-01-03,0259,Terra,MODIS,41,61.03,273.2,9.4,N,0
34.362,-111.0478,305.8,1,1,2025-01-03,0438,Terra,MODIS,66,61.03,279.8,10.7,N,0
19.4146,-155.2944,399.6,1.1,1,2025-01-03,0751,Terra,MODIS,100,61.03,298.5,289.1,N,1
19.412,-155.3146,310.7,1.1,1,2025-01-03,0751,Terra,MODIS,37,61.03,284.6,12.4,N,1
19.4173,-155.2737,344.6,1.1,1,2025-01-03,0751,Terra,MODIS,100,61.03,297.5,59.9,N,1
19.4159,-155.284,458.5,1.1,1,2025-01-03,0751,Terra,MODIS,100,61.03,329.2,954.5,N,1
19.4054,-155.2929,500,1.1,1,2025-01-03,0751,Terra,MODIS,100,61.03,369.3,1849.6,N,1
19.4081,-155.2723,327.8,1.1,1,2025-01-03,0751,Terra,MODIS,64,61.03,303.2,29.4,N,1
19.3962,-155.2915,341.7,1.1,1,2025-01-03,0751,Terra,MODIS,100,61.03,291.2,52.5,N,1
19.3975,-155.2813,339.3,1.1,1,2025-01-03,0751,Terra,MODIS,100,61.03,293.9,47.2,N,1
19.4041,-155.3031,317.6,1.1,1,2025-01-03,0751,Terra,MODIS,78,61.03,289.3,16.4,N,1
19.4028,-155.3132,325.8,1.1,1,2025-01-03,0751,Terra,MODIS,100,61.03,284.7,27,N,1
19.4015,-155.3233,313.7,1.1,1,2025-01-03,0751,Terra,MODIS,50,61.03,285.2,14.5,N,1
19.3967,-155.2861,306.8,3.4,1.7,2025-01-03,1223,Aqua,MODIS,49,61.03,285.6,54.5,N,1
19.4075,-155.2479,362.5,3.4,1.7,2025-01-03,1223,Aqua,MODIS,100,61.03,296,555.7,N,1
19.4107,-155.2795,463.1,3.4,1.7,2025-01-03,1223,Aqua,MODIS,100,61.03,324.7,5288.8,N,1
19.4137,-155.3102,313,3.4,1.7,2025-01-03,1223,Aqua,MODIS,81,61.03,284.2,82.6,N,1
19.4259,-155.2771,324.7,3.4,1.7,2025-01-03,1223,Aqua,MODIS,100,61.03,287.9,148.1,N,1
19.3954,-155.281,315.3,3.4,1.7,2025-01-03,1223,Aqua,MODIS,88,61.03,284,92.6,N,1
33.0112,-79.8887,312.3,1.2,1.1,2025-01-03,1501,Terra,MODIS,53,61.03,278,18.7,D,2
33.0098,-79.8759,301.6,1.2,1.1,2025-01-03,1501,Terra,MODIS,33,61.03,277.2,9.6,D,2
32.1799,-82.3046,300.2,1.6,1.3,2025-01-03,1501,Terra,MODIS,32,61.03,281.5,12.7,D,0
33.6712,-83.4272,308.1,2,1.4,2025-01-03,1501,Terra,MODIS,67,61.03,279.6,33.4,D,0
34.3072,-84.4103,305.5,2.4,1.5,2025-01-03,1501,Terra,MODIS,61,61.03,277.5,37.2,D,0
28.7675,-81.5967,311.6,1.3,1.1,2025-01-03,1502,Terra,MODIS,71,61.03,286.8,17.6,D,0
28.6758,-82.0292,305.8,1.4,1.2,2025-01-03,1502,Terra,MODIS,59,61.03,287.1,12.1,D,2
27.7504,-82.409,310.2,1.5,1.2,2025-01-03,1502,Terra,MODIS,70,61.03,289.5,16.7,D,2
27.7488,-82.3945,304.3,1.5,1.2,2025-01-03,1502,Terra,MODIS,58,61.03,289.7,10,D,0
30.6343,-84.4367,305.2,2.2,1.4,2025-01-03,1502,Terra,MODIS,61,61.03,283.1,27.5,D,0
30.6341,-84.4439,301.4,2.2,1.4,2025-01-03,1502,Terra,MODIS,47,61.03,283,22.3,D,0
28.7544,-81.2258,303.5,1.3,1.1,2025-01-03,1502,Terra,MODIS,49,61.03,287.7,9,D,0
28.6821,-82.0224,300.5,1.4,1.2,2025-01-03,1502,Terra,MODIS,33,61.03,288,7.1,D,2
26.7003,-80.8318,321.7,1.2,1.1,2025-01-03,1503,Terra,MODIS,61,61.03,281.3,25.2,D,0
27.2877,-81.6563,305.2,1.3,1.1,2025-01-03,1503,Terra,MODIS,61,61.03,288.4,9.8,D,0
26.7188,-81.3348,302.6,1.2,1.1,2025-01-03,1503,Terra,MODIS,53,61.03,284.3,7.7,D,0
26.617,-80.5205,313.9,1.1,1.1,2025-01-03,1503,Terra,MODIS,74,61.03,283,16.4,D,0
26.6155,-80.5096,329.6,1.1,1.1,2025-01-03,1503,Terra,MODIS,86,61.03,284.4,35.1,D,0
26.4148,-81.1812,305.3,1.2,1.1,2025-01-03,1503,Terra,MODIS,61,61.03,279.6,11.3,D,0
34.0344,-97.0769,309.7,1.3,1.1,2025-01-03,1639,Terra,MODIS,52,61.03,283.2,17.6,D,0
34.474,-95.6697,340.6,1.5,1.2,2025-01-03,1639,Terra,MODIS,92,61.03,283.8,89.7,D,0
32.9852,-98.3154,300.2,1.2,1.1,2025-01-03,1639,Terra,MODIS,30,61.03,285.1,6.7,D,0
32.8615,-95.0471,301.8,1.8,1.3,2025-01-03,1639,Terra,MODIS,49,61.03,286.8,13.4,D,0
33.6967,-97.1585,312.3,1.3,1.1,2025-01-03,1639,Terra,MODIS,72,61.03,284.1,19.8,D,0
33.6991,-97.172,310.8,1.3,1.1,2025-01-03,1639,Terra,MODIS,71,61.03,283.9,18,D,0
30.2927,-91.2882,304.2,3.8,1.8,2025-01-03,1640,Terra,MODIS,55,61.03,288.5,40.9,D,0
31.0642,-92.3682,319,3,1.7,2025-01-03,1640,Terra,MODIS,79,61.03,288.3,88.5,D,0
31.3877,-101.1791,300.3,1,1,2025-01-03,1640,Terra,MODIS,33,61.03,288.7,3.4,D,0
30.2843,-91.2513,315.5,3.8,1.8,2025-01-03,1640,Terra,MODIS,66,61.03,288.7,96.2,D,0
32.3645,-101.8554,301.3,1,1,2025-01-03,1640,Terra,MODIS,46,61.03,287,4.3,D,0
26.5975,-80.9434,315.8,2.1,1.4,2025-01-03,2000,Aqua,MODIS,74,61.03,296.6,30.5,D,0
28.7939,-82.4219,322.2,1.8,1.3,2025-01-03,2000,Aqua,MODIS,81,61.03,292.3,43.2,D,0
26.7226,-81.3462,320.2,2,1.4,2025-01-03,2000,Aqua,MODIS,78,61.03,298,40.1,D,0
28.7957,-82.4044,327,1.8,1.3,2025-01-03,2000,Aqua,MODIS,85,61.03,291.3,55.5,D,0
28.7971,-82.4169,327.1,1.8,1.3,2025-01-03,2000,Aqua,MODIS,85,61.03,292,57.6,D,0
28.799,-82.3993,317.7,1.8,1.3,2025-01-03,2000,Aqua,MODIS,78,61.03,290.1,35.4,D,0
28.7857,-82.4154,305.7,1.8,1.3,2025-01-03,2000,Aqua,MODIS,42,61.03,291.4,14.1,D,0
28.6748,-82.0271,303.6,1.9,1.3,2025-01-03,2000,Aqua,MODIS,56,61.03,292.8,11.2,D,2
29.0026,-82.3123,310.5,1.8,1.3,2025-01-03,2000,Aqua,MODIS,70,61.03,292.1,21.4,D,0
28.9983,-82.3172,312.1,1.8,1.3,2025-01-03,2000,Aqua,MODIS,72,61.03,292.8,25.1,D,0
29.5286,-82.2898,300.5,1.8,1.3,2025-01-03,2000,Aqua,MODIS,39,61.03,289.6,10.2,D,0
26.7268,-81.3522,311.1,2,1.4,2025-01-03,2000,Aqua,MODIS,69,61.03,296.8,19,D,0
26.4318,-81.3856,314.1,1.9,1.4,2025-01-03,2000,Aqua,MODIS,73,61.03,289.8,28.6,D,0
31.8959,-83.6431,308,1.6,1.2,2025-01-03,2001,Aqua,MODIS,23,61.03,288,14.9,D,0
19.4177,-155.3035,311.6,1,1,2025-01-03,2001,Terra,MODIS,35,61.03,291.6,7,D,1
19.4164,-155.2937,321.6,1,1,2025-01-03,2001,Terra,MODIS,55,61.03,302.3,15.3,D,1
19.4151,-155.2842,417.6,1,1,2025-01-03,2001,Terra,MODIS,100,61.03,339.7,393.7,D,1
19.4138,-155.2746,375.7,1,1,2025-01-03,2001,Terra,MODIS,100,61.03,326.3,136.7,D,1
19.4087,-155.3048,329,1,1,2025-01-03,2001,Terra,MODIS,42,61.03,284.8,22,D,1
19.4074,-155.2951,458.5,1,1,2025-01-03,2001,Terra,MODIS,87,61.03,322.5,877.2,D,1
19.4061,-155.2856,500,1,1,2025-01-03,2001,Terra,MODIS,94,61.03,400.1,1706.5,D,1
19.4048,-155.2759,445.8,1,1,2025-01-03,2001,Terra,MODIS,100,61.03,337.6,693.1,D,1
19.3971,-155.2868,412.3,1,1,2025-01-03,2001,Terra,MODIS,94,61.03,313.6,345.1,D,1
19.3958,-155.2772,345.7,1,1,2025-01-03,2001,Terra,MODIS,94,61.03,303.6,46,D,1
29.7824,-82.5811,306.2,1.8,1.3,2025-01-03,2001,Aqua,MODIS,63,61.03,293.2,13.4,D,0
29.7919,-82.5892,305.2,1.8,1.3,2025-01-03,2001,Aqua,MODIS,56,61.03,293.2,11.4,D,0
30.1679,-82.2649,305,1.9,1.3,2025-01-03,2001,Aqua,MODIS,60,61.03,290.2,17,D,0
30.221,-84.7301,304,1.3,1.1,2025-01-03,2001,Aqua,MODIS,58,61.03,291.3,8.9,D,0
30.2195,-84.7434,302.3,1.3,1.1,2025-01-03,2001,Aqua,MODIS,52,61.03,290.7,7.2,D,0
30.3515,-84.1429,322.2,1.4,1.2,2025-01-03,2001,Aqua,MODIS,81,61.03,291.1,32.9,D,0
30.3582,-84.1509,347.3,1.4,1.2,2025-01-03,2001,Aqua,MODIS,95,61.03,292.6,92.4,D,0
30.479,-85.5606,321,1.2,1.1,2025-01-03,2001,Aqua,MODIS,81,61.03,292.4,23.9,D,0
30.6307,-84.4428,303.2,1.4,1.2,2025-01-03,2001,Aqua,MODIS,55,61.03,291.1,8.7,D,0
29.8179,-90.8111,307.2,1.1,1.1,2025-01-03,2001,Aqua,MODIS,55,61.03,294.1,6,D,0
29.8028,-90.9016,332.5,1.1,1.1,2025-01-03,2001,Aqua,MODIS,88,61.03,295.9,33.7,D,0
29.8271,-90.8131,307.8,1.1,1.1,2025-01-03,2001,Aqua,MODIS,51,61.03,294.8,6.8,D,0
29.8139,-90.8923,308,1.1,1.1,2025-01-03,2001,Aqua,MODIS,38,61.03,294.2,5.5,D,0
29.8121,-90.9037,322.1,1.1,1.1,2025-01-03,2001,Aqua,MODIS,81,61.03,294.8,19.9,D,0
30.4547,-86.778,301.8,1.1,1,2025-01-03,2001,Aqua,MODIS,40,61.03,291.1,4.6,D,0
30.4533,-86.7889,308,1.1,1,2025-01-03,2001,Aqua,MODIS,66,61.03,292.5,8.9,D,0
30.4623,-86.7905,302.8,1.1,1,2025-01-03,2001,Aqua,MODIS,19,61.03,292.5,4.8,D,0
29.8639,-90.9388,309.6,1.1,1.1,2025-01-03,2001,Aqua,MODIS,41,61.03,293.8,7.4,D,0
29.8705,-90.9339,311.6,1.1,1.1,2025-01-03,2001,Aqua,MODIS,70,61.03,293.9,10.4,D,0
29.8686,-90.9453,306.4,1.1,1.1,2025-01-03,2001,Aqua,MODIS,43,61.03,294.4,6,D,0
30.7504,-84.7272,311.3,1.3,1.1,2025-01-03,2001,Aqua,MODIS,71,61.03,289.5,16.2,D,0
30.7489,-84.7408,333.4,1.3,1.1,2025-01-03,2001,Aqua,MODIS,88,61.03,291.9,51.4,D,0
29.8798,-90.9359,325.2,1.1,1.1,2025-01-03,2001,Aqua,MODIS,84,61.03,293.9,25.5,D,0
29.7977,-91.4766,305.3,1.2,1.1,2025-01-03,2001,Aqua,MODIS,61,61.03,293.4,6,D,0
29.9971,-90.7348,305.9,1.1,1.1,2025-01-03,2001,Aqua,MODIS,59,61.03,294.1,6.6,D,0
29.9953,-90.7459,323.2,1.1,1.1,2025-01-03,2001,Aqua,MODIS,82,61.03,294.2,23.2,D,0
30.0024,-90.8757,325.8,1.1,1.1,2025-01-03,2001,Aqua,MODIS,84,61.03,295.8,26.4,D,0
31.0387,-83.2196,301,1.7,1.3,2025-01-03,2001,Aqua,MODIS,43,61.03,288.3,8.9,D,0
29.9867,-91.0854,319.5,1.2,1.1,2025-01-03,2001,Aqua,MODIS,79,61.03,294.5,18.4,D,0
29.8923,-91.6439,314.3,1.2,1.1,2025-01-03,2001,Aqua,MODIS,75,61.03,295.5,13.5,D,0
29.8902,-91.6562,314.4,1.2,1.1,2025-01-03,2001,Aqua,MODIS,75,61.03,295.5,13.6,D,0
30.0056,-91.0299,307.8,1.1,1.1,2025-01-03,2001,Aqua,MODIS,44,61.03,294.1,6,D,0
29.996,-91.0875,309.1,1.2,1.1,2025-01-03,2001,Aqua,MODIS,17,61.03,294.4,7.3,D,0
30.8028,-85.5709,309.8,1.2,1.1,2025-01-03,2001,Aqua,MODIS,69,61.03,290.7,12.4,D,0
29.8468,-92.0248,310.1,1.3,1.1,2025-01-03,2001,Aqua,MODIS,70,61.03,292.2,12.2,D,0
30.0242,-91.0341,311.9,1.1,1.1,2025-01-03,2001,Aqua,MODIS,72,61.03,294.9,10.1,D,0
30.0223,-91.0456,309.1,1.1,1.1,2025-01-03,2001,Aqua,MODIS,68,61.03,294.6,7.6,D,0
29.9546,-91.936,317.7,1.3,1.1,2025-01-03,2001,Aqua,MODIS,78,61.03,293.5,19.3,D,0
29.9752,-91.9474,304.8,1.3,1.1,2025-01-03,2001,Aqua,MODIS,46,61.03,293.2,5.3,D,0
30.5524,-88.4097,301.8,1,1,2025-01-03,2001,Aqua,MODIS,49,61.03,290.5,4.4,D,0
30.0208,-91.9186,307.7,1.3,1.1,2025-01-03,2001,Aqua,MODIS,66,61.03,294,8.3,D,0
30.0053,-92.0074,304.5,1.3,1.1,2025-01-03,2001,Aqua,MODIS,59,61.03,293.1,5.4,D,0
30.1865,-91.0589,313.8,1.1,1.1,2025-01-03,2001,Aqua,MODIS,74,61.03,294.6,13.4,D,0
30.1846,-91.0703,305.1,1.1,1.1,2025-01-03,2001,Aqua,MODIS,34,61.03,295,6,D,0
31.1383,-84.2889,302.5,1.4,1.2,2025-01-03,2001,Aqua,MODIS,52,61.03,289.9,8.1,D,0
31.1366,-84.3035,301.5,1.4,1.2,2025-01-03,2001,Aqua,MODIS,47,61.03,290.2,7.1,D,0
30.9332,-85.9982,311.4,1.2,1.1,2025-01-03,2001,Aqua,MODIS,66,61.03,289.2,12.3,D,0
30.9317,-86.01,322.8,1.2,1.1,2025-01-03,2001,Aqua,MODIS,82,61.03,289.6,24.8,D,0
30.7282,-87.5485,320.8,1,1,2025-01-03,2001,Aqua,MODIS,80,61.03,290.2,20,D,0
30.082,-91.7382,305.9,1.2,1.1,2025-01-03,2001,Aqua,MODIS,62,61.03,294.5,6,D,0
31.0062,-85.4906,304.5,1.2,1.1,2025-01-03,2001,Aqua,MODIS,59,61.03,289.7,7.9,D,0
31.0047,-85.5031,320.5,1.2,1.1,2025-01-03,2001,Aqua,MODIS,80,61.03,291.3,24.5,D,0
30.9411,-86.0116,316.2,1.2,1.1,2025-01-03,2001,Aqua,MODIS,67,61.03,289.7,16.4,D,0
30.0131,-92.1973,310,1.3,1.1,2025-01-03,2001,Aqua,MODIS,69,61.03,293,12,D,0
30.0108,-92.2104,306.1,1.3,1.1,2025-01-03,2001,Aqua,MODIS,63,61.03,292.9,8.1,D,0
31.078,-85.4054,323.1,1.2,1.1,2025-01-03,2001,Aqua,MODIS,82,61.03,291.3,28.4,D,0
30.7771,-88.4452,304.1,1,1,2025-01-03,2001,Aqua,MODIS,58,61.03,290.6,6,D,0
31.2908,-84.6458,303.5,1.4,1.2,2025-01-03,2001,Aqua,MODIS,56,61.03,289.4,8.6,D,0
31.2892,-84.6599,304,1.4,1.2,2025-01-03,2001,Aqua,MODIS,58,61.03,289.7,9.2,D,0
30.9399,-88.01,303.5,1,1,2025-01-03,2001,Aqua,MODIS,56,61.03,291,5.9,D,2
30.9385,-88.0203,302.3,1,1,2025-01-03,2001,Aqua,MODIS,52,61.03,291.4,5.1,D,0
30.4987,-91.2976,311.9,1.2,1.1,2025-01-03,2001,Aqua,MODIS,68,61.03,293.3,11.7,D,0
30.3744,-92.1987,306.5,1.3,1.1,2025-01-03,2001,Aqua,MODIS,64,61.03,293.2,8.2,D,0
30.3722,-92.2116,304.3,1.3,1.1,2025-01-03,2001,Aqua,MODIS,58,61.03,292.5,6.8,D,0
31.2997,-86.1578,304.3,1.1,1.1,2025-01-03,2001,Aqua,MODIS,59,61.03,289.5,7.1,D,0
30.5061,-91.5447,307.2,1.2,1.1,2025-01-03,2001,Aqua,MODIS,65,61.03,293.6,7.6,D,0
31.2763,-86.385,301.4,1.1,1.1,2025-01-03,2001,Aqua,MODIS,47,61.03,289,5.8,D,0
30.5607,-91.3051,313.8,1.2,1.1,2025-01-03,2001,Aqua,MODIS,70,61.03,292,13.9,D,0
30.5587,-91.3167,316.3,1.2,1.1,2025-01-03,2001,Aqua,MODIS,77,61.03,293.7,16.4,D,0
31.1356,-87.6016,315.4,1,1,2025-01-03,2001,Aqua,MODIS,76,61.03,290.6,14.8,D,0
31.1342,-87.612,307,1,1,2025-01-03,2001,Aqua,MODIS,65,61.03,290.2,8.4,D,0
30.5521,-91.4127,303.1,1.2,1.1,2025-01-03,2001,Aqua,MODIS,55,61.03,292.7,4.6,D,0
30.5501,-91.4244,318.1,1.2,1.1,2025-01-03,2001,Aqua,MODIS,78,61.03,293.4,18.5,D,0
31.7962,-81.8411,301.2,2.1,1.4,2025-01-03,2001,Aqua,MODIS,45,61.03,287,15.1,D,0
30.9227,-89.1518,336.4,1,1,2025-01-03,2001,Aqua,MODIS,90,61.03,290.4,38.5,D,0
30.9212,-89.162,309.9,1,1,2025-01-03,2001,Aqua,MODIS,69,61.03,290.3,9.7,D,0
31.6985,-82.9971,300.8,1.8,1.3,2025-01-03,2001,Aqua,MODIS,42,61.03,287.3,10,D,0
31.6967,-83.0153,345.1,1.8,1.3,2025-01-03,2001,Aqua,MODIS,94,61.03,289.5,121.2,D,0
31.2773,-86.9585,302.8,1.1,1,2025-01-03,2001,Aqua,MODIS,51,61.03,289.7,6.3,D,0
31.1457,-87.9877,305.6,1,1,2025-01-03,2001,Aqua,MODIS,62,61.03,292.1,7.3,D,2
31.5459,-85.0746,307.1,1.3,1.1,2025-01-03,2001,Aqua,MODIS,65,61.03,288.5,11.3,D,0
31.5904,-84.7747,300.9,1.4,1.2,2025-01-03,2001,Aqua,MODIS,43,61.03,288.3,6.9,D,0
31.5559,-85.0762,312.3,1.3,1.1,2025-01-03,2001,Aqua,MODIS,72,61.03,288.4,17,D,0
31.3984,-86.3778,314.8,1.1,1.1,2025-01-03,2001,Aqua,MODIS,75,61.03,288.5,16.6,D,0
30.6791,-91.3874,305,1.2,1.1,2025-01-03,2001,Aqua,MODIS,60,61.03,293.5,6.2,D,0
31.9653,-81.5514,304.2,2.2,1.4,2025-01-03,2001,Aqua,MODIS,22,61.03,286.6,19.9,D,0
31.8825,-82.5506,311.5,1.9,1.3,2025-01-03,2001,Aqua,MODIS,71,61.03,288.3,27.9,D,0
31.8806,-82.5701,316.1,1.9,1.3,2025-01-03,2001,Aqua,MODIS,76,61.03,288.4,36.8,D,0
30.6889,-91.5618,324.2,1.2,1.1,2025-01-03,2001,Aqua,MODIS,83,61.03,293.7,24.5,D,0
31.2788,-87.7695,312.2,1,1,2025-01-03,2001,Aqua,MODIS,68,61.03,289.3,12.4,D,0
30.694,-91.5559,314.3,1.2,1.1,2025-01-03,2001,Aqua,MODIS,75,61.03,293.4,13.8,D,0
30.692,-91.5678,309.9,1.2,1.1,2025-01-03,2001,Aqua,MODIS,69,61.03,293.4,9.7,D,0
31.8877,-82.5566,324.6,1.9,1.3,2025-01-03,2001,Aqua,MODIS,83,61.03,288.5,59.4,D,0
31.8859,-82.5761,310,1.9,1.3,2025-01-03,2001,Aqua,MODIS,69,61.03,288.2,25.8,D,0
31.4226,-87.042,301.2,1.1,1,2025-01-03,2001,Aqua,MODIS,45,61.03,288.6,5.3,D,0
31.2184,-88.5204,318.3,1,1,2025-01-03,2001,Aqua,MODIS,78,61.03,289.9,16.7,D,0
31.2169,-88.5306,309.6,1,1,2025-01-03,2001,Aqua,MODIS,69,61.03,290.1,9.8,D,0
31.8971,-83.2898,333,1.7,1.3,2025-01-03,2001,Aqua,MODIS,88,61.03,288.7,73.9,D,0
31.4425,-87.1016,335.2,1.1,1,2025-01-03,2001,Aqua,MODIS,89,61.03,290.2,39.4,D,0
31.4515,-87.1032,372,1.1,1,2025-01-03,2001,Aqua,MODIS,100,61.03,292.7,135.6,D,0
31.45,-87.1141,320.7,1.1,1,2025-01-03,2001,Aqua,MODIS,80,61.03,288.3,20.9,D,0
31.8987,-83.2793,309.9,1.7,1.3,2025-01-03,2001,Aqua,MODIS,69,61.03,287.2,22.5,D,0
31.8969,-83.2967,325.8,1.7,1.3,2025-01-03,2001,Aqua,MODIS,84,61.03,288.7,53.7,D,0
31.8477,-83.9972,328.4,1.5,1.2,2025-01-03,2001,Aqua,MODIS,86,61.03,288.1,51.1,D,0
31.8461,-84.013,352.3,1.5,1.2,2025-01-03,2001,Aqua,MODIS,97,61.03,291.7,125.7,D,0
31.6727,-85.8033,302.2,1.2,1.1,2025-01-03,2001,Aqua,MODIS,48,61.03,288,7.2,D,0
30.8311,-91.8205,315.4,1.2,1.1,2025-01-03,2001,Aqua,MODIS,52,61.03,292.3,16.1,D,0
30.8334,-91.8264,314,1.2,1.1,2025-01-03,2001,Aqua,MODIS,46,61.03,292.4,14.2,D,0
31.7862,-85.2806,303.3,1.3,1.1,2025-01-03,2001,Aqua,MODIS,28,61.03,288.3,7.9,D,0
31.7846,-85.294,304.4,1.3,1.1,2025-01-03,2001,Aqua,MODIS,30,61.03,289.6,8.7,D,0
31.7961,-85.2822,302.5,1.3,1.1,2025-01-03,2001,Aqua,MODIS,37,61.03,287.9,7.5,D,0
31.7945,-85.2955,310,1.3,1.1,2025-01-03,2001,Aqua,MODIS,69,61.03,288.5,14.3,D,0
32.0771,-82.7318,328.7,1.9,1.3,2025-01-03,2001,Aqua,MODIS,86,61.03,289.2,70.1,D,0
30.8985,-91.6776,303.4,1.2,1.1,2025-01-03,2001,Aqua,MODIS,42,61.03,291.8,5.9,D,0
30.8965,-91.6897,316.6,1.2,1.1,2025-01-03,2001,Aqua,MODIS,73,61.03,292.7,16.9,D,0
30.9018,-91.716,314.7,1.2,1.1,2025-01-03,2001,Aqua,MODIS,75,61.03,292.5,14.8,D,0
30.8998,-91.7281,310.9,1.2,1.1,2025-01-03,2001,Aqua,MODIS,71,61.03,293.2,12,D,0
30.0261,-96.5895,302.8,2.5,1.5,2025-01-03,2001,Aqua,MODIS,52,61.03,291.2,12,D,0
30.0213,-96.5953,302.2,2.5,1.5,2025-01-03,2001,Aqua,MODIS,49,61.03,291.5,11.7,D,0
32.1416,-83.015,300.6,1.8,1.3,2025-01-03,2001,Aqua,MODIS,39,61.03,287.1,11.1,D,0
32.1225,-83.3231,318.7,1.7,1.3,2025-01-03,2001,Aqua,MODIS,79,61.03,287.8,38,D,0
32.1207,-83.3406,305.7,1.7,1.3,2025-01-03,2001,Aqua,MODIS,62,61.03,287.7,16.3,D,0
32.2484,-82.1483,301.5,2,1.4,2025-01-03,2001,Aqua,MODIS,47,61.03,286.6,13.4,D,0
32.2465,-82.1694,311.1,2,1.4,2025-01-03,2001,Aqua,MODIS,71,61.03,287.2,30.5,D,0
32.1338,-83.3247,304.5,1.7,1.3,2025-01-03,2001,Aqua,MODIS,17,61.03,287.2,12.8,D,0
32.2587,-82.1709,308.6,2,1.4,2025-01-03,2001,Aqua,MODIS,67,61.03,287,24.7,D,0
32.0619,-84.4014,302.7,1.4,1.2,2025-01-03,2001,Aqua,MODIS,53,61.03,287.4,9.1,D,0
31.7625,-86.9021,318.5,1.1,1,2025-01-03,2001,Aqua,MODIS,79,61.03,288.7,19.7,D,0
32.0665,-84.4077,307.4,1.4,1.2,2025-01-03,2001,Aqua,MODIS,65,61.03,287.5,14.8,D,0
31.7824,-87.1771,320.5,1.1,1,2025-01-03,2001,Aqua,MODIS,80,61.03,289.7,20.2,D,0
31.781,-87.188,308,1.1,1,2025-01-03,2001,Aqua,MODIS,66,61.03,288.6,9.5,D,0
31.7795,-87.1989,315.4,1.1,1,2025-01-03,2001,Aqua,MODIS,76,61.03,288.2,14.7,D,0
31.5379,-89.0511,319.7,1,1,2025-01-03,2001,Aqua,MODIS,80,61.03,288.9,17.8,D,0
31.6389,-88.4172,376.6,1,1,2025-01-03,2001,Aqua,MODIS,100,61.03,293.5,141.7,D,0
31.6374,-88.4275,325.2,1,1,2025-01-03,2001,Aqua,MODIS,84,61.03,289.3,24,D,0
31.5467,-89.0528,315.4,1,1,2025-01-03,2001,Aqua,MODIS,76,61.03,288.7,13.8,D,0
32.3756,-82.4711,306.2,2,1.4,2025-01-03,2001,Aqua,MODIS,63,61.03,287,21.7,D,0
32.1007,-85.7266,307.2,1.2,1.1,2025-01-03,2001,Aqua,MODIS,43,61.03,287.1,10.4,D,0
32.1104,-85.7282,318.7,1.2,1.1,2025-01-03,2001,Aqua,MODIS,79,61.03,287.7,23.3,D,0
32.1089,-85.7409,305,1.2,1.1,2025-01-03,2001,Aqua,MODIS,60,61.03,287.1,9.2,D,0
32.512,-81.9581,334.3,2.1,1.4,2025-01-03,2001,Aqua,MODIS,89,61.03,288,106.8,D,0
30.8728,-93.832,304.5,1.6,1.2,2025-01-03,2001,Aqua,MODIS,59,61.03,290.8,11.6,D,0
31.9864,-86.9547,332.1,1.1,1,2025-01-03,2001,Aqua,MODIS,88,61.03,289,36.8,D,0
31.6772,-89.1763,303.3,1,1,2025-01-03,2001,Aqua,MODIS,56,61.03,289.1,5.5,D,0
31.9956,-86.9563,350.3,1.1,1,2025-01-03,2001,Aqua,MODIS,96,61.03,290.1,72.5,D,0
32.5827,-81.7385,309.1,2.2,1.4,2025-01-03,2001,Aqua,MODIS,68,61.03,286.4,32.6,D,0
32.5857,-81.7232,304.6,2.2,1.4,2025-01-03,2001,Aqua,MODIS,59,61.03,286.9,21.5,D,0
32.5838,-81.7462,301.2,2.2,1.4,2025-01-03,2001,Aqua,MODIS,36,61.03,285.9,15.3,D,0
32.5718,-82.447,304.1,2,1.4,2025-01-03,2001,Aqua,MODIS,58,61.03,286.7,18.9,D,0
32.5699,-82.4674,322.4,2,1.4,2025-01-03,2001,Aqua,MODIS,82,61.03,287.5,58,D,0
32.5566,-82.6091,305.3,1.9,1.4,2025-01-03,2001,Aqua,MODIS,61,61.03,287.3,20,D,0
31.2466,-92.4143,303,1.3,1.1,2025-01-03,2001,Aqua,MODIS,38,61.03,291.6,5.7,D,0
31.2564,-92.4167,306,1.3,1.1,2025-01-03,2001,Aqua,MODIS,62,61.03,290.6,8.2,D,0
31.9362,-88.3516,319.7,1,1,2025-01-03,2001,Aqua,MODIS,80,61.03,288.9,18.8,D,0
31.9347,-88.362,328.4,1,1,2025-01-03,2001,Aqua,MODIS,86,61.03,290.2,28.2,D,0
31.9537,-88.5465,319.3,1,1,2025-01-03,2001,Aqua,MODIS,79,61.03,288.9,18.3,D,0
32.2413,-87.1228,334.3,1.1,1,2025-01-03,2001,Aqua,MODIS,89,61.03,288.6,38.3,D,0
32.2398,-87.1339,324.2,1.1,1,2025-01-03,2001,Aqua,MODIS,72,61.03,288.3,24,D,0
32.2504,-87.1245,313.7,1.1,1,2025-01-03,2001,Aqua,MODIS,44,61.03,288,12.9,D,0
32.0975,-88.2511,306.8,1,1,2025-01-03,2001,Aqua,MODIS,64,61.03,288.5,8.3,D,0
32.096,-88.2615,317.4,1,1,2025-01-03,2001,Aqua,MODIS,78,61.03,289.3,16.7,D,0
32.6134,-84.4203,316.1,1.5,1.2,2025-01-03,2001,Aqua,MODIS,76,61.03,287,27.9,D,0
31.2954,-93.8662,303.4,1.6,1.2,2025-01-03,2001,Aqua,MODIS,50,61.03,290.7,9.6,D,0
31.306,-93.8691,312.5,1.6,1.2,2025-01-03,2001,Aqua,MODIS,73,61.03,290.7,21.6,D,0
31.3015,-93.8582,304.7,1.5,1.2,2025-01-03,2001,Aqua,MODIS,60,61.03,290.7,11.4,D,0
31.2985,-93.8738,312.7,1.6,1.2,2025-01-03,2001,Aqua,MODIS,73,61.03,291,21.9,D,0
32.6414,-85.2845,300.3,1.3,1.1,2025-01-03,2001,Aqua,MODIS,33,61.03,286,7.6,D,0
32.7742,-84.5756,325.6,1.4,1.2,2025-01-03,2001,Aqua,MODIS,84,61.03,287.6,41.1,D,0
32.7725,-84.5906,316.7,1.4,1.2,2025-01-03,2001,Aqua,MODIS,77,61.03,287.2,26.1,D,0
32.7685,-84.5804,327,1.4,1.2,2025-01-03,2001,Aqua,MODIS,85,61.03,289.1,43.9,D,0
32.7575,-85.1539,311.8,1.3,1.1,2025-01-03,2001,Aqua,MODIS,62,61.03,286.8,19.1,D,0
32.7692,-85.1415,330.5,1.3,1.1,2025-01-03,2001,Aqua,MODIS,76,61.03,287.3,46.9,D,0
32.7676,-85.1555,325.7,1.3,1.1,2025-01-03,2001,Aqua,MODIS,79,61.03,287.3,37.9,D,0
33.0726,-82.7958,307.5,1.9,1.3,2025-01-03,2001,Aqua,MODIS,62,61.03,286.3,24,D,0
33.0286,-83.6028,309.3,1.7,1.3,2025-01-03,2001,Aqua,MODIS,68,61.03,286.3,22.8,D,0
33.2614,-82.1238,300.8,2.1,1.4,2025-01-03,2001,Aqua,MODIS,36,61.03,285.8,15.5,D,0
33.12,-84.4667,309.9,1.5,1.2,2025-01-03,2001,Aqua,MODIS,69,61.03,285.9,19.9,D,0
33.1183,-84.4822,310.9,1.5,1.2,2025-01-03,2001,Aqua,MODIS,71,61.03,286,21,D,0
32.1466,-91.8197,308.9,1.2,1.1,2025-01-03,2001,Aqua,MODIS,68,61.03,289.3,11.2,D,0
32.1445,-91.8316,307.1,1.2,1.1,2025-01-03,2001,Aqua,MODIS,65,61.03,289,9.7,D,0
30.5379,-99.8137,302.5,4.1,1.9,2025-01-03,2001,Aqua,MODIS,49,61.03,291.6,28.6,D,0
33.3394,-83.2224,309.7,1.8,1.3,2025-01-03,2001,Aqua,MODIS,69,61.03,285.6,25.4,D,0
33.3375,-83.2412,338.2,1.8,1.3,2025-01-03,2001,Aqua,MODIS,91,61.03,287,98.9,D,0
32.0785,-92.6172,308.8,1.3,1.1,2025-01-03,2001,Aqua,MODIS,68,61.03,288.6,13.5,D,0
32.0762,-92.6301,317.2,1.3,1.1,2025-01-03,2001,Aqua,MODIS,77,61.03,288.6,22.9,D,0
31.8936,-93.8061,309.7,1.5,1.2,2025-01-03,2001,Aqua,MODIS,69,61.03,290.1,18,D,0
32.6749,-94.53,301.3,1.6,1.2,2025-01-03,2002,Aqua,MODIS,46,61.03,289.1,9.2,D,0
33.544,-89.3851,305.5,1,1,2025-01-03,2002,Aqua,MODIS,51,61.03,285.4,7.5,D,0
33.5527,-89.3869,302.1,1,1,2025-01-03,2002,Aqua,MODIS,51,61.03,285.7,5.9,D,0
33.5512,-89.3974,304.7,1,1,2025-01-03,2002,Aqua,MODIS,60,61.03,286.2,7.4,D,0
34.3011,-84.4177,301.3,1.6,1.2,2025-01-03,2002,Aqua,MODIS,46,61.03,282.1,12.8,D,0
32.8547,-95.0606,324.8,1.7,1.3,2025-01-03,2002,Aqua,MODIS,83,61.03,291.2,47.5,D,0
32.8567,-95.0476,310.5,1.7,1.3,2025-01-03,2002,Aqua,MODIS,70,61.03,290.1,21.3,D,0
32.8532,-95.0651,317,1.7,1.3,2025-01-03,2002,Aqua,MODIS,77,61.03,291,32.6,D,0
33.9111,-89.1339,303.1,1,1,2025-01-03,2002,Aqua,MODIS,55,61.03,285.5,6.9,D,0
34.136,-88.1162,303.3,1,1,2025-01-03,2002,Aqua,MODIS,55,61.03,284.4,8,D,0
34.2605,-88.2208,303.3,1,1,2025-01-03,2002,Aqua,MODIS,55,61.03,283.9,8.1,D,0
33.1227,-96.0744,302,2,1.4,2025-01-03,2002,Aqua,MODIS,50,61.03,289.3,11.3,D,0
33.1278,-96.083,301.1,2,1.4,2025-01-03,2002,Aqua,MODIS,44,61.03,289.3,10.8,D,0
33.9087,-92.7956,301.5,1.2,1.1,2025-01-03,2002,Aqua,MODIS,47,61.03,286.2,8.1,D,0
34.9101,-86.5196,303.3,1.2,1.1,2025-01-03,2002,Aqua,MODIS,55,61.03,280.7,10,D,0
33.289,-98.4981,302.5,2.8,1.6,2025-01-03,2002,Aqua,MODIS,49,61.03,287.4,18.2,D,0
34.476,-95.6739,308.1,1.7,1.3,2025-01-03,2002,Aqua,MODIS,67,61.03,286.6,22.4,D,0
35.5002,-91.4926,300.8,1,1,2025-01-03,2002,Aqua,MODIS,42,61.03,281.9,7,D,0
34.682,-98.2831,332.5,2.5,1.5,2025-01-03,2002,Aqua,MODIS,88,61.03,288.7,122.3,D,0
34.6763,-98.3089,325.8,2.5,1.5,2025-01-03,2002,Aqua,MODIS,84,61.03,289.8,91.4,D,0
34.695,-98.2875,302,2.5,1.5,2025-01-03,2002,Aqua,MODIS,50,61.03,287.1,18.8,D,0
34.6894,-98.3131,301.8,2.5,1.5,2025-01-03,2002,Aqua,MODIS,49,61.03,287.4,18.5,D,0
34.6906,-98.293,314.2,2.5,1.5,2025-01-03,2002,Aqua,MODIS,75,61.03,287.5,48.6,D,0
34.6848,-98.3187,301.4,2.5,1.5,2025-01-03,2002,Aqua,MODIS,31,61.03,288.3,16.6,D,0
32.8286,-89.8354,300,1,1,2025-01-03,2002,Aqua,MODIS,22,61.03,287.4,5,D,0
33.7443,-83.0491,303.7,1.9,1.3,2025-01-03,2002,Aqua,MODIS,54,61.03,284.1,18.7,D,0
33.7423,-83.0688,316.8,1.9,1.3,2025-01-03,2002,Aqua,MODIS,77,61.03,284.9,42,D,0
33.7401,-83.0557,315.4,1.9,1.3,2025-01-03,2002,Aqua,MODIS,75,61.03,284.9,36.1,D,0
33.3627,-86.8379,303.3,1.1,1.1,2025-01-03,2002,Aqua,MODIS,56,61.03,286.3,7.5,D,0
32.2442,-93.9859,303.9,1.5,1.2,2025-01-03,2002,Aqua,MODIS,57,61.03,289.3,10.9,D,0
34.0294,-80.8794,331.2,2.6,1.6,2025-01-03,2002,Aqua,MODIS,87,61.03,285.1,132.8,D,0
32.8178,-89.8382,300.6,1,1,2025-01-03,2002,Aqua,MODIS,39,61.03,287.8,5.1,D,0
34.0272,-80.907,318.4,2.6,1.6,2025-01-03,2002,Aqua,MODIS,78,61.03,285,73.9,D,0
34.0211,-80.8838,304,2.6,1.6,2025-01-03,2002,Aqua,MODIS,53,61.03,284.4,29.3,D,0
34.0349,-80.8849,328.8,2.6,1.6,2025-01-03,2002,Aqua,MODIS,86,61.03,284.2,118.5,D,0
34.0329,-80.9125,307.5,2.6,1.6,2025-01-03,2002,Aqua,MODIS,65,61.03,284.3,37.3,D,0
33.1719,-89.3187,306.3,1,1,2025-01-03,2002,Aqua,MODIS,63,61.03,285.7,8.9,D,0
33.1704,-89.3291,339,1,1,2025-01-03,2002,Aqua,MODIS,91,61.03,287.6,43.8,D,0
33.2007,-89.2025,301.9,1,1,2025-01-03,2002,Aqua,MODIS,49,61.03,285.5,6.4,D,0
33.2411,-89.2969,317.9,1,1,2025-01-03,2002,Aqua,MODIS,78,61.03,286.1,17.7,D,0
33.2396,-89.3073,341,1,1,2025-01-03,2002,Aqua,MODIS,92,61.03,289,47.1,D,0
33.3002,-89.3363,305.9,1,1,2025-01-03,2002,Aqua,MODIS,62,61.03,285.6,8.7,D,0
37.2568,-94.7111,317.8,1.3,1.1,2025-01-03,2003,Aqua,MODIS,78,61.03,280.7,27.5,D,0
39.1004,-92.0893,301.7,1,1,2025-01-03,2003,Aqua,MODIS,49,61.03,275,8.4,D,0
39.0986,-92.1007,302.5,1,1,2025-01-03,2003,Aqua,MODIS,52,61.03,275.4,8.9,D,0
35.9696,-94.8263,304.1,1.4,1.2,2025-01-03,2003,Aqua,MODIS,58,61.03,282.6,13.3,D,0
37.0636,-92.7315,302.4,1.1,1,2025-01-03,2003,Aqua,MODIS,52,61.03,275.5,9.6,D,0
34.3506,-111.0646,330.1,1.2,1.1,2025-01-03,2140,Aqua,MODIS,75,61.03,272,39.9,D,0
34.352,-111.0531,326,1.2,1.1,2025-01-03,2140,Aqua,MODIS,80,61.03,271.3,33.8,D,0
35.6354,-120.3816,301.1,1.6,1.3,2025-01-03,2141,Aqua,MODIS,40,61.03,288.5,6.9,D,0
34.3616,-111.0545,314.5,1.2,1.1,2025-01-03,2141,Aqua,MODIS,75,61.03,271.3,21.5,D,0
34.3602,-111.0662,323.9,1.2,1.1,2025-01-03,2141,Aqua,MODIS,83,61.03,272.9,33,D,0
19.4035,-155.2658,324,1.6,1.2,2025-01-04,0054,Aqua,MODIS,37,61.03,292.6,32.6,D,1
29.4443,-97.0889,302.3,1,1,2025-01-04,0338,Terra,MODIS,48,61.03,285.7,7.6,N,0
29.4405,-96.9917,306.4,1,1,2025-01-04,0338,Terra,MODIS,68,61.03,285.9,9.9,N,0
34.3498,-111.0577,311.1,3.6,1.8,2025-01-04,0518,Terra,MODIS,82,61.03,280.4,94.4,N,0
34.3527,-111.0829,302.8,3.5,1.8,2025-01-04,0518,Terra,MODIS,52,61.03,277.1,57,N,0
34.3655,-111.0587,314.8,3.6,1.8,2025-01-04,0518,Terra,MODIS,90,61.03,280.3,111.6,N,0
34.3544,-111.053,319.1,3.6,1.8,2025-01-04,0518,Terra,MODIS,98,61.03,281.2,132.9,N,0
39.4836,-121.2403,300.3,1.1,1,2025-01-04,0520,Terra,MODIS,24,61.03,275.7,9.7,N,0
34.3719,-111.0477,301.3,2.4,1.5,2025-01-04,0942,Aqua,MODIS,40,61.03,279,30.9,N,0
34.3603,-111.0548,312.8,2.4,1.5,2025-01-04,0942,Aqua,MODIS,86,61.03,278.8,57.7,N,0
19.4023,-155.2943,337.4,1,1,2025-01-04,1303,Aqua,MODIS,100,61.03,286.1,41.8,N,1
19.4111,-155.2929,337.5,1,1,2025-01-04,1303,Aqua,MODIS,100,61.03,286.3,41.8,N,1
19.417,-155.2725,318.7,1,1,2025-01-04,1303,Aqua,MODIS,85,61.03,291.2,18.6,N,1
19.4185,-155.2819,308.4,1,1,2025-01-04,1303,Aqua,MODIS,63,61.03,283.6,10.5,N,1
19.4199,-155.2914,307.9,1,1,2025-01-04,1303,Aqua,MODIS,73,61.03,283.4,11.3,N,1
19.3994,-155.2755,326.3,1,1,2025-01-04,1303,Aqua,MODIS,94,61.03,286.7,25.7,N,1
19.4008,-155.2849,379.8,1,1,2025-01-04,1303,Aqua,MODIS,100,61.03,297.5,157.6,N,1
19.4096,-155.2834,369.3,1,1,2025-01-04,1303,Aqua,MODIS,100,61.03,299.9,117.7,N,1
19.4082,-155.274,346.3,1,1,2025-01-04,1303,Aqua,MODIS,100,61.03,297,56.8,N,1
34.6351,-87.0796,302.7,1,1,2025-01-04,1540,Terra,MODIS,53,61.03,278.5,8.6,D,2
34.3058,-84.4174,301.4,1.1,1,2025-01-04,1540,Terra,MODIS,47,61.03,276.3,9.2,D,0
34.883,-81.3648,310.9,1.4,1.2,2025-01-04,1540,Terra,MODIS,71,61.03,276,24.9,D,0
31.5711,-82.934,300.9,1.3,1.2,2025-01-04,1541,Terra,MODIS,43,61.03,282.8,9.9,D,0
33.6167,-88.5802,319.3,1.1,1,2025-01-04,1541,Terra,MODIS,79,61.03,280,23.2,D,0
33.4394,-88.5712,303.4,1.1,1,2025-01-04,1541,Terra,MODIS,56,61.03,280.2,9.7,D,2
32.7206,-86.5973,303.9,1,1,2025-01-04,1541,Terra,MODIS,57,61.03,279.9,8.7,D,0
32.0054,-82.5221,308,1.4,1.2,2025-01-04,1541,Terra,MODIS,66,61.03,282,17.9,D,0
32.1195,-84.2149,300.4,1.1,1.1,2025-01-04,1541,Terra,MODIS,36,61.03,280.2,7.7,D,0
31.8677,-84.6702,321.6,1.1,1,2025-01-04,1541,Terra,MODIS,81,61.03,281.3,26,D,0
31.8659,-84.6589,305.1,1.1,1,2025-01-04,1541,Terra,MODIS,61,61.03,280.9,10.9,D,0
30.5255,-83.4552,307,1.3,1.1,2025-01-04,1541,Terra,MODIS,65,61.03,284,14.7,D,0
29.6315,-82.5718,330.5,1.5,1.2,2025-01-04,1542,Terra,MODIS,87,61.03,287.7,57.1,D,0
29.6284,-82.579,326.1,1.5,1.2,2025-01-04,1542,Terra,MODIS,84,61.03,287.2,48.3,D,0
29.6257,-82.5637,308.8,1.5,1.2,2025-01-04,1542,Terra,MODIS,68,61.03,286.6,19.2,D,0
29.3358,-82.3019,306.9,1.6,1.3,2025-01-04,1542,Terra,MODIS,64,61.03,286.1,18.8,D,0
26.6585,-80.556,301,2.5,1.5,2025-01-04,1542,Terra,MODIS,25,61.03,290.1,12.8,D,0
26.6724,-80.5705,303.5,2.4,1.5,2025-01-04,1542,Terra,MODIS,56,61.03,290.9,19.3,D,0
30.1917,-91.7313,307.4,1.4,1.2,2025-01-04,1542,Terra,MODIS,65,61.03,287.3,14.5,D,0
30.3867,-91.2974,300,1.4,1.2,2025-01-04,1542,Terra,MODIS,22,61.03,286.5,7.1,D,0
34.3436,-111.0533,312.2,1,1,2025-01-04,1719,Terra,MODIS,33,61.03,281,12.3,D,0
33.4185,-110.8625,330,1,1,2025-01-04,1719,Terra,MODIS,87,61.03,289.4,29.1,D,2
33.4169,-110.852,306.3,1,1,2025-01-04,1719,Terra,MODIS,63,61.03,287.7,7.3,D,2
31.5015,-102.6355,310.3,2.9,1.6,2025-01-04,1719,Terra,MODIS,70,61.03,282.9,48.2,D,0
34.3523,-111.0515,313.1,1,1,2025-01-04,1719,Terra,MODIS,37,61.03,280.8,12.8,D,0
34.3538,-111.0621,332.7,1,1,2025-01-04,1719,Terra,MODIS,88,61.03,283.2,33.6,D,0
34.361,-111.0497,328.3,1,1,2025-01-04,1719,Terra,MODIS,66,61.03,280.3,27.3,D,0
34.3625,-111.0603,345.2,1,1,2025-01-04,1719,Terra,MODIS,94,61.03,284.7,53.7,D,0
31.4979,-102.6434,308.7,2.9,1.6,2025-01-04,1720,Terra,MODIS,67,61.03,279.9,42.8,D,0
19.4075,-155.3031,344.9,3.1,1.7,2025-01-04,2040,Terra,MODIS,93,61.03,293.9,259.6,D,1
19.4165,-155.2712,319.7,3.2,1.7,2025-01-04,2040,Terra,MODIS,50,61.03,292.1,86.9,D,1
27.4685,-97.8218,317.3,1,1,2025-01-04,2040,Aqua,MODIS,29,61.03,296.7,10.5,D,0
27.4787,-97.8136,323,1,1,2025-01-04,2040,Aqua,MODIS,79,61.03,295.6,15.8,D,0
27.4773,-97.8234,343.9,1,1,2025-01-04,2040,Aqua,MODIS,88,61.03,296,45.2,D,0
31.2134,-88.5184,303.4,3.5,1.8,2025-01-04,2040,Aqua,MODIS,56,61.03,286.8,42.1,D,0
19.4019,-155.2743,354.5,3.2,1.7,2025-01-04,2040,Terra,MODIS,92,61.03,298.7,371,D,1
32.0144,-96.4694,314.2,1.1,1.1,2025-01-04,2041,Aqua,MODIS,74,61.03,290.4,13.5,D,0
32.5902,-96.1215,301.6,1.2,1.1,2025-01-04,2041,Aqua,MODIS,35,61.03,287,4.7,D,0
34.3082,-84.4193,305.1,1.1,1,2025-01-05,0241,Terra,MODIS,63,61.03,270.1,13.7,N,0
34.3524,-111.0537,310.2,1.3,1.1,2025-01-05,0420,Terra,MODIS,27,61.03,275.6,19.7,N,0
34.3497,-111.0697,317.5,1.3,1.1,2025-01-05,0420,Terra,MODIS,62,61.03,276.9,28.8,N,0
34.3622,-111.0569,326.1,1.3,1.1,2025-01-05,0420,Terra,MODIS,74,61.03,277.7,41.1,N,0
34.3596,-111.0724,322,1.3,1.1,2025-01-05,0420,Terra,MODIS,61,61.03,277.1,34.6,N,0
34.3612,-111.0629,325.1,1.3,1.1,2025-01-05,0420,Terra,MODIS,100,61.03,278.8,42.3,N,0
34.3585,-111.0781,304.2,1.3,1.1,2025-01-05,0420,Terra,MODIS,41,61.03,275.7,15.1,N,0
34.3423,-111.0523,305.9,1.3,1.1,2025-01-05,0420,Terra,MODIS,66,61.03,275.9,18.1,N,0
19.4129,-155.2955,309.4,1.2,1.1,2025-01-05,0733,Terra,MODIS,77,61.03,288.4,14.7,N,1
19.4012,-155.2764,336.9,1.2,1.1,2025-01-05,0733,Terra,MODIS,100,61.03,299.7,50.8,N,1
19.3995,-155.2872,364.1,1.2,1.1,2025-01-05,0733,Terra,MODIS,100,61.03,307.3,127.6,N,1
19.4106,-155.2781,364.6,1.2,1.1,2025-01-05,0733,Terra,MODIS,100,61.03,315.6,128.7,N,1
19.409,-155.2889,384.4,1.2,1.1,2025-01-05,0733,Terra,MODIS,100,61.03,315.4,223.2,N,1
19.4163,-155.274,311,1.2,1.1,2025-01-05,0733,Terra,MODIS,81,61.03,293.8,15.3,N,1
19.4146,-155.2848,347.5,1.2,1.1,2025-01-05,0733,Terra,MODIS,100,61.03,304,76.6,N,1
34.3511,-111.0501,338.1,1.1,1,2025-01-05,1021,Aqua,MODIS,100,61.03,267.9,0,N,0
34.3528,-111.0607,332.8,1.1,1,2025-01-05,1021,Aqua,MODIS,100,61.03,269,0,N,0
26.7598,-80.4561,306.6,2.2,1.4,2025-01-05,1444,Terra,MODIS,64,61.03,290.2,20.4,D,0
26.7075,-81.5625,302.7,2.6,1.6,2025-01-05,1444,Terra,MODIS,53,61.03,287.6,22.4,D,0
26.6275,-80.8398,309.8,2.3,1.5,2025-01-05,1444,Terra,MODIS,69,61.03,288.7,30.7,D,0
26.6253,-80.8171,308.1,2.3,1.5,2025-01-05,1444,Terra,MODIS,66,61.03,290.3,26.4,D,0
26.7828,-80.5627,312.4,2.2,1.4,2025-01-05,1444,Terra,MODIS,72,61.03,289.2,36,D,0
26.7808,-80.5409,317.7,2.2,1.4,2025-01-05,1444,Terra,MODIS,78,61.03,287.9,49.3,D,0
29.6838,-92.2313,304.9,1.6,1.3,2025-01-05,1621,Terra,MODIS,60,61.03,291.9,9.4,D,0
28.0584,-97.4319,307.6,1,1,2025-01-05,1622,Terra,MODIS,56,61.03,295.7,4,D,0
29.7732,-93.8744,305.9,1.3,1.1,2025-01-05,1622,Terra,MODIS,47,61.03,292,7.2,D,0
26.6614,-80.7223,312.2,1.1,1,2025-01-05,1940,Aqua,MODIS,63,61.03,297.2,8.1,D,0
28.9691,-82.3944,320.6,1,1,2025-01-05,1941,Aqua,MODIS,80,61.03,291.5,18,D,0
27.0977,-81.7233,311.6,1,1,2025-01-05,1941,Aqua,MODIS,69,61.03,294.2,8.2,D,0
27.0963,-81.7334,317.2,1,1,2025-01-05,1941,Aqua,MODIS,76,61.03,297,13,D,0
28.9677,-82.4046,314.9,1,1,2025-01-05,1941,Aqua,MODIS,75,61.03,291.6,12.6,D,0
29.3868,-82.6369,307,1,1,2025-01-05,1941,Aqua,MODIS,65,61.03,293.2,6.4,D,0
29.4399,-82.7263,357.7,1,1,2025-01-05,1941,Aqua,MODIS,99,61.03,293.8,80.8,D,0
29.4385,-82.7365,330.8,1,1,2025-01-05,1941,Aqua,MODIS,87,61.03,292.2,29.5,D,0
29.4496,-82.9771,305.5,1,1,2025-01-05,1941,Aqua,MODIS,62,61.03,292.6,5.6,D,0
29.4481,-82.9871,302.2,1,1,2025-01-05,1941,Aqua,MODIS,47,61.03,291.9,3.7,D,0
29.9814,-82.3404,306.6,1,1,2025-01-05,1941,Aqua,MODIS,64,61.03,290.3,7,D,0
19.4115,-155.2697,337.3,2,1.4,2025-01-05,1942,Terra,MODIS,83,61.03,305.9,97.5,D,1
19.4014,-155.2893,354,2,1.4,2025-01-05,1942,Terra,MODIS,97,61.03,303.2,184.4,D,1
19.3994,-155.271,333,2,1.4,2025-01-05,1942,Terra,MODIS,85,61.03,298.3,80,D,1
19.4088,-155.2944,343.3,2,1.4,2025-01-05,1942,Terra,MODIS,87,61.03,302.3,122.3,D,1
19.4068,-155.2765,361.9,2,1.4,2025-01-05,1942,Terra,MODIS,94,61.03,313.9,238.1,D,1
19.3946,-155.2777,316.4,2,1.4,2025-01-05,1942,Terra,MODIS,55,61.03,294.3,30.6,D,1
19.3967,-155.296,310.1,2,1.4,2025-01-05,1942,Terra,MODIS,11,61.03,290.7,15.9,D,1
30.4337,-82.2059,311.7,1,1,2025-01-05,1942,Aqua,MODIS,72,61.03,290.4,11.5,D,0
30.6058,-81.879,311.9,1.1,1,2025-01-05,1942,Aqua,MODIS,72,61.03,291.2,12,D,0
30.6044,-81.8899,301.8,1.1,1,2025-01-05,1942,Aqua,MODIS,49,61.03,290,4.7,D,0
33.0118,-79.886,307,1.4,1.2,2025-01-05,1942,Aqua,MODIS,56,61.03,286.5,15,D,2
33.2466,-79.8657,301.6,1.4,1.2,2025-01-05,1942,Aqua,MODIS,48,61.03,284.3,10.6,D,0
33.4146,-79.7421,300.9,1.5,1.2,2025-01-05,1942,Aqua,MODIS,42,61.03,284.6,10.4,D,0
33.7327,-80.079,312.9,1.4,1.2,2025-01-05,1942,Aqua,MODIS,73,61.03,282.7,23.4,D,0
31.5468,-106.2544,305.6,1.1,1.1,2025-01-05,2120,Aqua,MODIS,60,61.03,293.5,4.8,D,0
34.3369,-111.0268,326.3,1.1,1,2025-01-05,2121,Aqua,MODIS,84,61.03,281.6,27.9,D,0
33.2776,-110.4459,306.3,1,1,2025-01-05,2121,Aqua,MODIS,61,61.03,294.9,3.6,D,0
33.276,-110.4567,371.5,1,1,2025-01-05,2121,Aqua,MODIS,100,61.03,297.2,124.5,D,0
33.2743,-110.4674,306.3,1,1,2025-01-05,2121,Aqua,MODIS,63,61.03,295.2,4.2,D,0
32.7564,-115.7168,319,2,1.4,2025-01-05,2121,Aqua,MODIS,77,61.03,292.8,37.3,D,0
34.3351,-111.0379,328,1.1,1,2025-01-05,2121,Aqua,MODIS,81,61.03,284.6,28.7,D,0
34.3423,-111.0508,330.1,1.1,1,2025-01-05,2121,Aqua,MODIS,58,61.03,283.4,30.4,D,0
34.3405,-111.0623,333.9,1.1,1,2025-01-05,2121,Aqua,MODIS,51,61.03,285.6,35.3,D,0
34.3565,-111.0778,336.4,1.1,1,2025-01-05,2121,Aqua,MODIS,79,61.03,285.4,39.6,D,0
34.3547,-111.089,318.1,1.1,1,2025-01-05,2121,Aqua,MODIS,42,61.03,283.7,16.6,D,0
19.3961,-155.2852,350.6,1,1,2025-01-06,0034,Aqua,MODIS,95,61.03,314.9,53.5,D,1
19.4063,-155.2774,357.4,1,1,2025-01-06,0034,Aqua,MODIS,90,61.03,320.8,69,D,1
19.4049,-155.2866,396,1,1,2025-01-06,0034,Aqua,MODIS,100,61.03,339.4,219.7,D,1
19.4035,-155.2959,343.8,1,1,2025-01-06,0034,Aqua,MODIS,87,61.03,309.8,40,D,1
20.8501,-156.4978,315.5,1,1,2025-01-06,0035,Aqua,MODIS,41,61.03,303,5.5,D,0
34.3629,-111.0748,316.5,1.7,1.3,2025-01-06,0459,Terra,MODIS,93,61.03,276.1,42.4,N,0
34.3433,-111.0382,323.7,1.7,1.3,2025-01-06,0459,Terra,MODIS,100,61.03,275.2,58.2,N,0
34.35,-111.0901,315.8,1.7,1.3,2025-01-06,0459,Terra,MODIS,92,61.03,276.7,39.6,N,0
34.3418,-111.0546,315.5,1.7,1.3,2025-01-06,0459,Terra,MODIS,70,61.03,275.4,38.9,N,0
34.3516,-111.0732,331.6,1.7,1.3,2025-01-06,0459,Terra,MODIS,100,61.03,279.5,77.3,N,0
19.4116,-155.288,325.1,2.5,1.5,2025-01-06,0812,Terra,MODIS,100,61.03,293.8,97.4,N,1
19.4032,-155.2802,311.9,2.5,1.5,2025-01-06,0812,Terra,MODIS,77,61.03,290.9,49.2,N,1
31.5046,-102.6402,315.9,1.3,1.1,2025-01-06,0923,Aqua,MODIS,92,61.03,269.4,29.9,N,0
28.0595,-97.4385,302.1,1.1,1.1,2025-01-06,0924,Aqua,MODIS,47,61.03,278.1,11,N,0
34.342,-111.0316,301.7,4.1,1.9,2025-01-06,1100,Aqua,MODIS,44,61.03,274.9,77.7,N,0
19.4083,-155.2817,301.1,1.4,1.2,2025-01-06,1244,Aqua,MODIS,14,61.03,287.1,11,N,1
28.9779,-82.0577,306.7,1,1,2025-01-06,1523,Terra,MODIS,64,61.03,292.2,5.5,D,0
28.9764,-82.0475,315.4,1,1,2025-01-06,1523,Terra,MODIS,76,61.03,291.8,12.1,D,0
26.5057,-80.6564,315.6,1.2,1.1,2025-01-06,1524,Terra,MODIS,74,61.03,293.6,14.1,D,0
26.5172,-80.6662,326.8,1.2,1.1,2025-01-06,1524,Terra,MODIS,84,61.03,295.7,27.8,D,0
26.5153,-80.6545,360.7,1.2,1.1,2025-01-06,1524,Terra,MODIS,100,61.03,296.8,111.3,D,0
26.6154,-80.8195,312.5,1.2,1.1,2025-01-06,1524,Terra,MODIS,70,61.03,294.3,10.5,D,0
26.7568,-80.6114,303.7,1.2,1.1,2025-01-06,1524,Terra,MODIS,39,61.03,292.7,3.7,D,0
26.7549,-80.5997,307.4,1.2,1.1,2025-01-06,1524,Terra,MODIS,62,61.03,293.4,6.9,D,0
26.6249,-80.8176,306.9,1.2,1.1,2025-01-06,1524,Terra,MODIS,15,61.03,294.1,5.2,D,0
26.6173,-80.831,308.7,1.2,1.1,2025-01-06,1524,Terra,MODIS,63,61.03,293.9,7.1,D,0
41.4049,-96.5081,315.3,2,1.4,2025-01-06,1658,Terra,MODIS,0,61.03,265.9,51.6,D,0
41.0584,-94.337,305.3,2.7,1.6,2025-01-06,1658,Terra,MODIS,46,61.03,265.2,51.9,D,2
36.2745,-99.0226,317.8,1.9,1.3,2025-01-06,1700,Terra,MODIS,74,61.03,267,51,D,0
31.2029,-103.672,304.4,1.3,1.1,2025-01-06,1701,Terra,MODIS,59,61.03,281.3,10.2,D,0
32.3677,-109.9234,303.9,1.2,1.1,2025-01-06,1701,Terra,MODIS,57,61.03,283.3,8.2,D,0
32.3692,-109.9358,306.3,1.2,1.1,2025-01-06,1701,Terra,MODIS,63,61.03,284,10.1,D,0
31.9925,-101.8319,303.2,1.5,1.2,2025-01-06,1701,Terra,MODIS,55,61.03,280.9,11.4,D,0
34.3406,-111.0224,300.5,1.5,1.2,2025-01-06,1701,Terra,MODIS,28,61.03,270.3,13.4,D,0
34.3421,-111.0366,319.8,1.5,1.2,2025-01-06,1701,Terra,MODIS,80,61.03,274.4,38,D,0
36.1502,-121.072,303.4,2.8,1.6,2025-01-06,1838,Terra,MODIS,53,61.03,285.8,28.5,D,0
36.1418,-121.0697,300,2.8,1.6,2025-01-06,1838,Terra,MODIS,13,61.03,286.1,20.2,D,0
26.0506,-98.0693,306.9,1.8,1.3,2025-01-06,2020,Aqua,MODIS,64,61.03,292.3,13.1,D,0
30.5033,-94.9954,302.5,1,1,2025-01-06,2021,Aqua,MODIS,53,61.03,280.7,8.5,D,0
27.4612,-97.6074,306,1.5,1.2,2025-01-06,2021,Aqua,MODIS,63,61.03,291.6,10.6,D,0
28.2551,-96.8052,367.6,1.3,1.1,2025-01-06,2021,Aqua,MODIS,75,61.03,292.6,166.9,D,0
28.2529,-96.8183,306.1,1.3,1.1,2025-01-06,2021,Aqua,MODIS,63,61.03,285.4,13.1,D,0
29.0667,-95.7947,300.8,1.1,1.1,2025-01-06,2021,Aqua,MODIS,42,61.03,283.2,8,D,0
29.2206,-95.1935,323.2,1.1,1,2025-01-06,2021,Aqua,MODIS,0,61.03,284.5,25.4,D,0
30.1612,-93.3411,301.6,1,1,2025-01-06,2021,Aqua,MODIS,45,61.03,281.4,6.4,D,2
30.1598,-93.3512,310.8,1,1,2025-01-06,2021,Aqua,MODIS,71,61.03,282.1,12.4,D,0
30.2536,-93.2826,322.1,1,1,2025-01-06,2021,Aqua,MODIS,81,61.03,283.1,21.9,D,2
30.8198,-93.3879,305.2,1,1,2025-01-06,2021,Aqua,MODIS,61,61.03,281.2,9.6,D,0
31.0107,-94.2192,302.1,1,1,2025-01-06,2021,Aqua,MODIS,51,61.03,280.5,8.1,D,0
32.2765,-100.1277,308,1.8,1.3,2025-01-06,2022,Aqua,MODIS,66,61.03,281.8,24.9,D,0
32.883,-97.8852,303.4,1.3,1.1,2025-01-06,2022,Aqua,MODIS,56,61.03,279.8,11.5,D,0
33.619,-96.0502,300.6,1.1,1,2025-01-06,2022,Aqua,MODIS,39,61.03,279.1,8,D,0
19.4095,-155.2868,361.1,1.4,1.2,2025-01-06,2022,Terra,MODIS,100,61.03,323.5,140.4,D,1
34.3816,-96.5613,312.1,1.1,1,2025-01-06,2022,Aqua,MODIS,72,61.03,277.6,16.4,D,0
34.3798,-96.5726,311.9,1.1,1,2025-01-06,2022,Aqua,MODIS,72,61.03,277.6,16.3,D,0
36.2728,-99.0259,302.8,1.3,1.1,2025-01-06,2023,Aqua,MODIS,54,61.03,273.3,13.2,D,0
36.2755,-99.0176,301.7,1.3,1.1,2025-01-06,2023,Aqua,MODIS,48,61.03,272.4,12.4,D,0
41.0465,-94.3395,314,1.1,1,2025-01-06,2024,Aqua,MODIS,74,61.03,269.3,19.6,D,2
41.0556,-94.3416,305.1,1.1,1,2025-01-06,2024,Aqua,MODIS,54,61.03,268.2,12.1,D,2
34.3344,-111.0368,324,2.5,1.5,2025-01-06,2201,Aqua,MODIS,72,61.03,283.6,89.5,D,0
34.3306,-111.0852,361.7,2.5,1.5,2025-01-06,2201,Aqua,MODIS,94,61.03,293.1,336.5,D,0
34.3285,-111.1117,314.8,2.4,1.5,2025-01-06,2201,Aqua,MODIS,75,61.03,287.9,52.7,D,0
34.3438,-111.0874,339.9,2.5,1.5,2025-01-06,2201,Aqua,MODIS,87,61.03,287.3,158,D,0
35.6387,-120.3829,305.5,1,1,2025-01-06,2201,Aqua,MODIS,62,61.03,284.4,6.3,D,0
36.9605,-121.5427,305.7,1,1,2025-01-06,2202,Aqua,MODIS,62,61.03,290.4,6.9,D,0
36.1435,-121.0713,324.9,1,1,2025-01-06,2202,Aqua,MODIS,83,61.03,293,22.7,D,0
36.3635,-121.3288,303.7,1,1,2025-01-06,2202,Aqua,MODIS,57,61.03,291.8,5.4,D,0
36.9623,-121.5315,308.8,1,1,2025-01-06,2202,Aqua,MODIS,68,61.03,289.8,8.9,D,0
39.0174,-122.0464,315.8,1,1,2025-01-06,2202,Aqua,MODIS,76,61.03,287,15.7,D,2
39.693,-122.2994,307.8,1,1,2025-01-06,2203,Aqua,MODIS,66,61.03,288.1,9.2,D,0
39.6925,-121.8244,301.2,1,1,2025-01-06,2203,Aqua,MODIS,45,61.03,288.5,4.7,D,0
39.6911,-122.311,329.2,1,1,2025-01-06,2203,Aqua,MODIS,86,61.03,288.9,30,D,0
34.3338,-111.0241,307.1,2.6,1.5,2025-01-07,0401,Terra,MODIS,13,61.03,274.9,46.5,N,0
34.3353,-111.0587,315.7,2.6,1.6,2025-01-07,0401,Terra,MODIS,6,61.03,276.8,68.8,N,0
34.3278,-111.0522,315.7,2.6,1.6,2025-01-07,0401,Terra,MODIS,80,61.03,276.5,72.8,N,0
19.3984,-155.2886,312.9,2.5,1.5,2025-01-07,0714,Terra,MODIS,80,61.03,292.8,52.6,N,1
19.4156,-155.2689,308.5,2.5,1.5,2025-01-07,0714,Terra,MODIS,61,61.03,292.5,40.8,N,1
19.4116,-155.2911,319.3,2.5,1.5,2025-01-07,0714,Terra,MODIS,98,61.03,293.2,74.1,N,1
19.4116,-155.2737,324.5,2.5,1.5,2025-01-07,0714,Terra,MODIS,100,61.03,298.5,93.6,N,1
19.4075,-155.2958,321.2,2.5,1.5,2025-01-07,0714,Terra,MODIS,100,61.03,293,81.3,N,1
33.0122,-79.8793,309,1.3,1.1,2025-01-07,0823,Aqua,MODIS,76,61.03,275.3,20.4,N,2
19.4135,-155.2638,306,2,1.4,2025-01-07,1323,Aqua,MODIS,39,61.03,293.5,24.6,N,1
19.4111,-155.2774,334.3,1.9,1.4,2025-01-07,1323,Aqua,MODIS,100,61.03,304.7,98.1,N,1
19.4167,-155.2819,318,1.9,1.4,2025-01-07,1323,Aqua,MODIS,95,61.03,296.3,49.4,N,1
19.4048,-155.284,320.9,1.9,1.4,2025-01-07,1323,Aqua,MODIS,100,61.03,294.4,56.9,N,1
36.2913,-95.6896,315,1.4,1.2,2025-01-07,1601,Terra,MODIS,75,61.03,270.7,30.8,D,0
30.4023,-84.3622,302.4,2.6,1.5,2025-01-07,1602,Terra,MODIS,49,61.03,280.4,30.8,D,0
30.6263,-84.4527,302,2.5,1.5,2025-01-07,1602,Terra,MODIS,50,61.03,278.5,30.2,D,0
30.6215,-84.4485,301.2,2.5,1.5,2025-01-07,1602,Terra,MODIS,45,61.03,278.1,30.2,D,0
29.6057,-82.6511,306.5,3.5,1.8,2025-01-07,1602,Terra,MODIS,64,61.03,281.3,62.3,D,0
30.3177,-94.1187,307.1,1,1,2025-01-07,1603,Terra,MODIS,65,61.03,278.2,11.9,D,0
29.1619,-97.5033,313.2,1.5,1.2,2025-01-07,1603,Terra,MODIS,73,61.03,281,25.3,D,0
29.0805,-98.8142,300.9,1.8,1.3,2025-01-07,1603,Terra,MODIS,42,61.03,280.9,13.4,D,0
28.892,-97.0694,302.1,1.4,1.2,2025-01-07,1603,Terra,MODIS,50,61.03,281.8,11.2,D,0
28.4442,-99.8767,301,2.1,1.4,2025-01-07,1604,Terra,MODIS,43,61.03,280.9,16.9,D,0
46.7916,-109.1611,347.9,1.1,1.1,2025-01-07,1737,Terra,MODIS,71,61.03,269.4,74.8,D,0
35.2201,-120.5985,301.6,1.4,1.2,2025-01-07,1740,Terra,MODIS,48,61.03,287.5,8.9,D,0
36.1494,-121.0791,307.7,1.6,1.2,2025-01-07,1740,Terra,MODIS,66,61.03,285.8,17.5,D,0
34.3318,-111.0489,308.1,1.5,1.2,2025-01-07,1740,Terra,MODIS,37,61.03,277.8,17.4,D,0
32.9461,-113.3047,303,1.2,1.1,2025-01-07,1741,Terra,MODIS,54,61.03,289.4,5.6,D,0
32.9482,-113.3173,311,1.2,1.1,2025-01-07,1741,Terra,MODIS,71,61.03,288.8,12.4,D,0
26.1428,-81.5616,370.6,1.3,1.2,2025-01-07,1921,Aqua,MODIS,100,61.03,293,180.6,D,0
26.1406,-81.5747,422.3,1.4,1.2,2025-01-07,1921,Aqua,MODIS,100,61.03,305.7,642.5,D,0
26.1529,-81.5638,342.3,1.3,1.2,2025-01-07,1921,Aqua,MODIS,93,61.03,292.3,68.4,D,0
26.1506,-81.5769,369.3,1.4,1.2,2025-01-07,1921,Aqua,MODIS,100,61.03,296.6,172.4,D,0
26.5564,-80.8856,307.8,1.2,1.1,2025-01-07,1921,Aqua,MODIS,66,61.03,290.9,9.2,D,0
26.5544,-80.8974,347.6,1.2,1.1,2025-01-07,1921,Aqua,MODIS,95,61.03,293.3,75.4,D,0
26.5584,-80.8915,362.6,1.2,1.1,2025-01-07,1921,Aqua,MODIS,100,61.03,294.8,122.4,D,0
26.5564,-80.9033,343.5,1.2,1.1,2025-01-07,1921,Aqua,MODIS,93,61.03,293.3,63.8,D,0
26.4805,-81.9285,303.4,1.4,1.2,2025-01-07,1921,Aqua,MODIS,42,61.03,287.7,9.3,D,2
26.7593,-81.6989,319.5,1.3,1.1,2025-01-07,1921,Aqua,MODIS,79,61.03,289.8,26.7,D,0
26.7571,-81.7119,316.2,1.3,1.1,2025-01-07,1921,Aqua,MODIS,76,61.03,289.6,21.8,D,0
26.9013,-81.1751,310.3,1.2,1.1,2025-01-07,1921,Aqua,MODIS,39,61.03,288,12.4,D,0
26.8962,-81.7411,320.9,1.3,1.1,2025-01-07,1921,Aqua,MODIS,80,61.03,287.2,28.7,D,0
26.8939,-81.7542,304,1.3,1.1,2025-01-07,1921,Aqua,MODIS,58,61.03,286.5,8.8,D,0
26.9062,-81.7433,351.8,1.3,1.1,2025-01-07,1921,Aqua,MODIS,97,61.03,291.3,100.9,D,0
26.9039,-81.7564,346.2,1.3,1.1,2025-01-07,1921,Aqua,MODIS,94,61.03,292.1,83,D,0
27.3398,-80.5747,301.4,1.1,1.1,2025-01-07,1922,Aqua,MODIS,46,61.03,289.3,5,D,0
27.4344,-81.9105,300.3,1.3,1.1,2025-01-07,1922,Aqua,MODIS,31,61.03,288.5,6,D,0
27.8103,-80.588,314.2,1.1,1.1,2025-01-07,1922,Aqua,MODIS,74,61.03,290.9,15.5,D,0
27.729,-81.2843,319.4,1.2,1.1,2025-01-07,1922,Aqua,MODIS,72,61.03,285.9,21.8,D,0
27.727,-81.2963,339.6,1.2,1.1,2025-01-07,1922,Aqua,MODIS,92,61.03,287.4,57,D,0
27.8395,-82.1276,301.4,1.4,1.2,2025-01-07,1922,Aqua,MODIS,46,61.03,286.7,8.1,D,0
28.3607,-82.1669,311.5,1.3,1.1,2025-01-07,1922,Aqua,MODIS,71,61.03,286.9,18.1,D,0
28.6332,-81.7226,303.1,1.3,1.1,2025-01-07,1922,Aqua,MODIS,55,61.03,288.4,8.4,D,0
28.8318,-82.4227,307.6,1.4,1.2,2025-01-07,1922,Aqua,MODIS,66,61.03,283.6,15,D,0
30.3949,-83.3785,300.7,1.5,1.2,2025-01-07,1922,Aqua,MODIS,34,61.03,287.3,7.7,D,0
32.9583,-88.275,314.3,2.7,1.6,2025-01-07,1923,Aqua,MODIS,60,61.03,275.7,61,D,0
30.9658,-81.9205,308.3,1.2,1.1,2025-01-07,1923,Aqua,MODIS,67,61.03,283.5,14.1,D,0
30.4811,-84.7592,326.2,1.8,1.3,2025-01-07,1923,Aqua,MODIS,84,61.03,282.8,62.7,D,0
31.2158,-82.8557,307.4,1.3,1.1,2025-01-07,1923,Aqua,MODIS,57,61.03,284.3,15.5,D,0
31.2135,-82.869,315.9,1.3,1.1,2025-01-07,1923,Aqua,MODIS,66,61.03,285.8,24.9,D,0
30.6803,-86.3063,301.3,2.2,1.4,2025-01-07,1923,Aqua,MODIS,46,61.03,281.7,21.7,D,0
31.1357,-84.6281,306.4,1.7,1.3,2025-01-07,1923,Aqua,MODIS,63,61.03,283.3,19.5,D,0
32.0621,-81.7053,310.1,1.1,1.1,2025-01-07,1923,Aqua,MODIS,70,61.03,281.8,14.6,D,0
32.0602,-81.7168,303.1,1.1,1.1,2025-01-07,1923,Aqua,MODIS,55,61.03,281.9,8.9,D,0
31.7867,-83.5922,310.7,1.4,1.2,2025-01-07,1923,Aqua,MODIS,70,61.03,283.3,20.3,D,0
32.1498,-82.0042,301.9,1.2,1.1,2025-01-07,1923,Aqua,MODIS,50,61.03,283.7,8.4,D,0
32.1555,-82.6866,304.8,1.2,1.1,2025-01-07,1923,Aqua,MODIS,60,61.03,284,11.8,D,0
32.1661,-82.9224,312.6,1.3,1.1,2025-01-07,1923,Aqua,MODIS,73,61.03,283.1,20.5,D,0
32.3418,-82.0252,307.8,1.1,1.1,2025-01-07,1923,Aqua,MODIS,66,61.03,283.1,12.6,D,0
31.5124,-86.4792,300.9,2.2,1.4,2025-01-07,1923,Aqua,MODIS,42,61.03,279.5,23.7,D,0
32.4601,-82.2513,304.9,1.2,1.1,2025-01-07,1923,Aqua,MODIS,60,61.03,283,10.8,D,0
32.458,-82.2633,305.7,1.2,1.1,2025-01-07,1923,Aqua,MODIS,62,61.03,283.7,11.3,D,0
32.5486,-81.8437,314.8,1.1,1.1,2025-01-07,1923,Aqua,MODIS,75,61.03,282.8,18.5,D,0
32.6054,-82.4063,320.8,1.2,1.1,2025-01-07,1923,Aqua,MODIS,80,61.03,285.3,25.6,D,0
32.6148,-82.4086,340.7,1.2,1.1,2025-01-07,1923,Aqua,MODIS,92,61.03,284.7,58,D,0
32.62,-82.4027,306.2,1.2,1.1,2025-01-07,1923,Aqua,MODIS,63,61.03,282.5,12.3,D,0
32.6179,-82.4149,309,1.2,1.1,2025-01-07,1923,Aqua,MODIS,68,61.03,282.2,14.5,D,0
33.1135,-81.7989,304.2,1.1,1,2025-01-07,1923,Aqua,MODIS,58,61.03,283.7,9.8,D,0
33.4847,-79.5272,300.8,1,1,2025-01-07,1923,Aqua,MODIS,41,61.03,281.9,6.8,D,0
33.9912,-78.0036,315.8,1.1,1,2025-01-07,1923,Aqua,MODIS,76,61.03,282.2,18.9,D,2
33.6035,-80.8892,315.6,1,1,2025-01-07,1923,Aqua,MODIS,76,61.03,282.8,17.4,D,0
33.3411,-83.2417,309.8,1.3,1.1,2025-01-07,1923,Aqua,MODIS,69,61.03,282.1,17.8,D,0
33.3388,-83.2548,315.6,1.3,1.1,2025-01-07,1923,Aqua,MODIS,76,61.03,281.5,24,D,0
32.9524,-88.2683,307,2.7,1.6,2025-01-07,1923,Aqua,MODIS,41,61.03,275.8,42.3,D,0
32.9465,-88.2953,314.4,2.7,1.6,2025-01-07,1923,Aqua,MODIS,70,61.03,273.5,63.3,D,0
32.9522,-88.302,308.7,2.7,1.6,2025-01-07,1923,Aqua,MODIS,52,61.03,273.4,42.2,D,0
34.6385,-79.5286,317.5,1,1,2025-01-07,1923,Aqua,MODIS,78,61.03,280.9,18.8,D,0
34.3253,-83.2838,301.3,1.2,1.1,2025-01-07,1923,Aqua,MODIS,46,61.03,281.5,9,D,0
34.651,-82.2856,304,1.1,1,2025-01-07,1924,Aqua,MODIS,58,61.03,282,9.8,D,0
35.4418,-76.7746,301,1.2,1.1,2025-01-07,1924,Aqua,MODIS,33,61.03,279.3,10.6,D,0
28.7378,-95.8853,315.5,2.2,1.4,2025-01-07,2100,Aqua,MODIS,55,61.03,281.3,50.3,D,0
29.0854,-98.8147,304.8,1.4,1.2,2025-01-07,2100,Aqua,MODIS,60,61.03,289.4,8.5,D,0
29.0806,-98.8197,304.5,1.4,1.2,2025-01-07,2100,Aqua,MODIS,59,61.03,289.3,8.3,D,0
28.7497,-95.8795,314.1,2.2,1.4,2025-01-07,2100,Aqua,MODIS,52,61.03,281.7,50.1,D,0
33.0813,-101.0989,311.8,1.2,1.1,2025-01-07,2102,Aqua,MODIS,72,61.03,281.1,16.8,D,0
46.7844,-109.1576,339,1,1,2025-01-07,2105,Aqua,MODIS,78,61.03,270.7,48.3,D,0
46.7825,-109.1702,349.1,1,1,2025-01-07,2105,Aqua,MODIS,0,61.03,270.7,66.8,D,0
46.7931,-109.1605,356.4,1,1,2025-01-07,2105,Aqua,MODIS,85,61.03,271,83.7,D,0
46.7912,-109.1731,398.1,1,1,2025-01-07,2105,Aqua,MODIS,0,61.03,277.1,249.4,D,0
34.0669,-118.5805,357.3,3.5,1.8,2025-01-07,2240,Aqua,MODIS,98,61.03,295.2,471,D,0
34.0522,-118.5075,336.7,3.6,1.8,2025-01-07,2240,Aqua,MODIS,76,61.03,291.1,221.3,D,2
34.0478,-118.583,426.2,3.5,1.8,2025-01-07,2240,Aqua,MODIS,100,61.03,309.4,2810.1,D,3
34.0678,-118.5108,386,3.6,1.8,2025-01-07,2240,Aqua,MODIS,94,61.03,293.8,1122.9,D,0
34.0655,-118.5502,451.3,3.6,1.8,2025-01-07,2240,Aqua,MODIS,87,61.03,312,4563.4,D,2
34.0633,-118.5877,335.1,3.5,1.8,2025-01-07,2240,Aqua,MODIS,66,61.03,294.2,206.8,D,0
34.0811,-118.5527,312.4,3.6,1.8,2025-01-07,2240,Aqua,MODIS,54,61.03,291,64.3,D,0
34.036,-118.5717,363.8,3.5,1.8,2025-01-07,2240,Aqua,MODIS,87,61.03,294.2,608.4,D,3
34.0563,-118.5003,325.9,3.6,1.8,2025-01-07,2240,Aqua,MODIS,70,61.03,291.7,137,D,0
34.0539,-118.5384,425.2,3.6,1.8,2025-01-07,2240,Aqua,MODIS,82,61.03,302.8,2749,D,2
34.0514,-118.5764,440.3,3.5,1.8,2025-01-07,2240,Aqua,MODIS,71,61.03,310.7,3688.1,D,0
34.0489,-118.6153,310.4,3.5,1.8,2025-01-07,2240,Aqua,MODIS,0,61.03,293,47,D,0
34.0719,-118.5034,325.6,3.6,1.8,2025-01-07,2240,Aqua,MODIS,79,61.03,292.4,130,D,0
34.0694,-118.5428,439.3,3.6,1.8,2025-01-07,2240,Aqua,MODIS,100,61.03,305.3,3637.6,D,2
19.3968,-155.2952,332.1,1.7,1.3,2025-01-08,0015,Aqua,MODIS,76,61.03,312.1,49.4,D,1
19.4107,-155.2819,339.4,1.7,1.3,2025-01-08,0015,Aqua,MODIS,89,61.03,315.4,81.8,D,1
19.3995,-155.2795,341.8,1.7,1.3,2025-01-08,0015,Aqua,MODIS,85,61.03,315.1,86.6,D,1
34.0635,-118.6214,351.7,1.8,1.3,2025-01-08,0441,Terra,MODIS,100,61.03,287.4,159.2,N,0
34.0596,-118.6414,305.9,1.8,1.3,2025-01-08,0441,Terra,MODIS,66,61.03,285.9,17.8,N,0
34.056,-118.6604,302.9,1.8,1.3,2025-01-08,0441,Terra,MODIS,49,61.03,285,15,N,0
34.1819,-118.0608,370.2,1.7,1.3,2025-01-08,0441,Terra,MODIS,100,61.03,287,252.1,N,0
34.1783,-118.0804,417.6,1.7,1.3,2025-01-08,0441,Terra,MODIS,100,61.03,298.2,803.8,N,2
34.1748,-118.0989,362.9,1.7,1.3,2025-01-08,0441,Terra,MODIS,100,61.03,289.3,201.4,N,2
34.1715,-118.1163,304.9,1.7,1.3,2025-01-08,0441,Terra,MODIS,23,61.03,284.5,14,N,2
34.1934,-118.0611,304.8,1.7,1.3,2025-01-08,0441,Terra,MODIS,62,61.03,281.1,17.4,N,0
34.1898,-118.0806,411.5,1.7,1.3,2025-01-08,0441,Terra,MODIS,100,61.03,296.5,704.1,N,0
34.2011,-118.0817,352.4,1.7,1.3,2025-01-08,0441,Terra,MODIS,100,61.03,282.7,144.8,N,0
34.1973,-118.1024,399.9,1.7,1.3,2025-01-08,0441,Terra,MODIS,100,61.03,290.9,540.7,N,2
34.1938,-118.1212,332.8,1.7,1.3,2025-01-08,0441,Terra,MODIS,100,61.03,283.9,69.9,N,2
34.1933,-118.0667,350.2,1.7,1.3,2025-01-08,0441,Terra,MODIS,100,61.03,284.2,137.9,N,0
34.1894,-118.087,394.6,1.7,1.3,2025-01-08,0441,Terra,MODIS,100,61.03,297.8,476.1,N,2
34.1855,-118.1067,336.1,1.7,1.3,2025-01-08,0441,Terra,MODIS,100,61.03,288.3,77.8,N,2
34.2007,-118.0883,372.3,1.7,1.3,2025-01-08,0441,Terra,MODIS,100,61.03,285.5,268.7,N,0
34.1969,-118.1082,387.6,1.7,1.3,2025-01-08,0441,Terra,MODIS,100,61.03,288.8,403.9,N,2
34.186,-118.101,369.1,1.7,1.3,2025-01-08,0441,Terra,MODIS,100,61.03,291.5,241.1,N,2
34.0318,-118.5375,362.4,1.8,1.3,2025-01-08,0441,Terra,MODIS,100,61.03,293.9,220.8,N,3
34.0506,-118.5025,363.7,1.8,1.3,2025-01-08,0441,Terra,MODIS,100,61.03,293.2,228.3,N,2
34.0469,-118.5212,441.4,1.8,1.3,2025-01-08,0441,Terra,MODIS,100,61.03,315.2,1437.1,N,2
34.0395,-118.5593,334.7,1.8,1.3,2025-01-08,0441,Terra,MODIS,100,61.03,289.7,82.4,N,3
34.0358,-118.5783,337.2,1.8,1.3,2025-01-08,0441,Terra,MODIS,100,61.03,289.6,92.3,N,3
34.0321,-118.5971,324.1,1.8,1.3,2025-01-08,0441,Terra,MODIS,100,61.03,287.4,50.8,N,3
34.062,-118.505,394.8,1.8,1.3,2025-01-08,0441,Terra,MODIS,100,61.03,299.5,528.2,N,0
34.0585,-118.5235,398.4,1.8,1.3,2025-01-08,0441,Terra,MODIS,100,61.03,299.9,578.2,N,0
34.0548,-118.5425,372.5,1.8,1.3,2025-01-08,0441,Terra,MODIS,100,61.03,293.6,296.3,N,0
34.0511,-118.5612,359,1.8,1.3,2025-01-08,0441,Terra,MODIS,100,61.03,293,199.3,N,0
34.04,-118.6182,443.2,1.8,1.3,2025-01-08,0441,Terra,MODIS,100,61.03,314.7,1514,N,3
34.0362,-118.6379,432.4,1.8,1.3,2025-01-08,0441,Terra,MODIS,100,61.03,304.2,1235.5,N,3
34.0735,-118.5078,342.3,1.8,1.3,2025-01-08,0441,Terra,MODIS,100,61.03,289,112.1,N,0
34.07,-118.5256,416.6,1.8,1.3,2025-01-08,0441,Terra,MODIS,100,61.03,306.9,869.3,N,0
34.0664,-118.5443,379.9,1.8,1.3,2025-01-08,0441,Terra,MODIS,100,61.03,297.3,363.7,N,2
34.0628,-118.5628,423,1.8,1.3,2025-01-08,0441,Terra,MODIS,100,61.03,308.9,1005.7,N,0
34.0591,-118.5821,457.6,1.8,1.3,2025-01-08,0441,Terra,MODIS,100,61.03,318,1953.5,N,0
34.0556,-118.5999,464.9,1.8,1.3,2025-01-08,0441,Terra,MODIS,100,61.03,327.5,2226.2,N,0
34.052,-118.6189,477.8,1.8,1.3,2025-01-08,0441,Terra,MODIS,100,61.03,330.1,2765,N,0
34.0479,-118.6395,431.4,1.8,1.3,2025-01-08,0441,Terra,MODIS,100,61.03,301.5,1209.8,N,0
34.1671,-118.0784,369.5,1.7,1.3,2025-01-08,0441,Terra,MODIS,100,61.03,289.1,246,N,2
34.1637,-118.0962,360.9,1.7,1.3,2025-01-08,0441,Terra,MODIS,100,61.03,288.7,189.9,N,2
34.0815,-118.5283,403.7,1.8,1.3,2025-01-08,0441,Terra,MODIS,100,61.03,295.9,653.9,N,0
34.078,-118.5464,403.9,1.8,1.3,2025-01-08,0441,Terra,MODIS,100,61.03,297.1,659.7,N,0
34.0741,-118.5665,317.2,1.8,1.3,2025-01-08,0441,Terra,MODIS,95,61.03,287.3,35.1,N,2
34.0705,-118.585,365.7,1.8,1.3,2025-01-08,0441,Terra,MODIS,100,61.03,290.6,245.3,N,0
34.0672,-118.6023,425,1.8,1.3,2025-01-08,0441,Terra,MODIS,100,61.03,295.8,1056.4,N,0
46.3073,-117.7062,321.4,1,1,2025-01-08,0444,Terra,MODIS,100,61.03,270.4,26.9,N,0
19.4082,-155.2865,348.2,1.2,1.1,2025-01-08,0754,Terra,MODIS,100,61.03,312.8,77.5,N,1
19.4068,-155.2978,307.5,1.2,1.1,2025-01-08,0754,Terra,MODIS,60,61.03,288.4,12.1,N,1
19.4095,-155.2755,324.6,1.2,1.1,2025-01-08,0754,Terra,MODIS,67,61.03,305,30.4,N,1
34.3341,-118.4614,307.3,1,1,2025-01-08,1041,Aqua,MODIS,71,61.03,281.8,10.7,N,0
34.3357,-118.4719,343.4,1,1,2025-01-08,1041,Aqua,MODIS,100,61.03,283.9,52.6,N,0
34.3372,-118.4824,314.2,1,1,2025-01-08,1041,Aqua,MODIS,81,61.03,280.7,15.3,N,0
34.3284,-118.4845,338.4,1,1,2025-01-08,1041,Aqua,MODIS,100,61.03,283.3,43.8,N,0
34.33,-118.4951,333.7,1,1,2025-01-08,1041,Aqua,MODIS,100,61.03,281.4,37.2,N,2
34.0508,-118.5494,410,1,1,2025-01-08,1042,Aqua,MODIS,100,61.03,300,319.7,N,2
34.2237,-118.0988,306.1,1,1,2025-01-08,1042,Aqua,MODIS,67,61.03,279.1,10.6,N,0
34.2196,-118.1322,340.4,1,1,2025-01-08,1042,Aqua,MODIS,100,61.03,283.2,47,N,0
34.2181,-118.1217,384.1,1,1,2025-01-08,1042,Aqua,MODIS,100,61.03,291.2,172.9,N,0
34.2165,-118.1111,365.1,1,1,2025-01-08,1042,Aqua,MODIS,100,61.03,286.8,102.5,N,0
34.2149,-118.1006,400.4,1,1,2025-01-08,1042,Aqua,MODIS,100,61.03,299.5,256.6,N,0
34.2134,-118.0901,374.9,1,1,2025-01-08,1042,Aqua,MODIS,100,61.03,295.4,134.1,N,0
34.2118,-118.0797,339.5,1,1,2025-01-08,1042,Aqua,MODIS,100,61.03,284.8,44.1,N,0
34.2102,-118.0691,307,1,1,2025-01-08,1042,Aqua,MODIS,17,61.03,279.3,9.6,N,0
34.2109,-118.1341,392.6,1,1,2025-01-08,1042,Aqua,MODIS,100,61.03,290,214.3,N,0
34.2094,-118.1236,441,1,1,2025-01-08,1042,Aqua,MODIS,100,61.03,309.7,602.6,N,0
34.2078,-118.113,371.3,1,1,2025-01-08,1042,Aqua,MODIS,100,61.03,293.3,121.7,N,0
34.2062,-118.1025,339.5,1,1,2025-01-08,1042,Aqua,MODIS,100,61.03,286.9,42.8,N,0
34.2047,-118.092,346,1,1,2025-01-08,1042,Aqua,MODIS,100,61.03,287.9,51.8,N,0
34.2031,-118.0815,416.6,1,1,2025-01-08,1042,Aqua,MODIS,100,61.03,298.9,365.6,N,0
34.2015,-118.071,452.5,1,1,2025-01-08,1042,Aqua,MODIS,100,61.03,314,743.5,N,0
34.1999,-118.0605,366.8,1,1,2025-01-08,1042,Aqua,MODIS,100,61.03,288.6,106.1,N,0
34.2022,-118.136,314.8,1,1,2025-01-08,1042,Aqua,MODIS,90,61.03,284.1,14.5,N,2
34.2006,-118.1255,398.6,1,1,2025-01-08,1042,Aqua,MODIS,100,61.03,293.6,245.7,N,2
34.1991,-118.1149,424.1,1,1,2025-01-08,1042,Aqua,MODIS,100,61.03,304.3,431.4,N,2
34.1975,-118.1044,370.4,1,1,2025-01-08,1042,Aqua,MODIS,100,61.03,290,117,N,2
34.1928,-118.0729,368.2,1,1,2025-01-08,1042,Aqua,MODIS,100,61.03,285.7,110.8,N,0
34.1912,-118.0624,383.2,1,1,2025-01-08,1042,Aqua,MODIS,100,61.03,289.9,165.4,N,0
34.1897,-118.0519,358.2,1,1,2025-01-08,1042,Aqua,MODIS,100,61.03,288.5,82.2,N,0
34.1881,-118.0414,330.3,1,1,2025-01-08,1042,Aqua,MODIS,100,61.03,284.5,31.2,N,0
34.1919,-118.1273,352.4,1,1,2025-01-08,1042,Aqua,MODIS,100,61.03,287.2,68.7,N,2
34.1903,-118.1168,392.5,1,1,2025-01-08,1042,Aqua,MODIS,100,61.03,293,211.7,N,2
34.1888,-118.1063,367.9,1,1,2025-01-08,1042,Aqua,MODIS,100,61.03,289.6,107.6,N,2
34.1809,-118.0537,321.5,1,1,2025-01-08,1042,Aqua,MODIS,100,61.03,285.7,20.7,N,0
34.1794,-118.0433,341.5,1,1,2025-01-08,1042,Aqua,MODIS,100,61.03,287.4,48,N,0
34.1816,-118.1187,302.6,1,1,2025-01-08,1042,Aqua,MODIS,50,61.03,282.8,7,N,2
34.1738,-118.0661,357.5,1,1,2025-01-08,1042,Aqua,MODIS,100,61.03,287.9,80.3,N,2
34.1722,-118.0556,310.4,1,1,2025-01-08,1042,Aqua,MODIS,66,61.03,283.5,11.5,N,2
34.1697,-118.0995,314.8,1,1,2025-01-08,1042,Aqua,MODIS,48,61.03,283.9,14.3,N,2
34.1681,-118.089,316.5,1,1,2025-01-08,1042,Aqua,MODIS,65,61.03,283.7,15.8,N,2
34.0946,-118.5401,318.5,1,1,2025-01-08,1042,Aqua,MODIS,97,61.03,284.1,17.5,N,0
34.0931,-118.5296,320.1,1,1,2025-01-08,1042,Aqua,MODIS,100,61.03,285.1,19.3,N,0
34.0874,-118.5524,338.2,1,1,2025-01-08,1042,Aqua,MODIS,100,61.03,286,41.2,N,0
34.0858,-118.5419,457.9,1,1,2025-01-08,1042,Aqua,MODIS,100,61.03,313.1,824.5,N,0
34.0843,-118.5314,469.2,1,1,2025-01-08,1042,Aqua,MODIS,100,61.03,331.7,999,N,0
34.0828,-118.5209,346.3,1,1,2025-01-08,1042,Aqua,MODIS,100,61.03,294.2,54.4,N,0
34.0812,-118.5103,317.9,1,1,2025-01-08,1042,Aqua,MODIS,53,61.03,288.8,15.5,N,0
34.0786,-118.5543,356.8,1,1,2025-01-08,1042,Aqua,MODIS,100,61.03,286.4,77.1,N,0
34.0771,-118.5437,377,1,1,2025-01-08,1042,Aqua,MODIS,100,61.03,292.4,141.7,N,0
34.0755,-118.5331,328.2,1,1,2025-01-08,1042,Aqua,MODIS,100,61.03,288,26.2,N,0
34.074,-118.5227,351.7,1,1,2025-01-08,1042,Aqua,MODIS,100,61.03,289.5,65.8,N,0
34.0725,-118.5122,431.8,1,1,2025-01-08,1042,Aqua,MODIS,100,61.03,310,504.6,N,0
34.0709,-118.5017,369.3,1,1,2025-01-08,1042,Aqua,MODIS,100,61.03,296.8,114.9,N,0
34.082,-118.6404,311.5,1,1,2025-01-08,1042,Aqua,MODIS,83,61.03,281.1,13.2,N,0
34.0805,-118.6299,375.4,1,1,2025-01-08,1042,Aqua,MODIS,100,61.03,298.2,139,N,0
34.079,-118.6194,320.1,1,1,2025-01-08,1042,Aqua,MODIS,100,61.03,286,19.7,N,0
34.0744,-118.5879,346.9,1,1,2025-01-08,1042,Aqua,MODIS,100,61.03,288.5,55.8,N,0
34.0729,-118.5773,359.6,1,1,2025-01-08,1042,Aqua,MODIS,100,61.03,292.7,85,N,0
34.0714,-118.5668,382,1,1,2025-01-08,1042,Aqua,MODIS,100,61.03,294.3,161.4,N,0
34.0698,-118.5562,374.7,1,1,2025-01-08,1042,Aqua,MODIS,100,61.03,297.2,130.9,N,2
34.0683,-118.5456,316.1,1,1,2025-01-08,1042,Aqua,MODIS,52,61.03,287.3,12.9,N,2
34.0652,-118.5245,310.2,1,1,2025-01-08,1042,Aqua,MODIS,14,61.03,286,8.4,N,0
34.0637,-118.514,316.5,1,1,2025-01-08,1042,Aqua,MODIS,30,61.03,287.3,14.2,N,0
34.0622,-118.5035,337.1,1,1,2025-01-08,1042,Aqua,MODIS,100,61.03,288.1,39.3,N,0
34.0733,-118.6424,320.4,1,1,2025-01-08,1042,Aqua,MODIS,100,61.03,283.7,20.8,N,0
34.0718,-118.6318,377.9,1,1,2025-01-08,1042,Aqua,MODIS,100,61.03,302.4,148.6,N,0
34.0702,-118.6212,337.2,1,1,2025-01-08,1042,Aqua,MODIS,100,61.03,292.4,40.2,N,0
34.0687,-118.6106,341.8,1,1,2025-01-08,1042,Aqua,MODIS,100,61.03,288.4,47.5,N,0
34.0672,-118.6001,358.2,1,1,2025-01-08,1042,Aqua,MODIS,100,61.03,289.2,81.7,N,0
34.0657,-118.5897,356.9,1,1,2025-01-08,1042,Aqua,MODIS,100,61.03,291.3,78,N,0
34.0595,-118.5475,384.4,1,1,2025-01-08,1042,Aqua,MODIS,100,61.03,294.8,172.4,N,2
34.058,-118.537,395.3,1,1,2025-01-08,1042,Aqua,MODIS,100,61.03,300.5,226.1,N,2
34.0565,-118.5264,401.2,1,1,2025-01-08,1042,Aqua,MODIS,100,61.03,301.6,261.7,N,2
34.055,-118.5159,435.2,1,1,2025-01-08,1042,Aqua,MODIS,100,61.03,319.3,541.3,N,0
34.0534,-118.5053,369.1,1,1,2025-01-08,1042,Aqua,MODIS,100,61.03,294.4,114.2,N,2
34.0645,-118.6443,357.3,1,1,2025-01-08,1042,Aqua,MODIS,100,61.03,293.6,82.8,N,0
34.063,-118.6338,392.6,1,1,2025-01-08,1042,Aqua,MODIS,100,61.03,307.6,215.8,N,0
34.0615,-118.6231,323.1,1,1,2025-01-08,1042,Aqua,MODIS,100,61.03,292.5,22.2,N,0
34.0599,-118.6125,315.9,1,1,2025-01-08,1042,Aqua,MODIS,91,61.03,286.5,14.1,N,0
34.0523,-118.5599,319.6,1,1,2025-01-08,1042,Aqua,MODIS,93,61.03,286.8,17.8,N,0
34.0493,-118.5388,459.8,1,1,2025-01-08,1042,Aqua,MODIS,100,61.03,321.9,851.8,N,2
34.0477,-118.5283,430.6,1,1,2025-01-08,1042,Aqua,MODIS,100,61.03,315.6,493.8,N,2
34.0462,-118.5177,469.8,1,1,2025-01-08,1042,Aqua,MODIS,100,61.03,334.9,1009.2,N,2
34.0447,-118.5072,365,1,1,2025-01-08,1042,Aqua,MODIS,100,61.03,293.4,101,N,2
34.0568,-118.6637,339.7,1,1,2025-01-08,1042,Aqua,MODIS,100,61.03,285,46.7,N,0
34.0553,-118.6532,367.2,1,1,2025-01-08,1042,Aqua,MODIS,100,61.03,297.5,111.5,N,0
34.0538,-118.6427,356.3,1,1,2025-01-08,1042,Aqua,MODIS,100,61.03,295.1,0,N,0
34.0523,-118.6321,324.7,1,1,2025-01-08,1042,Aqua,MODIS,94,61.03,291.1,0,N,0
34.0507,-118.6214,321.6,1,1,2025-01-08,1042,Aqua,MODIS,91,61.03,287.2,0,N,0
34.0431,-118.5688,359.6,1,1,2025-01-08,1042,Aqua,MODIS,100,61.03,292.2,85.8,N,3
34.0415,-118.5583,347.7,1,1,2025-01-08,1042,Aqua,MODIS,100,61.03,289.5,58,N,3
34.04,-118.5477,339.4,1,1,2025-01-08,1042,Aqua,MODIS,100,61.03,289.9,42.6,N,3
34.0384,-118.5372,335.7,1,1,2025-01-08,1042,Aqua,MODIS,100,61.03,290.9,36.6,N,3
34.0354,-118.5161,348.3,1,1,2025-01-08,1042,Aqua,MODIS,100,61.03,294,61.5,N,2
34.0481,-118.6657,326.5,1,1,2025-01-08,1042,Aqua,MODIS,100,61.03,284.7,28.1,N,0
34.0466,-118.6551,384.9,1,1,2025-01-08,1042,Aqua,MODIS,100,61.03,296.7,179.3,N,0
34.045,-118.6446,409.8,1,1,2025-01-08,1042,Aqua,MODIS,100,61.03,301.2,0,N,2
34.042,-118.6234,358.9,1,1,2025-01-08,1042,Aqua,MODIS,100,61.03,291.6,85,N,3
34.0404,-118.6129,354.9,1,1,2025-01-08,1042,Aqua,MODIS,100,61.03,291.9,74.8,N,3
34.0378,-118.6571,341.4,1,1,2025-01-08,1042,Aqua,MODIS,100,61.03,285.8,48.2,N,3
34.0363,-118.6465,363.1,1,1,2025-01-08,1042,Aqua,MODIS,100,61.03,289,96.9,N,3
34.0348,-118.6359,357.4,1,1,2025-01-08,1042,Aqua,MODIS,100,61.03,289.1,82,N,3
32.7394,-114.5304,319.8,1.3,1.1,2025-01-08,1042,Aqua,MODIS,99,61.03,280.8,31.6,N,0
32.7393,-114.536,315.6,1.3,1.1,2025-01-08,1042,Aqua,MODIS,91,61.03,276.9,26.3,N,0
32.7369,-114.5226,301.4,1.3,1.1,2025-01-08,1042,Aqua,MODIS,41,61.03,281.2,11.6,N,0
19.4107,-155.2734,315.7,3.3,1.7,2025-01-08,1225,Aqua,MODIS,89,61.03,294.2,96.6,N,1
38.7248,-75.9357,306,1,1,2025-01-08,1502,Terra,MODIS,63,61.03,266.7,13.2,D,0
34.1045,-79.096,305.4,1.1,1,2025-01-08,1503,Terra,MODIS,61,61.03,274.9,12.6,D,0
34.0454,-78.4976,328.4,1,1,2025-01-08,1503,Terra,MODIS,86,61.03,275.3,33.8,D,0
34.0469,-78.5086,318,1,1,2025-01-08,1503,Terra,MODIS,78,61.03,275,22.1,D,0
34.1207,-78.0912,321.1,1,1,2025-01-08,1503,Terra,MODIS,81,61.03,275.5,24.5,D,0
30.6314,-84.4483,302.5,2,1.4,2025-01-08,1504,Terra,MODIS,52,61.03,277.7,23.8,D,0
30.3734,-84.2212,313.2,1.9,1.3,2025-01-08,1504,Terra,MODIS,73,61.03,279.3,39.3,D,0
31.2512,-84.2687,301.7,1.9,1.4,2025-01-08,1504,Terra,MODIS,49,61.03,277.5,20.2,D,0
30.3753,-84.2404,317.9,1.9,1.3,2025-01-08,1504,Terra,MODIS,78,61.03,279.3,49.4,D,0
30.6265,-84.4549,300.5,2,1.4,2025-01-08,1504,Terra,MODIS,38,61.03,277.1,19.6,D,0
27.0154,-80.4232,314.7,1.1,1,2025-01-08,1505,Terra,MODIS,71,61.03,286.1,13.4,D,0
27.3486,-80.5802,302.5,1.1,1,2025-01-08,1505,Terra,MODIS,52,61.03,286.1,6,D,0
28.7707,-81.6037,301.7,1.2,1.1,2025-01-08,1505,Terra,MODIS,48,61.03,283.3,8.4,D,0
26.6488,-80.8605,341.7,1.1,1,2025-01-08,1505,Terra,MODIS,92,61.03,289.6,52.9,D,0
26.6773,-81.1374,304.5,1.1,1.1,2025-01-08,1505,Terra,MODIS,59,61.03,287.8,7.6,D,0
26.6759,-81.1265,303.3,1.1,1.1,2025-01-08,1505,Terra,MODIS,55,61.03,288.2,6.5,D,0
26.642,-80.8682,329.1,1.1,1,2025-01-08,1505,Terra,MODIS,65,61.03,287.9,31.8,D,0
26.6502,-80.8712,361,1.1,1,2025-01-08,1505,Terra,MODIS,100,61.03,291,101.3,D,0
26.6832,-81.1299,315.2,1.1,1.1,2025-01-08,1505,Terra,MODIS,75,61.03,289.1,15.4,D,0
26.6497,-80.7954,328.8,1.1,1,2025-01-08,1505,Terra,MODIS,86,61.03,289.4,31.1,D,0
26.7929,-80.482,304.8,1.1,1,2025-01-08,1505,Terra,MODIS,60,61.03,288.4,6.1,D,0
40.7204,-95.3868,300.7,1.3,1.1,2025-01-08,1640,Terra,MODIS,41,61.03,268.4,13.3,D,0
33.7996,-100.1932,303.9,1,1,2025-01-08,1642,Terra,MODIS,57,61.03,272.3,10.6,D,0
39.69,-121.8211,302,1.1,1.1,2025-01-08,1819,Terra,MODIS,50,61.03,282.1,7.8,D,0
37.688,-121.2932,307.3,1.3,1.1,2025-01-08,1819,Terra,MODIS,65,61.03,285.1,13,D,0
37.6808,-121.31,302.8,1.3,1.1,2025-01-08,1819,Terra,MODIS,45,61.03,285.2,8.4,D,0
37.6493,-121.3632,302,1.3,1.1,2025-01-08,1819,Terra,MODIS,50,61.03,285.9,8.2,D,0
37.1215,-121.0311,305.7,1.4,1.2,2025-01-08,1819,Terra,MODIS,62,61.03,285.2,12.6,D,0
39.6992,-121.8185,303.2,1.1,1.1,2025-01-08,1819,Terra,MODIS,55,61.03,282.8,8.7,D,0
34.2162,-118.1591,312.2,2.4,1.5,2025-01-08,1820,Terra,MODIS,69,61.03,273.9,43.9,D,0
34.1998,-118.0731,348.2,2.4,1.5,2025-01-08,1820,Terra,MODIS,72,61.03,282.2,195,D,0
34.1795,-118.1155,357.7,2.4,1.5,2025-01-08,1820,Terra,MODIS,99,61.03,282.8,272.1,D,2
34.1849,-118.1402,388.7,2.4,1.5,2025-01-08,1820,Terra,MODIS,100,61.03,298.2,673.9,D,2
34.1901,-118.1644,361.1,2.4,1.5,2025-01-08,1820,Terra,MODIS,94,61.03,284.9,313.6,D,2
34.1926,-118.113,362.4,2.4,1.5,2025-01-08,1820,Terra,MODIS,96,61.03,291.4,315.4,D,2
34.1979,-118.1375,412.8,2.4,1.5,2025-01-08,1820,Terra,MODIS,100,61.03,311.9,1198.7,D,2
34.0658,-118.6507,362.4,2.2,1.4,2025-01-08,1820,Terra,MODIS,100,61.03,292.5,288.9,D,0
34.2031,-118.1613,381,2.4,1.5,2025-01-08,1820,Terra,MODIS,94,61.03,288.2,557.4,D,2
34.1964,-118.0671,357.1,2.4,1.5,2025-01-08,1820,Terra,MODIS,75,61.03,279.1,280.5,D,0
34.2113,-118.136,331,2.4,1.5,2025-01-08,1820,Terra,MODIS,74,61.03,288.9,109.3,D,0
34.2038,-118.0377,328.9,2.4,1.5,2025-01-08,1820,Terra,MODIS,75,61.03,283.5,106.7,D,0
34.2098,-118.0657,323.4,2.4,1.5,2025-01-08,1820,Terra,MODIS,60,61.03,283.3,81.6,D,0
36.1547,-121.0732,313.2,1.4,1.2,2025-01-08,1820,Terra,MODIS,73,61.03,284.5,21.6,D,0
34.0808,-118.5956,380.1,2.2,1.5,2025-01-08,1820,Terra,MODIS,100,61.03,291.1,492.1,D,2
34.0789,-118.5221,347.9,2.3,1.5,2025-01-08,1820,Terra,MODIS,0,61.03,271.1,187.7,D,0
34.084,-118.5471,381.8,2.3,1.5,2025-01-08,1820,Terra,MODIS,85,61.03,292.7,521.9,D,0
34.0885,-118.5688,359,2.3,1.5,2025-01-08,1820,Terra,MODIS,95,61.03,292.2,269.3,D,0
34.0966,-118.5436,319.7,2.3,1.5,2025-01-08,1820,Terra,MODIS,50,61.03,281.4,61.8,D,0
34.0778,-118.5149,341.4,2.3,1.5,2025-01-08,1820,Terra,MODIS,67,61.03,269.2,144.6,D,0
34.0832,-118.5403,376.4,2.3,1.5,2025-01-08,1820,Terra,MODIS,94,61.03,286.7,453.3,D,0
34.0879,-118.5626,376.1,2.3,1.5,2025-01-08,1820,Terra,MODIS,100,61.03,295.5,450.9,D,0
34.0957,-118.5365,324.6,2.3,1.5,2025-01-08,1820,Terra,MODIS,72,61.03,277.8,79.8,D,0
34.1827,-118.1215,380.6,2.4,1.5,2025-01-08,1820,Terra,MODIS,87,61.03,291.2,546.9,D,2
34.1879,-118.1461,395.8,2.4,1.5,2025-01-08,1820,Terra,MODIS,94,61.03,302.8,807.9,D,2
34.1929,-118.1703,349.6,2.4,1.5,2025-01-08,1820,Terra,MODIS,96,61.03,277.1,214.9,D,2
34.1958,-118.1191,363.1,2.4,1.5,2025-01-08,1820,Terra,MODIS,100,61.03,294.9,321.3,D,2
34.0707,-118.674,384.2,2.2,1.4,2025-01-08,1820,Terra,MODIS,100,61.03,295.2,544.5,D,0
34.0759,-118.572,430.1,2.3,1.5,2025-01-08,1820,Terra,MODIS,100,61.03,305.9,1580.3,D,0
34.0712,-118.5493,378.9,2.3,1.5,2025-01-08,1820,Terra,MODIS,94,61.03,289.1,485,D,2
34.2009,-118.1433,398.3,2.4,1.5,2025-01-08,1820,Terra,MODIS,100,61.03,308,853,D,2
34.2059,-118.1672,347.2,2.4,1.5,2025-01-08,1820,Terra,MODIS,95,61.03,277.2,193.2,D,2
34.1944,-118.0472,357.4,2.4,1.5,2025-01-08,1820,Terra,MODIS,0,61.03,277.5,274.1,D,0
25.9592,-81.0895,315.9,2,1.4,2025-01-08,2000,Aqua,MODIS,53,61.03,290.1,33.3,D,0
29.5237,-81.7214,304.7,2.1,1.4,2025-01-08,2001,Aqua,MODIS,60,61.03,287,21.9,D,0
29.0329,-82.2704,328.7,1.9,1.3,2025-01-08,2001,Aqua,MODIS,86,61.03,288.4,64.9,D,0
29.0366,-82.2842,307.2,1.9,1.3,2025-01-08,2001,Aqua,MODIS,44,61.03,287.2,18.1,D,0
29.0249,-82.2827,311,1.9,1.3,2025-01-08,2001,Aqua,MODIS,71,61.03,287.9,25.5,D,0
29.0268,-82.2641,311.5,1.9,1.3,2025-01-08,2001,Aqua,MODIS,71,61.03,288.1,26.1,D,0
28.6913,-82.5126,315.9,1.8,1.3,2025-01-08,2001,Aqua,MODIS,76,61.03,290.2,32.3,D,0
28.968,-82.2564,300.1,1.9,1.3,2025-01-08,2001,Aqua,MODIS,27,61.03,287.4,11,D,0
28.6932,-82.4949,348.3,1.8,1.3,2025-01-08,2001,Aqua,MODIS,95,61.03,291.4,135.8,D,0
27.8104,-81.8096,312.8,1.9,1.4,2025-01-08,2001,Aqua,MODIS,53,61.03,288,31.9,D,0
28.8363,-82.4178,303.3,1.8,1.3,2025-01-08,2001,Aqua,MODIS,55,61.03,288.5,12.7,D,0
29.5709,-81.7971,310.4,2,1.4,2025-01-08,2001,Aqua,MODIS,70,61.03,286.4,31.8,D,0
28.7047,-82.4964,304.5,1.8,1.3,2025-01-08,2001,Aqua,MODIS,40,61.03,289.5,12.4,D,0
32.0035,-82.7841,306,1.9,1.3,2025-01-08,2002,Aqua,MODIS,63,61.03,283,21.3,D,0
32.0015,-82.8036,301.8,1.9,1.3,2025-01-08,2002,Aqua,MODIS,46,61.03,283.3,15.3,D,0
31.5428,-86.7714,309.2,1.1,1,2025-01-08,2002,Aqua,MODIS,68,61.03,281.8,13.6,D,0
31.5413,-86.7827,303.3,1.1,1,2025-01-08,2002,Aqua,MODIS,55,61.03,282.5,9.4,D,0
31.3374,-88.2841,301.4,1,1,2025-01-08,2002,Aqua,MODIS,19,61.03,281.2,6.4,D,0
32.075,-82.0931,302.5,2.1,1.4,2025-01-08,2002,Aqua,MODIS,53,61.03,283.2,20.5,D,0
31.8331,-84.7313,320.1,1.4,1.2,2025-01-08,2002,Aqua,MODIS,80,61.03,283,33.8,D,0
31.8315,-84.7458,315.3,1.4,1.2,2025-01-08,2002,Aqua,MODIS,76,61.03,284.2,26.7,D,0
31.9908,-83.3553,314.8,1.7,1.3,2025-01-08,2002,Aqua,MODIS,75,61.03,282.9,35.5,D,0
31.9746,-83.514,303.2,1.7,1.3,2025-01-08,2002,Aqua,MODIS,55,61.03,282,16.6,D,0
32.0871,-82.4998,338.4,2,1.4,2025-01-08,2002,Aqua,MODIS,91,61.03,284.9,115.3,D,0
32.0852,-82.5202,325.8,2,1.4,2025-01-08,2002,Aqua,MODIS,84,61.03,285.8,69.1,D,0
32.261,-81.8737,304.7,2.2,1.4,2025-01-08,2002,Aqua,MODIS,60,61.03,284.6,24.6,D,0
32.2623,-81.8816,300.7,2.2,1.4,2025-01-08,2002,Aqua,MODIS,41,61.03,284.2,17.4,D,0
32.452,-81.9098,310.9,2.2,1.4,2025-01-08,2002,Aqua,MODIS,71,61.03,283.9,36.9,D,0
32.2344,-84.0625,309.5,1.6,1.2,2025-01-08,2002,Aqua,MODIS,57,61.03,282.9,20.4,D,0
32.2391,-84.0536,303.9,1.6,1.2,2025-01-08,2002,Aqua,MODIS,57,61.03,281.5,15.7,D,0
32.2375,-84.07,317.6,1.6,1.2,2025-01-08,2002,Aqua,MODIS,78,61.03,283.7,35.1,D,0
32.4534,-81.9176,306.7,2.2,1.4,2025-01-08,2002,Aqua,MODIS,64,61.03,283.7,29.7,D,0
32.4431,-82.317,300.2,2.1,1.4,2025-01-08,2002,Aqua,MODIS,28,61.03,283.9,15.4,D,0
32.4574,-82.2971,305.7,2.1,1.4,2025-01-08,2002,Aqua,MODIS,41,61.03,283.4,22.1,D,0
32.4408,-82.8543,301.1,1.9,1.3,2025-01-08,2002,Aqua,MODIS,44,61.03,281.8,16.8,D,0
32.4389,-82.8739,303,1.9,1.3,2025-01-08,2002,Aqua,MODIS,54,61.03,282.1,19.5,D,0
32.4344,-82.8589,306.8,1.9,1.3,2025-01-08,2002,Aqua,MODIS,64,61.03,282.3,24.4,D,0
32.6054,-82.3932,411.2,2,1.4,2025-01-08,2002,Aqua,MODIS,100,61.03,296.1,929.6,D,0
32.6035,-82.4143,369.5,2,1.4,2025-01-08,2002,Aqua,MODIS,100,61.03,291.8,327.6,D,0
32.6176,-82.3948,350.4,2,1.4,2025-01-08,2002,Aqua,MODIS,96,61.03,285.3,183.7,D,0
32.6157,-82.4159,339.2,2,1.4,2025-01-08,2002,Aqua,MODIS,91,61.03,285.2,123.7,D,0
32.4732,-83.9838,304.5,1.6,1.2,2025-01-08,2002,Aqua,MODIS,59,61.03,281.6,17.2,D,0
32.7874,-81.3203,308.9,2.4,1.5,2025-01-08,2002,Aqua,MODIS,68,61.03,283.2,40.7,D,0
32.746,-82.108,303.9,2.1,1.4,2025-01-08,2002,Aqua,MODIS,31,61.03,282.6,20.8,D,0
32.744,-82.1302,311.6,2.1,1.4,2025-01-08,2002,Aqua,MODIS,68,61.03,283.3,36.3,D,0
32.7586,-82.1095,306.5,2.1,1.4,2025-01-08,2002,Aqua,MODIS,56,61.03,282.2,26.2,D,0
32.7566,-82.1317,314.2,2.1,1.4,2025-01-08,2002,Aqua,MODIS,74,61.03,282.8,42.6,D,0
32.8372,-82.5209,306.8,2,1.4,2025-01-08,2002,Aqua,MODIS,64,61.03,282.8,27.6,D,0
32.842,-82.5056,304.3,2,1.4,2025-01-08,2002,Aqua,MODIS,58,61.03,282.5,23.3,D,0
32.3018,-87.5067,305,1.1,1,2025-01-08,2002,Aqua,MODIS,60,61.03,279.4,9.7,D,0
32.3004,-87.5177,337.7,1.1,1,2025-01-08,2002,Aqua,MODIS,91,61.03,281.9,46.7,D,0
32.2989,-87.5287,302.8,1.1,1,2025-01-08,2002,Aqua,MODIS,49,61.03,279.4,8.4,D,0
33.01,-82.0692,315,2.2,1.4,2025-01-08,2002,Aqua,MODIS,75,61.03,283.3,47.3,D,0
32.0971,-89.8615,316.4,1,1,2025-01-08,2002,Aqua,MODIS,77,61.03,281.4,18.3,D,0
32.6917,-85.5007,327.4,1.3,1.1,2025-01-08,2002,Aqua,MODIS,85,61.03,281.5,41.8,D,0
32.9998,-82.7225,300.7,2,1.4,2025-01-08,2002,Aqua,MODIS,41,61.03,282.5,17,D,0
32.7017,-85.5023,311.4,1.3,1.1,2025-01-08,2002,Aqua,MODIS,71,61.03,279.9,19.9,D,0
33.0216,-83.0544,304.3,1.9,1.3,2025-01-08,2002,Aqua,MODIS,59,61.03,282.8,21.6,D,0
33.159,-81.8344,304.7,2.3,1.5,2025-01-08,2002,Aqua,MODIS,60,61.03,282.3,28.2,D,0
33.1591,-81.8417,314.4,2.3,1.5,2025-01-08,2002,Aqua,MODIS,75,61.03,282.7,48.5,D,0
32.6009,-83.7336,307.4,1.7,1.3,2025-01-08,2002,Aqua,MODIS,65,61.03,282.6,20.1,D,0
29.8484,-83.0155,321,1.7,1.3,2025-01-08,2002,Aqua,MODIS,81,61.03,287.9,43.3,D,0
29.9719,-81.9612,303.4,2,1.4,2025-01-08,2002,Aqua,MODIS,42,61.03,286.3,19,D,0
30.216,-84.0234,334.9,1.5,1.2,2025-01-08,2002,Aqua,MODIS,50,61.03,284.8,58.3,D,0
30.2143,-84.0383,351.9,1.5,1.2,2025-01-08,2002,Aqua,MODIS,93,61.03,287.5,112.9,D,0
30.2126,-84.0532,321.6,1.5,1.2,2025-01-08,2002,Aqua,MODIS,32,61.03,285.3,32.5,D,0
30.2215,-84.0312,334.4,1.5,1.2,2025-01-08,2002,Aqua,MODIS,72,61.03,285.9,59.6,D,0
30.4423,-82.196,302.4,2,1.4,2025-01-08,2002,Aqua,MODIS,52,61.03,286.1,16.6,D,0
30.376,-84.2251,303.9,1.4,1.2,2025-01-08,2002,Aqua,MODIS,57,61.03,286.4,11.6,D,0
30.3743,-84.2397,340.1,1.4,1.2,2025-01-08,2002,Aqua,MODIS,92,61.03,287.8,76.5,D,0
30.3457,-85.4398,303.9,1.2,1.1,2025-01-08,2002,Aqua,MODIS,57,61.03,286.9,9.5,D,0
30.4735,-84.7837,305.9,1.3,1.1,2025-01-08,2002,Aqua,MODIS,62,61.03,284.3,13.9,D,0
30.4215,-86.0504,318.2,1.2,1.1,2025-01-08,2002,Aqua,MODIS,78,61.03,284.4,22.1,D,0
30.4309,-86.052,310.3,1.2,1.1,2025-01-08,2002,Aqua,MODIS,70,61.03,284.3,13.7,D,0
30.6519,-85.0832,300.1,1.3,1.1,2025-01-08,2002,Aqua,MODIS,12,61.03,283,6.6,D,0
30.6503,-85.0964,387.9,1.3,1.1,2025-01-08,2002,Aqua,MODIS,100,61.03,293.7,277.1,D,0
30.6487,-85.1095,316.1,1.3,1.1,2025-01-08,2002,Aqua,MODIS,76,61.03,286,22.5,D,0
30.6524,-85.0902,353.8,1.3,1.1,2025-01-08,2002,Aqua,MODIS,97,61.03,287.7,104.7,D,0
30.6509,-85.1033,353.6,1.3,1.1,2025-01-08,2002,Aqua,MODIS,97,61.03,291.7,103.7,D,0
30.7747,-84.6528,304.8,1.4,1.2,2025-01-08,2002,Aqua,MODIS,60,61.03,283.8,13.5,D,0
30.9547,-83.6581,302.5,1.6,1.2,2025-01-08,2002,Aqua,MODIS,53,61.03,283.6,12.6,D,0
30.9529,-83.6744,301.8,1.6,1.2,2025-01-08,2002,Aqua,MODIS,49,61.03,284.2,11.8,D,0
31.1386,-82.2047,326.9,2,1.4,2025-01-08,2002,Aqua,MODIS,85,61.03,282.8,76.3,D,0
31.1366,-82.2252,304.1,2,1.4,2025-01-08,2002,Aqua,MODIS,58,61.03,283.2,22.4,D,0
30.0317,-90.7373,302.2,1.1,1,2025-01-08,2002,Aqua,MODIS,29,61.03,275.5,9.3,D,0
30.6895,-86.3105,300.4,1.1,1.1,2025-01-08,2002,Aqua,MODIS,36,61.03,283.9,7.5,D,0
30.6881,-86.322,302.8,1.1,1.1,2025-01-08,2002,Aqua,MODIS,54,61.03,283.8,9.2,D,0
31.1435,-82.2124,331.5,2,1.4,2025-01-08,2002,Aqua,MODIS,87,61.03,283.6,92.5,D,0
30.9953,-84.1344,300.5,1.5,1.2,2025-01-08,2002,Aqua,MODIS,38,61.03,282.9,10.7,D,0
30.0846,-91.0448,304.7,1.1,1.1,2025-01-08,2002,Aqua,MODIS,37,61.03,278.2,9.7,D,0
30.6868,-87.045,305.2,1.1,1,2025-01-08,2002,Aqua,MODIS,53,61.03,282.4,9.9,D,0
30.0915,-91.0401,321.8,1.1,1.1,2025-01-08,2002,Aqua,MODIS,81,61.03,279.9,27.1,D,0
30.9166,-85.3495,332.9,1.3,1.1,2025-01-08,2002,Aqua,MODIS,88,61.03,285.5,49,D,0
31.2195,-82.8608,327,1.8,1.3,2025-01-08,2002,Aqua,MODIS,74,61.03,285.2,65.2,D,0
31.2177,-82.8793,327.3,1.8,1.3,2025-01-08,2002,Aqua,MODIS,74,61.03,285.6,66.1,D,0
30.7552,-87.2292,300.6,1.1,1,2025-01-08,2002,Aqua,MODIS,29,61.03,281.7,6.1,D,0
30.724,-87.463,300.5,1,1,2025-01-08,2002,Aqua,MODIS,39,61.03,282.1,7.1,D,0
30.7656,-87.2202,307.5,1.1,1,2025-01-08,2002,Aqua,MODIS,65,61.03,281.2,10.6,D,0
31.3085,-82.6493,301,1.9,1.3,2025-01-08,2002,Aqua,MODIS,44,61.03,284.1,15,D,0
31.099,-84.6554,303.5,1.4,1.2,2025-01-08,2002,Aqua,MODIS,56,61.03,285.3,10.8,D,0
30.9538,-85.9715,301,1.2,1.1,2025-01-08,2002,Aqua,MODIS,43,61.03,282.6,8.5,D,0
30.7761,-87.4835,315.5,1,1,2025-01-08,2002,Aqua,MODIS,76,61.03,282.3,17.4,D,0
30.7747,-87.494,318.5,1,1,2025-01-08,2002,Aqua,MODIS,79,61.03,282.6,20.1,D,0
31.1782,-84.3269,302.5,1.5,1.2,2025-01-08,2002,Aqua,MODIS,49,61.03,282.8,10.4,D,0
31.1765,-84.3418,304.1,1.5,1.2,2025-01-08,2002,Aqua,MODIS,58,61.03,284.9,11.7,D,0
31.1876,-84.6747,352.5,1.4,1.2,2025-01-08,2002,Aqua,MODIS,97,61.03,287.4,110.2,D,0
31.1962,-84.6905,311.3,1.4,1.2,2025-01-08,2002,Aqua,MODIS,71,61.03,285.8,16.7,D,0
31.3878,-83.2277,312,1.7,1.3,2025-01-08,2002,Aqua,MODIS,72,61.03,284.6,27.4,D,0
31.3991,-83.2292,302.2,1.7,1.3,2025-01-08,2002,Aqua,MODIS,41,61.03,283.5,12.1,D,0
30.9738,-86.8284,347.4,1.1,1,2025-01-08,2002,Aqua,MODIS,95,61.03,283.9,67.2,D,0
30.9723,-86.8395,359,1.1,1,2025-01-08,2002,Aqua,MODIS,99,61.03,286.6,97.5,D,0
31.3083,-84.1677,311.4,1.5,1.2,2025-01-08,2002,Aqua,MODIS,71,61.03,284.1,21.3,D,0
31.3066,-84.183,302.4,1.5,1.2,2025-01-08,2002,Aqua,MODIS,37,61.03,283.6,10.8,D,0
31.3026,-84.1738,309,1.5,1.2,2025-01-08,2002,Aqua,MODIS,55,61.03,283,17.6,D,0
30.8399,-88.0947,320.3,1,1,2025-01-08,2002,Aqua,MODIS,80,61.03,281.7,21.1,D,0
31.3518,-84.411,307.2,1.4,1.2,2025-01-08,2002,Aqua,MODIS,65,61.03,283.6,15.8,D,0
31.3501,-84.4259,309.7,1.4,1.2,2025-01-08,2002,Aqua,MODIS,69,61.03,285,18.7,D,0
31.1596,-87.7791,302.6,1,1,2025-01-08,2002,Aqua,MODIS,53,61.03,281.4,8.5,D,0
31.3617,-86.3022,332.4,1.1,1.1,2025-01-08,2002,Aqua,MODIS,88,61.03,283.1,42,D,0
31.7696,-82.7015,301.6,1.9,1.3,2025-01-08,2002,Aqua,MODIS,46,61.03,283.7,14.2,D,0
31.3711,-86.3038,308.7,1.1,1.1,2025-01-08,2002,Aqua,MODIS,68,61.03,282.3,13.5,D,0
31.7814,-82.7031,330.1,1.9,1.3,2025-01-08,2002,Aqua,MODIS,87,61.03,284.7,77.9,D,0
31.7795,-82.7225,310,1.9,1.3,2025-01-08,2002,Aqua,MODIS,69,61.03,284,27.9,D,0
31.6777,-84.8549,315.5,1.4,1.2,2025-01-08,2002,Aqua,MODIS,76,61.03,282.4,25.8,D,0
31.6761,-84.8691,312.7,1.4,1.2,2025-01-08,2002,Aqua,MODIS,73,61.03,284.1,22.6,D,0
31.9073,-82.8444,344.5,1.9,1.3,2025-01-08,2002,Aqua,MODIS,94,61.03,286.3,129.4,D,0
31.9016,-82.8489,304.1,1.9,1.3,2025-01-08,2002,Aqua,MODIS,56,61.03,284.2,17.5,D,0
31.9151,-82.8314,312.2,1.9,1.3,2025-01-08,2002,Aqua,MODIS,72,61.03,282.5,31.7,D,0
31.9133,-82.8505,331.3,1.9,1.3,2025-01-08,2002,Aqua,MODIS,87,61.03,285,79.9,D,0
31.9887,-82.4384,302.6,2,1.4,2025-01-08,2002,Aqua,MODIS,53,61.03,283.5,18.4,D,0
31.9868,-82.4589,307.3,2,1.4,2025-01-08,2002,Aqua,MODIS,65,61.03,284.3,26.1,D,0
31.9061,-83.2823,301.2,1.7,1.3,2025-01-08,2002,Aqua,MODIS,45,61.03,281.2,15.3,D,0
31.8463,-83.9645,311.8,1.6,1.2,2025-01-08,2002,Aqua,MODIS,62,61.03,281.7,25.3,D,0
31.8446,-83.9807,340.1,1.6,1.2,2025-01-08,2002,Aqua,MODIS,92,61.03,284.2,88.4,D,0
31.3286,-88.2824,321.1,1,1,2025-01-08,2002,Aqua,MODIS,81,61.03,281.8,22.1,D,0
32.0312,-82.5058,300.1,2,1.4,2025-01-08,2002,Aqua,MODIS,29,61.03,284.2,13.6,D,0
32.8762,-87.1909,315.2,1.1,1,2025-01-08,2003,Aqua,MODIS,75,61.03,280.2,19.3,D,0
31.8915,-93.7917,305.6,1.5,1.2,2025-01-08,2003,Aqua,MODIS,62,61.03,280.6,17.6,D,0
31.8888,-93.8066,316.9,1.5,1.2,2025-01-08,2003,Aqua,MODIS,77,61.03,280.8,32.3,D,0
33.5267,-82.6602,318,2,1.4,2025-01-08,2003,Aqua,MODIS,78,61.03,280.7,53.6,D,0
33.693,-82.694,303.2,2,1.4,2025-01-08,2003,Aqua,MODIS,55,61.03,280.7,22.9,D,0
33.6911,-82.7152,307.1,2,1.4,2025-01-08,2003,Aqua,MODIS,65,61.03,280.8,29.4,D,0
32.0663,-94.7222,319.2,1.7,1.3,2025-01-08,2003,Aqua,MODIS,75,61.03,279.7,38.6,D,0
32.063,-94.7391,344.6,1.7,1.3,2025-01-08,2003,Aqua,MODIS,94,61.03,282.7,111.2,D,0
32.0773,-94.725,313,1.7,1.3,2025-01-08,2003,Aqua,MODIS,73,61.03,280.2,29,D,0
32.074,-94.7419,324.4,1.7,1.3,2025-01-08,2003,Aqua,MODIS,83,61.03,282.3,51.4,D,0
33.7718,-83.6567,318.9,1.7,1.3,2025-01-08,2003,Aqua,MODIS,79,61.03,278.6,45.7,D,0
33.5796,-86.0955,301.2,1.2,1.1,2025-01-08,2003,Aqua,MODIS,45,61.03,278.4,10.2,D,0
33.4392,-88.5753,302.8,1,1,2025-01-08,2003,Aqua,MODIS,54,61.03,282.5,8.1,D,2
34.2505,-81.2961,307.2,2.5,1.5,2025-01-08,2003,Aqua,MODIS,61,61.03,280.7,42.8,D,0
35.3423,-91.2958,300.2,1,1,2025-01-08,2003,Aqua,MODIS,32,61.03,276.4,8,D,0
37.0063,-96.1482,304.4,1.6,1.2,2025-01-08,2004,Aqua,MODIS,59,61.03,274.7,18.3,D,0
37.0169,-96.1516,312.2,1.6,1.2,2025-01-08,2004,Aqua,MODIS,72,61.03,275.5,29.2,D,0
37.9686,-93.4206,302.7,1.1,1.1,2025-01-08,2004,Aqua,MODIS,44,61.03,267.6,11.9,D,0
33.2106,-117.3016,309,1.2,1.1,2025-01-08,2141,Aqua,MODIS,67,61.03,296.9,6.9,D,2
34.0154,-117.3752,319.2,1.2,1.1,2025-01-08,2142,Aqua,MODIS,79,61.03,290.6,19.8,D,2
34.0398,-118.5178,341.9,1.3,1.1,2025-01-08,2142,Aqua,MODIS,55,61.03,295.7,62.8,D,2
34.0373,-118.532,376.5,1.3,1.1,2025-01-08,2142,Aqua,MODIS,100,61.03,301.8,215.8,D,3
34.0347,-118.5463,361.7,1.3,1.2,2025-01-08,2142,Aqua,MODIS,100,61.03,296.7,141.4,D,3
34.0473,-118.5344,361,1.3,1.1,2025-01-08,2142,Aqua,MODIS,75,61.03,298.1,125,D,2
34.0548,-118.5505,337,1.3,1.2,2025-01-08,2142,Aqua,MODIS,64,61.03,291.9,48.2,D,0
34.0724,-118.5108,345.4,1.3,1.1,2025-01-08,2142,Aqua,MODIS,78,61.03,297.5,71.7,D,0
34.07,-118.5243,368.4,1.3,1.1,2025-01-08,2142,Aqua,MODIS,100,61.03,305.4,159,D,0
34.0649,-118.5525,359.6,1.3,1.2,2025-01-08,2142,Aqua,MODIS,99,61.03,296.9,120.3,D,2
34.0625,-118.5662,349.3,1.4,1.2,2025-01-08,2142,Aqua,MODIS,94,61.03,295.8,82,D,0
34.0712,-118.5168,353.9,1.3,1.1,2025-01-08,2142,Aqua,MODIS,97,61.03,301.2,101.6,D,0
34.0687,-118.5303,348,1.3,1.1,2025-01-08,2142,Aqua,MODIS,92,61.03,297.4,77.5,D,0
34.0661,-118.5444,329.3,1.3,1.1,2025-01-08,2142,Aqua,MODIS,43,61.03,293.1,31.6,D,2
34.0634,-118.5586,353.4,1.3,1.2,2025-01-08,2142,Aqua,MODIS,97,61.03,297.2,95.6,D,0
34.1721,-118.0185,324.8,1.3,1.1,2025-01-08,2142,Aqua,MODIS,81,61.03,296.2,28,D,0
34.0812,-118.5192,449.1,1.3,1.1,2025-01-08,2142,Aqua,MODIS,100,61.03,308.9,1070.7,D,0
34.0788,-118.5324,484.1,1.3,1.1,2025-01-08,2142,Aqua,MODIS,100,61.03,342.4,1942.1,D,0
34.0762,-118.5464,361.1,1.3,1.1,2025-01-08,2142,Aqua,MODIS,100,61.03,299.2,128.7,D,0
34.0734,-118.5614,391.7,1.3,1.2,2025-01-08,2142,Aqua,MODIS,100,61.03,300.7,311.9,D,2
34.0709,-118.5751,416.8,1.4,1.2,2025-01-08,2142,Aqua,MODIS,100,61.03,311.1,564.6,D,0
34.0683,-118.5892,365.7,1.4,1.2,2025-01-08,2142,Aqua,MODIS,100,61.03,304.6,150.9,D,0
34.0659,-118.6023,340.1,1.4,1.2,2025-01-08,2142,Aqua,MODIS,79,61.03,297,58.3,D,0
34.0632,-118.6165,335.9,1.4,1.2,2025-01-08,2142,Aqua,MODIS,64,61.03,295.5,47.4,D,0
34.182,-118.02,342.1,1.3,1.1,2025-01-08,2142,Aqua,MODIS,88,61.03,294.5,60.5,D,0
34.1797,-118.0328,360.8,1.3,1.1,2025-01-08,2142,Aqua,MODIS,100,61.03,301.1,117.6,D,0
34.0912,-118.5215,336,1.3,1.1,2025-01-08,2142,Aqua,MODIS,90,61.03,292.6,52.1,D,0
34.0887,-118.5352,427.8,1.3,1.1,2025-01-08,2142,Aqua,MODIS,100,61.03,309.6,710.4,D,0
34.0862,-118.5487,497.4,1.3,1.1,2025-01-08,2142,Aqua,MODIS,100,61.03,400.1,2384.9,D,0
34.0834,-118.5638,492.7,1.3,1.2,2025-01-08,2142,Aqua,MODIS,100,61.03,400.1,2228.9,D,0
34.0809,-118.5778,416.7,1.4,1.2,2025-01-08,2142,Aqua,MODIS,100,61.03,307.9,566.1,D,0
34.0782,-118.592,404.8,1.4,1.2,2025-01-08,2142,Aqua,MODIS,100,61.03,309.5,433.6,D,0
34.0758,-118.6052,333.9,1.4,1.2,2025-01-08,2142,Aqua,MODIS,86,61.03,293.4,45.9,D,0
34.0734,-118.6182,321.5,1.4,1.2,2025-01-08,2142,Aqua,MODIS,56,61.03,290.2,23.1,D,0
34.0987,-118.5375,309.6,1.3,1.1,2025-01-08,2142,Aqua,MODIS,63,61.03,290.6,10.8,D,0
34.0962,-118.551,362.4,1.3,1.1,2025-01-08,2142,Aqua,MODIS,100,61.03,294.8,138.3,D,0
34.0935,-118.5659,373.1,1.3,1.2,2025-01-08,2142,Aqua,MODIS,100,61.03,300.3,191.8,D,0
34.0909,-118.5801,313.3,1.4,1.2,2025-01-08,2142,Aqua,MODIS,73,61.03,292.6,14.5,D,0
34.0809,-118.6346,362.2,1.4,1.2,2025-01-08,2142,Aqua,MODIS,96,61.03,291.9,134.8,D,0
34.0783,-118.6487,365.9,1.4,1.2,2025-01-08,2142,Aqua,MODIS,100,61.03,298.2,152.3,D,0
34.1971,-118.0485,340.8,1.3,1.1,2025-01-08,2142,Aqua,MODIS,44,61.03,295.3,55.1,D,0
34.1948,-118.0615,370.3,1.3,1.1,2025-01-08,2142,Aqua,MODIS,100,61.03,303,157.2,D,0
34.1847,-118.1181,348.5,1.3,1.1,2025-01-08,2142,Aqua,MODIS,95,61.03,292.8,79.6,D,2
34.1823,-118.1315,380.3,1.3,1.1,2025-01-08,2142,Aqua,MODIS,100,61.03,301.3,216.2,D,2
34.1799,-118.145,343.5,1.3,1.1,2025-01-08,2142,Aqua,MODIS,93,61.03,292.6,69.1,D,2
34.1775,-118.1584,318.9,1.3,1.1,2025-01-08,2142,Aqua,MODIS,79,61.03,287.2,23.8,D,2
34.2069,-118.0501,340.7,1.3,1.1,2025-01-08,2142,Aqua,MODIS,60,61.03,288.2,58,D,0
34.2047,-118.0629,429.4,1.3,1.1,2025-01-08,2142,Aqua,MODIS,100,61.03,306.8,670.3,D,0
34.2022,-118.0771,349.6,1.3,1.1,2025-01-08,2142,Aqua,MODIS,90,61.03,289.9,80.2,D,0
34.1945,-118.1201,326.7,1.3,1.1,2025-01-08,2142,Aqua,MODIS,82,61.03,290.8,29.6,D,2
34.1921,-118.1337,379.7,1.3,1.1,2025-01-08,2142,Aqua,MODIS,100,61.03,302.7,210.5,D,2
34.1897,-118.1473,379.7,1.3,1.1,2025-01-08,2142,Aqua,MODIS,100,61.03,305.7,212.1,D,2
34.1873,-118.1608,374.2,1.3,1.1,2025-01-08,2142,Aqua,MODIS,100,61.03,300.5,184.4,D,2
34.2118,-118.0798,319.3,1.3,1.1,2025-01-08,2142,Aqua,MODIS,30,61.03,284.6,22.6,D,0
34.2094,-118.0933,344,1.3,1.1,2025-01-08,2142,Aqua,MODIS,89,61.03,289.5,68,D,0
34.2019,-118.1358,336.4,1.3,1.1,2025-01-08,2142,Aqua,MODIS,59,61.03,292.3,47,D,2
34.1995,-118.1496,368.4,1.3,1.1,2025-01-08,2142,Aqua,MODIS,100,61.03,299.2,153,D,2
34.1971,-118.1633,348.5,1.3,1.1,2025-01-08,2142,Aqua,MODIS,88,61.03,293.2,81,D,2
34.2093,-118.1517,327,1.3,1.1,2025-01-08,2142,Aqua,MODIS,84,61.03,290.6,34.7,D,2
34.2069,-118.1655,314.7,1.3,1.1,2025-01-08,2142,Aqua,MODIS,35,61.03,288.2,17.6,D,2
34.4342,-118.2269,315.1,1.3,1.1,2025-01-08,2142,Aqua,MODIS,75,61.03,291.8,18.1,D,0
34.4318,-118.2403,426.2,1.3,1.1,2025-01-08,2142,Aqua,MODIS,100,61.03,305.6,644.4,D,0
34.4295,-118.2534,338.4,1.3,1.1,2025-01-08,2142,Aqua,MODIS,91,61.03,291.4,57.4,D,0
34.4416,-118.2426,308.6,1.3,1.1,2025-01-08,2142,Aqua,MODIS,33,61.03,293.5,10.6,D,0
34.7814,-118.4277,302.3,1.3,1.1,2025-01-08,2142,Aqua,MODIS,45,61.03,288.8,4.7,D,0
36.1469,-121.0815,305.4,1.7,1.3,2025-01-08,2142,Aqua,MODIS,61,61.03,294.3,9.9,D,0
37.423,-120.4826,309.1,1.5,1.2,2025-01-08,2143,Aqua,MODIS,68,61.03,289,16.1,D,0
37.4355,-120.7349,306.7,1.5,1.2,2025-01-08,2143,Aqua,MODIS,64,61.03,289.9,13.6,D,0
37.5103,-120.6587,304.6,1.5,1.2,2025-01-08,2143,Aqua,MODIS,59,61.03,288,11.7,D,0
37.5698,-120.5229,301.6,1.5,1.2,2025-01-08,2143,Aqua,MODIS,48,61.03,288.2,8.2,D,0
38.7424,-119.8218,300.1,1.3,1.1,2025-01-08,2143,Aqua,MODIS,23,61.03,275.3,10.8,D,0
38.7521,-119.8246,305.5,1.3,1.1,2025-01-08,2143,Aqua,MODIS,61,61.03,275.1,15,D,0
38.8809,-122.6538,300.1,1.8,1.3,2025-01-08,2143,Aqua,MODIS,26,61.03,288.9,9.4,D,0
39.094,-122.1859,301,1.7,1.3,2025-01-08,2143,Aqua,MODIS,43,61.03,290.2,8.3,D,0
39.0902,-122.2045,304.1,1.7,1.3,2025-01-08,2143,Aqua,MODIS,58,61.03,290,12.1,D,0
39.6955,-121.8236,300.3,1.6,1.2,2025-01-08,2143,Aqua,MODIS,34,61.03,288.9,7.2,D,0
19.4003,-155.2796,339.9,1.6,1.2,2025-01-09,0055,Aqua,MODIS,64,61.03,318.2,59.9,D,1
19.3984,-155.2944,341.4,1.6,1.2,2025-01-09,0055,Aqua,MODIS,91,61.03,318,60.9,D,1
19.4017,-155.2856,352.4,1.6,1.2,2025-01-09,0055,Aqua,MODIS,96,61.03,323.8,111,D,1
34.045,-118.5363,327.1,1.3,1.1,2025-01-09,0520,Terra,MODIS,68,61.03,289.7,34.1,N,2
34.0793,-118.5078,309.5,1.3,1.1,2025-01-09,0520,Terra,MODIS,78,61.03,285.6,15.2,N,0
34.0778,-118.5218,322.5,1.3,1.1,2025-01-09,0520,Terra,MODIS,100,61.03,286.9,29.2,N,0
34.0734,-118.562,339.8,1.3,1.1,2025-01-09,0520,Terra,MODIS,100,61.03,287.6,61.9,N,2
34.0689,-118.6036,339,1.3,1.1,2025-01-09,0520,Terra,MODIS,100,61.03,285.8,61.7,N,0
34.0674,-118.6173,336.1,1.3,1.1,2025-01-09,0520,Terra,MODIS,100,61.03,284.4,54.9,N,0
34.0877,-118.5234,351.7,1.3,1.1,2025-01-09,0520,Terra,MODIS,100,61.03,294.6,95.8,N,0
34.0861,-118.5376,361.9,1.3,1.1,2025-01-09,0520,Terra,MODIS,100,61.03,296.3,131.8,N,0
34.0833,-118.5639,344.4,1.3,1.1,2025-01-09,0520,Terra,MODIS,100,61.03,290.1,74,N,0
34.0818,-118.5774,383,1.3,1.1,2025-01-09,0520,Terra,MODIS,100,61.03,295.9,237.4,N,0
34.0803,-118.5908,357.1,1.3,1.1,2025-01-09,0520,Terra,MODIS,100,61.03,290.4,114.2,N,2
34.0788,-118.6048,323.5,1.3,1.1,2025-01-09,0520,Terra,MODIS,100,61.03,284.7,32.5,N,0
34.0772,-118.6194,334.9,1.3,1.1,2025-01-09,0520,Terra,MODIS,100,61.03,283.4,52.6,N,0
34.0714,-118.6725,345.4,1.3,1.1,2025-01-09,0520,Terra,MODIS,100,61.03,287,75.7,N,0
34.07,-118.6849,315.8,1.3,1.1,2025-01-09,0520,Terra,MODIS,64,61.03,282.7,21,N,0
34.0975,-118.5253,383.7,1.3,1.1,2025-01-09,0520,Terra,MODIS,100,61.03,291,244.7,N,0
34.096,-118.5393,406.4,1.3,1.1,2025-01-09,0520,Terra,MODIS,100,61.03,298.3,422.1,N,0
34.0945,-118.5532,358.1,1.3,1.1,2025-01-09,0520,Terra,MODIS,100,61.03,290.5,117.4,N,0
34.0931,-118.5659,315.2,1.3,1.1,2025-01-09,0520,Terra,MODIS,72,61.03,285.2,20.2,N,0
34.0916,-118.5793,314.8,1.3,1.1,2025-01-09,0520,Terra,MODIS,71,61.03,283.1,19.9,N,0
34.0902,-118.5927,330.9,1.3,1.1,2025-01-09,0520,Terra,MODIS,100,61.03,283.5,45.1,N,0
34.0812,-118.6738,306.8,1.3,1.1,2025-01-09,0520,Terra,MODIS,33,61.03,282.9,12.6,N,0
34.182,-118.027,301.1,1.4,1.2,2025-01-09,0520,Terra,MODIS,38,61.03,282.7,10.8,N,0
34.1896,-118.1352,317.8,1.3,1.2,2025-01-09,0520,Terra,MODIS,47,61.03,286.7,26,N,2
34.2168,-118.0722,305,1.4,1.2,2025-01-09,0520,Terra,MODIS,13,61.03,279.5,13.3,N,0
34.2184,-118.1555,303.8,1.3,1.1,2025-01-09,0520,Terra,MODIS,43,61.03,281.8,12.9,N,0
40.4909,-123.7383,315.4,1,1,2025-01-09,0522,Terra,MODIS,91,61.03,281.1,17.1,N,0
25.9945,-81.0667,303.5,1,1,2025-01-09,0806,Aqua,MODIS,56,61.03,280.6,9.1,N,0
34.0928,-118.522,358.9,2.9,1.6,2025-01-09,1121,Aqua,MODIS,100,61.03,290,400.7,N,0
34.0955,-118.5589,304.4,2.9,1.6,2025-01-09,1121,Aqua,MODIS,27,61.03,283.8,35.4,N,0
34.0957,-118.4942,308.4,2.9,1.6,2025-01-09,1121,Aqua,MODIS,74,61.03,283.7,51.4,N,0
34.1025,-118.5242,355,2.9,1.6,2025-01-09,1121,Aqua,MODIS,100,61.03,288.2,354.8,N,0
34.086,-118.5561,317.8,2.9,1.6,2025-01-09,1121,Aqua,MODIS,96,61.03,285.9,82.3,N,0
34.0878,-118.5903,325,2.8,1.6,2025-01-09,1121,Aqua,MODIS,100,61.03,284.3,111.4,N,0
34.0885,-118.5279,317.2,2.9,1.6,2025-01-09,1121,Aqua,MODIS,95,61.03,286.3,80,N,0
34.0925,-118.5843,320.2,2.8,1.6,2025-01-09,1121,Aqua,MODIS,100,61.03,284.1,93.3,N,0
34.1001,-118.5533,318.6,2.9,1.6,2025-01-09,1121,Aqua,MODIS,97,61.03,284.7,87.7,N,0
34.0745,-118.6613,308.5,2.8,1.6,2025-01-09,1121,Aqua,MODIS,75,61.03,284.3,52,N,0
34.0813,-118.5615,323.5,2.9,1.6,2025-01-09,1121,Aqua,MODIS,100,61.03,286.6,104.5,N,0
33.6956,-82.7456,300.7,1.4,1.2,2025-01-09,1543,Terra,MODIS,41,61.03,275,13.7,D,0
31.9133,-81.794,308.7,1.7,1.3,2025-01-09,1543,Terra,MODIS,68,61.03,276.9,28.7,D,0
33.0318,-83.4398,307.2,1.3,1.1,2025-01-09,1543,Terra,MODIS,65,61.03,276.3,17.5,D,0
30.0529,-83.1995,304.7,1.5,1.2,2025-01-09,1544,Terra,MODIS,60,61.03,280.3,17.1,D,0
31.3099,-84.1788,304.9,1.3,1.1,2025-01-09,1544,Terra,MODIS,60,61.03,277.7,13.8,D,0
31.3077,-84.1659,303.5,1.3,1.1,2025-01-09,1544,Terra,MODIS,56,61.03,277.7,12.7,D,0
31.1275,-87.1381,310.1,1,1,2025-01-09,1544,Terra,MODIS,69,61.03,276.6,14.1,D,0
30.5324,-86.0997,313.8,1.1,1,2025-01-09,1544,Terra,MODIS,74,61.03,280,17.6,D,0
30.0801,-83.5933,307.9,1.4,1.2,2025-01-09,1544,Terra,MODIS,66,61.03,280.6,18.5,D,0
29.8476,-83.0127,314.4,1.6,1.2,2025-01-09,1544,Terra,MODIS,75,61.03,279.9,31,D,0
29.8456,-83.0193,309.9,1.6,1.2,2025-01-09,1544,Terra,MODIS,69,61.03,279.3,26,D,0
29.7405,-82.5693,303.9,1.7,1.3,2025-01-09,1544,Terra,MODIS,58,61.03,280.9,18.3,D,0
29.5683,-81.787,300.1,1.9,1.4,2025-01-09,1544,Terra,MODIS,26,61.03,279.1,19.3,D,0
30.3121,-86.057,301.4,1.1,1,2025-01-09,1544,Terra,MODIS,44,61.03,279.3,8.9,D,0
28.6347,-81.7146,312.5,2.1,1.4,2025-01-09,1544,Terra,MODIS,63,61.03,283.2,39.4,D,0
27.7043,-81.246,307.6,2.3,1.5,2025-01-09,1544,Terra,MODIS,66,61.03,284.5,34,D,0
30.3396,-83.6029,312.7,1.4,1.2,2025-01-09,1544,Terra,MODIS,73,61.03,280.2,25.1,D,0
30.4103,-84.3533,317.5,1.3,1.1,2025-01-09,1544,Terra,MODIS,73,61.03,280.8,26.7,D,0
30.3786,-84.347,308.4,1.3,1.1,2025-01-09,1544,Terra,MODIS,63,61.03,278.3,16.4,D,0
25.4842,-80.5585,325.8,2.9,1.6,2025-01-09,1545,Terra,MODIS,79,61.03,288.8,110.2,D,0
25.4868,-80.5511,324.4,2.9,1.6,2025-01-09,1545,Terra,MODIS,77,61.03,288.5,108.7,D,0
25.4925,-80.5787,313.3,2.9,1.6,2025-01-09,1545,Terra,MODIS,57,61.03,287.8,60.3,D,0
26.7264,-81.3423,322.1,2.4,1.5,2025-01-09,1545,Terra,MODIS,81,61.03,288.1,73.3,D,0
26.736,-81.3334,319.4,2.4,1.5,2025-01-09,1545,Terra,MODIS,79,61.03,288.1,59.5,D,0
26.875,-81.832,331.6,2.2,1.4,2025-01-09,1545,Terra,MODIS,87,61.03,288.5,102.3,D,0
26.8792,-81.8531,343.9,2.2,1.4,2025-01-09,1545,Terra,MODIS,93,61.03,289.2,162.7,D,0
26.686,-80.7027,306.2,2.7,1.6,2025-01-09,1545,Terra,MODIS,43,61.03,286.9,29.5,D,0
26.6933,-80.7062,312.5,2.7,1.6,2025-01-09,1545,Terra,MODIS,63,61.03,287.6,51.7,D,0
34.0887,-118.5002,310.8,2,1.4,2025-01-09,1722,Terra,MODIS,50,61.03,292.2,22.1,D,0
34.2338,-118.0855,411.8,1.9,1.3,2025-01-09,1722,Terra,MODIS,100,61.03,299.5,821,D,0
34.232,-118.0652,347,1.9,1.3,2025-01-09,1722,Terra,MODIS,95,61.03,288.5,131,D,0
34.224,-118.1087,423.6,1.9,1.3,2025-01-09,1722,Terra,MODIS,100,61.03,301.5,1061.9,D,0
34.2204,-118.0684,419.7,1.9,1.3,2025-01-09,1722,Terra,MODIS,100,61.03,304.2,964.6,D,0
34.2164,-118.1583,305.5,1.9,1.3,2025-01-09,1722,Terra,MODIS,28,61.03,284.5,15.2,D,0
34.2124,-118.1135,368.1,1.9,1.3,2025-01-09,1722,Terra,MODIS,94,61.03,286.3,266.2,D,0
34.2107,-118.0935,386.4,1.9,1.3,2025-01-09,1722,Terra,MODIS,94,61.03,292.8,433.5,D,0
34.2088,-118.0725,413.5,1.9,1.3,2025-01-09,1722,Terra,MODIS,100,61.03,299.7,834.2,D,0
34.2178,-118.1194,369.3,1.9,1.3,2025-01-09,1722,Terra,MODIS,100,61.03,288.6,275.9,D,0
34.2158,-118.0985,417.2,1.9,1.3,2025-01-09,1722,Terra,MODIS,100,61.03,303.4,909.2,D,0
34.214,-118.0794,425.2,1.9,1.3,2025-01-09,1722,Terra,MODIS,100,61.03,309.7,1069.5,D,0
34.2119,-118.0576,351.2,1.9,1.3,2025-01-09,1722,Terra,MODIS,93,61.03,294.2,140.8,D,0
34.1043,-118.5391,391.4,2,1.4,2025-01-09,1722,Terra,MODIS,100,61.03,307.1,557.2,D,0
34.1026,-118.5189,363.2,2,1.4,2025-01-09,1722,Terra,MODIS,100,61.03,299.8,253.2,D,0
34.0941,-118.5623,382.4,2,1.4,2025-01-09,1722,Terra,MODIS,100,61.03,297.1,438.7,D,0
34.0922,-118.5409,399.4,2,1.4,2025-01-09,1722,Terra,MODIS,100,61.03,305.6,674.7,D,0
34.0905,-118.521,361.5,2,1.4,2025-01-09,1722,Terra,MODIS,100,61.03,300.2,239.2,D,0
34.0838,-118.5862,365.8,2,1.4,2025-01-09,1722,Terra,MODIS,100,61.03,297.5,273.1,D,2
34.082,-118.5652,341.1,2,1.4,2025-01-09,1722,Terra,MODIS,92,61.03,294.3,113,D,0
34.0732,-118.6071,324.8,2,1.4,2025-01-09,1722,Terra,MODIS,83,61.03,292.8,55.1,D,0
34.0663,-118.6725,327.2,2,1.4,2025-01-09,1722,Terra,MODIS,85,61.03,295.9,63.7,D,0
34.08,-118.5936,337.6,2,1.4,2025-01-09,1722,Terra,MODIS,91,61.03,292.3,100.6,D,2
34.0781,-118.5726,332.1,2,1.4,2025-01-09,1722,Terra,MODIS,88,61.03,293.6,77.1,D,2
34.0694,-118.6137,325.7,2,1.4,2025-01-09,1722,Terra,MODIS,84,61.03,294.4,58.7,D,0
34.0631,-118.6808,318.1,2,1.4,2025-01-09,1722,Terra,MODIS,72,61.03,294.6,38.7,D,0
32.5937,-116.3583,303.3,1.4,1.2,2025-01-09,1722,Terra,MODIS,55,61.03,286.5,9.8,D,0
42.8764,-124.4061,301.8,2.4,1.5,2025-01-09,1857,Terra,MODIS,49,61.03,287.2,20.3,D,0
41.0176,-123.9534,307.7,2.9,1.6,2025-01-09,1858,Terra,MODIS,66,61.03,286.1,45.2,D,0
26.0103,-81.0404,316,2.7,1.6,2025-01-09,1902,Aqua,MODIS,50,61.03,290.7,53.3,D,0
26.005,-81.0662,357.9,2.7,1.6,2025-01-09,1902,Aqua,MODIS,99,61.03,293.9,340.7,D,0
25.9885,-81.0395,301.5,2.7,1.6,2025-01-09,1902,Aqua,MODIS,15,61.03,289.9,16.1,D,0
25.9831,-81.0652,311.8,2.7,1.6,2025-01-09,1902,Aqua,MODIS,72,61.03,288.5,44.7,D,0
26.0021,-81.043,334,2.7,1.6,2025-01-09,1902,Aqua,MODIS,89,61.03,291.4,140.1,D,0
25.9967,-81.0687,342.5,2.7,1.6,2025-01-09,1902,Aqua,MODIS,93,61.03,292.7,199.3,D,0
26.0103,-81.0722,339.6,2.7,1.6,2025-01-09,1902,Aqua,MODIS,92,61.03,292.5,179.2,D,0
26.2893,-80.9686,305.2,2.6,1.6,2025-01-09,1902,Aqua,MODIS,61,61.03,290.9,27,D,0
26.2882,-80.9487,307.8,2.6,1.6,2025-01-09,1902,Aqua,MODIS,66,61.03,290.1,33.2,D,0
26.3622,-80.8636,357.3,2.6,1.5,2025-01-09,1902,Aqua,MODIS,99,61.03,290.5,313.7,D,0
26.3571,-80.8882,306.7,2.6,1.5,2025-01-09,1902,Aqua,MODIS,21,61.03,288.6,25.5,D,0
26.3755,-80.867,323.9,2.6,1.5,2025-01-09,1902,Aqua,MODIS,83,61.03,289.1,87.4,D,0
26.474,-80.516,309,2.4,1.5,2025-01-09,1902,Aqua,MODIS,68,61.03,293.9,24.8,D,0
26.4694,-80.5391,359.4,2.4,1.5,2025-01-09,1902,Aqua,MODIS,99,61.03,296.4,301.1,D,0
26.4704,-80.5199,331.9,2.4,1.5,2025-01-09,1902,Aqua,MODIS,88,61.03,294.3,107.3,D,0
26.4656,-80.5431,354.6,2.4,1.5,2025-01-09,1902,Aqua,MODIS,98,61.03,297.7,257.6,D,0
26.5074,-80.8803,323.8,2.6,1.5,2025-01-09,1902,Aqua,MODIS,83,61.03,292.2,78.3,D,0
26.5205,-80.8648,320.9,2.5,1.5,2025-01-09,1902,Aqua,MODIS,81,61.03,291.4,69.1,D,0
26.5154,-80.8892,347.5,2.6,1.5,2025-01-09,1902,Aqua,MODIS,95,61.03,294.5,222.3,D,0
26.6847,-80.4612,310.5,2.4,1.5,2025-01-09,1902,Aqua,MODIS,68,61.03,291.7,30,D,0
26.6802,-80.484,307.8,2.4,1.5,2025-01-09,1902,Aqua,MODIS,45,61.03,294.3,23.2,D,0
26.6819,-80.4654,311.5,2.4,1.5,2025-01-09,1902,Aqua,MODIS,71,61.03,291.7,35.1,D,0
26.7301,-81.3354,310.9,2.7,1.6,2025-01-09,1902,Aqua,MODIS,44,61.03,292.7,39.5,D,0
27.1132,-81.6648,302,2.8,1.6,2025-01-09,1902,Aqua,MODIS,50,61.03,290.3,19.7,D,0
26.2944,-80.9436,303.5,2.6,1.6,2025-01-09,1902,Aqua,MODIS,56,61.03,290.5,22.5,D,0
25.9914,-81.0627,332.3,2.7,1.6,2025-01-09,1902,Aqua,MODIS,85,61.03,291.1,131,D,0
27.3167,-82.0898,303.4,3,1.6,2025-01-09,1903,Aqua,MODIS,56,61.03,291.5,22.4,D,0
27.3652,-82.0729,304.5,3,1.6,2025-01-09,1903,Aqua,MODIS,59,61.03,290.5,26.4,D,0
27.3677,-82.0809,300.9,3,1.6,2025-01-09,1903,Aqua,MODIS,43,61.03,290.8,17.3,D,0
27.5447,-81.3898,301.7,2.6,1.6,2025-01-09,1903,Aqua,MODIS,49,61.03,288.6,20,D,0
27.7212,-81.2573,327.7,2.5,1.5,2025-01-09,1903,Aqua,MODIS,85,61.03,290,104.6,D,0
27.7212,-81.2382,303.9,2.5,1.5,2025-01-09,1903,Aqua,MODIS,57,61.03,288.4,23.8,D,0
27.716,-81.2627,324.7,2.5,1.5,2025-01-09,1903,Aqua,MODIS,83,61.03,289.4,90.4,D,0
27.7822,-82.0987,313.9,2.9,1.6,2025-01-09,1903,Aqua,MODIS,56,61.03,289.3,62.8,D,0
28.2488,-82.6029,306.4,3.1,1.7,2025-01-09,1903,Aqua,MODIS,63,61.03,286,44.1,D,0
29.253,-82.9323,310.4,3.1,1.7,2025-01-09,1903,Aqua,MODIS,37,61.03,284.3,62.3,D,0
29.5604,-81.5791,313.7,2.4,1.5,2025-01-09,1903,Aqua,MODIS,59,61.03,283.2,52.9,D,0
29.5554,-81.6029,329.6,2.4,1.5,2025-01-09,1903,Aqua,MODIS,82,61.03,284.3,112.7,D,0
29.5592,-82.663,310.9,2.9,1.6,2025-01-09,1903,Aqua,MODIS,44,61.03,286.8,54.2,D,0
29.5684,-82.6402,311.3,2.9,1.6,2025-01-09,1903,Aqua,MODIS,71,61.03,286.2,54.5,D,0
29.5622,-82.6684,307.4,2.9,1.6,2025-01-09,1903,Aqua,MODIS,65,61.03,287.9,42.6,D,0
29.804,-81.8174,313.7,2.5,1.5,2025-01-09,1903,Aqua,MODIS,70,61.03,283.2,56.6,D,0
29.9374,-84.47,300.2,3.8,1.8,2025-01-09,1903,Aqua,MODIS,0,61.03,283.5,45.4,D,0
33.614,-82.4662,302.8,2.2,1.4,2025-01-09,1904,Aqua,MODIS,47,61.03,280.2,27.2,D,0
31.1508,-81.64,302,2.2,1.5,2025-01-09,1904,Aqua,MODIS,50,61.03,282.5,24,D,0
30.6486,-85.079,308.8,3.9,1.8,2025-01-09,1904,Aqua,MODIS,68,61.03,283.4,79.5,D,0
30.6392,-85.1181,303.8,4,1.9,2025-01-09,1904,Aqua,MODIS,57,61.03,283.5,57.2,D,0
31.1407,-83.5599,305.7,3,1.7,2025-01-09,1904,Aqua,MODIS,62,61.03,283.1,45.7,D,0
30.6534,-86.2839,319.4,4.7,2,2025-01-09,1904,Aqua,MODIS,79,61.03,283.3,190.1,D,0
30.6542,-86.2921,317.1,4.7,2,2025-01-09,1904,Aqua,MODIS,77,61.03,283.2,161,D,0
31.6175,-82.4706,303.3,2.5,1.5,2025-01-09,1904,Aqua,MODIS,56,61.03,283.3,29.6,D,0
31.92,-82.3691,303.2,2.4,1.5,2025-01-09,1904,Aqua,MODIS,55,61.03,283.4,28.9,D,0
32.0303,-82.4871,307.3,2.4,1.5,2025-01-09,1904,Aqua,MODIS,65,61.03,283.6,36.4,D,0
32.0251,-82.5116,304.1,2.4,1.5,2025-01-09,1904,Aqua,MODIS,58,61.03,284,29.7,D,0
31.7824,-83.7744,306.7,3,1.7,2025-01-09,1904,Aqua,MODIS,64,61.03,280.8,50.2,D,0
31.8664,-83.7367,304,3,1.6,2025-01-09,1904,Aqua,MODIS,58,61.03,282.4,39.1,D,0
31.8545,-83.7403,305.7,3,1.6,2025-01-09,1904,Aqua,MODIS,62,61.03,282.9,44.3,D,0
32.4444,-81.911,313.1,2.2,1.4,2025-01-09,1904,Aqua,MODIS,73,61.03,283.1,45.3,D,0
32.4455,-81.9184,311.1,2.2,1.4,2025-01-09,1904,Aqua,MODIS,71,61.03,283.1,40.5,D,0
32.4184,-82.4777,302.8,2.4,1.5,2025-01-09,1904,Aqua,MODIS,54,61.03,281.7,27.7,D,0
33.0597,-79.787,301.7,1.5,1.2,2025-01-09,1904,Aqua,MODIS,48,61.03,279.4,14.5,D,0
33.0567,-79.8029,315.7,1.5,1.2,2025-01-09,1904,Aqua,MODIS,72,61.03,281.3,32.5,D,0
33.0524,-79.7918,308.4,1.5,1.2,2025-01-09,1904,Aqua,MODIS,67,61.03,279.9,22.2,D,0
32.5998,-82.3877,332.9,2.3,1.5,2025-01-09,1904,Aqua,MODIS,88,61.03,283.3,121.1,D,0
32.5948,-82.4114,330.2,2.3,1.5,2025-01-09,1904,Aqua,MODIS,87,61.03,284.4,109.9,D,0
32.7968,-81.6252,301,2,1.4,2025-01-09,1904,Aqua,MODIS,44,61.03,281.9,18.5,D,0
32.7926,-81.6459,300.2,2.1,1.4,2025-01-09,1904,Aqua,MODIS,30,61.03,282,17.4,D,0
32.7998,-81.6308,305.7,2,1.4,2025-01-09,1904,Aqua,MODIS,62,61.03,281.9,28.1,D,0
31.9021,-85.7955,307.6,4.1,1.9,2025-01-09,1904,Aqua,MODIS,66,61.03,281.3,85.6,D,0
32.2721,-84.2989,302.9,3.2,1.7,2025-01-09,1904,Aqua,MODIS,54,61.03,281.7,43.2,D,0
32.2794,-84.2745,301.9,3.2,1.7,2025-01-09,1904,Aqua,MODIS,49,61.03,281.5,37.4,D,0
31.9081,-85.8051,301.9,4.1,1.9,2025-01-09,1904,Aqua,MODIS,50,61.03,280.7,54.7,D,0
33.1773,-80.4649,304.9,1.7,1.3,2025-01-09,1904,Aqua,MODIS,60,61.03,279.6,21.1,D,0
32.8443,-82.1798,305.4,2.2,1.4,2025-01-09,1904,Aqua,MODIS,49,61.03,283,24.9,D,0
32.8567,-82.1836,321.7,2.2,1.4,2025-01-09,1904,Aqua,MODIS,81,61.03,282.6,68.6,D,0
32.844,-82.1846,307.3,2.2,1.4,2025-01-09,1904,Aqua,MODIS,25,61.03,283.1,27.4,D,0
32.8564,-82.1884,318.8,2.2,1.4,2025-01-09,1904,Aqua,MODIS,79,61.03,282.8,57.7,D,0
32.8551,-82.5074,300,2.3,1.5,2025-01-09,1904,Aqua,MODIS,21,61.03,281.8,21.7,D,0
33.4577,-80.0961,323.7,1.6,1.2,2025-01-09,1904,Aqua,MODIS,83,61.03,279.4,48.2,D,0
33.4546,-80.1123,361.7,1.6,1.2,2025-01-09,1904,Aqua,MODIS,100,61.03,284.7,184.5,D,0
33.4594,-80.1016,341.7,1.6,1.2,2025-01-09,1904,Aqua,MODIS,92,61.03,280.8,94.8,D,0
33.4562,-80.1178,335.5,1.6,1.2,2025-01-09,1904,Aqua,MODIS,90,61.03,283.6,75.3,D,0
33.2434,-81.4192,300.9,1.9,1.4,2025-01-09,1904,Aqua,MODIS,42,61.03,281.1,18.3,D,0
32.9558,-82.9133,309.9,2.5,1.5,2025-01-09,1904,Aqua,MODIS,69,61.03,281.5,47.7,D,0
33.128,-82.3615,314,2.2,1.5,2025-01-09,1904,Aqua,MODIS,74,61.03,281.6,49.4,D,0
33.99,-78.0084,303.9,1.2,1.1,2025-01-09,1904,Aqua,MODIS,58,61.03,279.4,11.9,D,0
33.7168,-79.6504,319.3,1.5,1.2,2025-01-09,1904,Aqua,MODIS,79,61.03,281.3,36.3,D,0
33.6652,-80.6023,304.3,1.7,1.3,2025-01-09,1904,Aqua,MODIS,59,61.03,280.3,19,D,0
33.6796,-80.5883,300.8,1.7,1.3,2025-01-09,1904,Aqua,MODIS,37,61.03,278.5,14.6,D,0
33.7499,-80.4638,306.4,1.6,1.3,2025-01-09,1904,Aqua,MODIS,63,61.03,279.5,22,D,0
33.7151,-80.7642,320.5,1.7,1.3,2025-01-09,1904,Aqua,MODIS,80,61.03,279.9,46.4,D,0
33.7117,-80.782,324.3,1.7,1.3,2025-01-09,1904,Aqua,MODIS,83,61.03,280.4,55,D,0
33.7135,-80.7686,331.5,1.7,1.3,2025-01-09,1904,Aqua,MODIS,87,61.03,280.7,75.5,D,0
33.7099,-80.7864,308.7,1.7,1.3,2025-01-09,1904,Aqua,MODIS,67,61.03,280,26.3,D,0
33.4999,-82.3779,312.4,2.2,1.4,2025-01-09,1904,Aqua,MODIS,72,61.03,279.9,46.3,D,0
33.6188,-82.4434,305.1,2.2,1.4,2025-01-09,1904,Aqua,MODIS,57,61.03,280.5,31.5,D,0
32.7688,-86.3435,308.9,4.2,1.9,2025-01-09,1904,Aqua,MODIS,68,61.03,279.6,99.2,D,0
33.3778,-83.9178,304.6,2.8,1.6,2025-01-09,1904,Aqua,MODIS,59,61.03,280.9,42.2,D,0
33.3714,-83.9463,319.6,2.8,1.6,2025-01-09,1904,Aqua,MODIS,79,61.03,281.9,94.4,D,0
33.6768,-83.167,302.5,2.5,1.5,2025-01-09,1904,Aqua,MODIS,52,61.03,279.6,31.7,D,0
34.72,-78.0363,302.2,1.2,1.1,2025-01-09,1904,Aqua,MODIS,51,61.03,277.9,10.6,D,0
33.9143,-82.6322,312.4,2.2,1.4,2025-01-09,1904,Aqua,MODIS,68,61.03,279.7,47.1,D,0
33.9094,-82.6549,318.9,2.2,1.5,2025-01-09,1904,Aqua,MODIS,79,61.03,281.2,65.5,D,0
35.2377,-78.3876,302.5,1.2,1.1,2025-01-09,1904,Aqua,MODIS,52,61.03,277.9,10.8,D,0
36.7968,-78.6944,305.7,1.2,1.1,2025-01-09,1905,Aqua,MODIS,62,61.03,275.4,14,D,0
30.5266,-102.8852,309.2,1.4,1.2,2025-01-09,2042,Aqua,MODIS,68,61.03,285.8,16.7,D,0
30.9606,-103.4527,301.6,1.5,1.2,2025-01-09,2042,Aqua,MODIS,30,61.03,284.7,6.9,D,0
34.0757,-118.5841,314.6,1.7,1.3,2025-01-09,2221,Aqua,MODIS,75,61.03,299.4,18.3,D,0
34.0738,-118.6027,315.2,1.7,1.3,2025-01-09,2221,Aqua,MODIS,57,61.03,297.4,17.7,D,0
34.0667,-118.6736,327.9,1.6,1.3,2025-01-09,2221,Aqua,MODIS,85,61.03,301.8,43.6,D,0
34.0651,-118.6891,331.9,1.6,1.3,2025-01-09,2221,Aqua,MODIS,88,61.03,301.7,55.5,D,0
34.0939,-118.5156,322.7,1.7,1.3,2025-01-09,2221,Aqua,MODIS,80,61.03,294.2,34.1,D,0
34.0921,-118.5335,357.1,1.7,1.3,2025-01-09,2221,Aqua,MODIS,99,61.03,302.2,157.1,D,0
34.0903,-118.552,354.8,1.7,1.3,2025-01-09,2221,Aqua,MODIS,98,61.03,306.5,140.7,D,0
34.0886,-118.5681,332.9,1.7,1.3,2025-01-09,2221,Aqua,MODIS,86,61.03,301,56.1,D,0
34.0868,-118.586,357.5,1.7,1.3,2025-01-09,2221,Aqua,MODIS,99,61.03,302.5,157,D,0
34.0851,-118.6035,370.3,1.7,1.3,2025-01-09,2221,Aqua,MODIS,100,61.03,302.3,234.7,D,2
34.1051,-118.5176,382.6,1.7,1.3,2025-01-09,2221,Aqua,MODIS,100,61.03,299.8,340.7,D,0
34.1033,-118.5358,472.2,1.7,1.3,2025-01-09,2221,Aqua,MODIS,100,61.03,331.7,2213.8,D,0
34.1014,-118.5542,429.3,1.7,1.3,2025-01-09,2221,Aqua,MODIS,100,61.03,321.6,1003.5,D,0
34.0997,-118.5711,330,1.7,1.3,2025-01-09,2221,Aqua,MODIS,63,61.03,300,48.5,D,0
34.1145,-118.5371,314.6,1.7,1.3,2025-01-09,2221,Aqua,MODIS,47,61.03,296.8,19.4,D,0
34.2038,-118.0761,339.9,1.8,1.3,2025-01-09,2221,Aqua,MODIS,92,61.03,295.1,90.6,D,0
34.2169,-118.0621,362.3,1.8,1.3,2025-01-09,2221,Aqua,MODIS,100,61.03,297.1,210.5,D,0
34.2153,-118.0782,372.7,1.8,1.3,2025-01-09,2221,Aqua,MODIS,100,61.03,304.5,287.7,D,0
34.2135,-118.0973,322.3,1.8,1.3,2025-01-09,2221,Aqua,MODIS,48,61.03,295.9,36.1,D,0
34.2267,-118.0818,352.4,1.8,1.3,2025-01-09,2221,Aqua,MODIS,97,61.03,297.8,150.5,D,0
34.2249,-118.1011,359.6,1.8,1.3,2025-01-09,2221,Aqua,MODIS,99,61.03,299.2,189.5,D,0
34.2231,-118.1188,394.7,1.8,1.3,2025-01-09,2221,Aqua,MODIS,100,61.03,306.3,514.6,D,0
34.2346,-118.1211,335,1.8,1.3,2025-01-09,2221,Aqua,MODIS,89,61.03,293.9,76.6,D,0
36.1407,-121.094,304.6,1.3,1.1,2025-01-09,2222,Aqua,MODIS,59,61.03,294.2,5.2,D,0
38.4995,-121.9284,305.5,1.2,1.1,2025-01-09,2222,Aqua,MODIS,61,61.03,291.7,7.9,D,0
38.4979,-121.9422,301.8,1.2,1.1,2025-01-09,2222,Aqua,MODIS,49,61.03,291.3,5,D,0
39.7839,-122.2799,303,1.2,1.1,2025-01-09,2223,Aqua,MODIS,54,61.03,289.9,7.1,D,0
40.2034,-121.2361,301.5,1.4,1.2,2025-01-09,2223,Aqua,MODIS,47,61.03,278.3,13.2,D,0
40.0382,-123.2432,300.1,1.1,1.1,2025-01-09,2223,Aqua,MODIS,18,61.03,289.1,3.8,D,0
40.0368,-123.2553,308.4,1.1,1.1,2025-01-09,2223,Aqua,MODIS,67,61.03,291.2,9.6,D,0
40.046,-123.2575,303,1.1,1.1,2025-01-09,2223,Aqua,MODIS,31,61.03,290.5,5.6,D,0
40.2881,-123.6153,301.8,1.1,1,2025-01-09,2223,Aqua,MODIS,49,61.03,290.6,5.4,D,0
41.0197,-123.9525,304.4,1.1,1,2025-01-09,2223,Aqua,MODIS,59,61.03,289.7,7.6,D,0
41.0181,-123.9648,308.1,1.1,1,2025-01-09,2223,Aqua,MODIS,66,61.03,291.3,10.2,D,0
41.4344,-124.0086,303.2,1.1,1,2025-01-09,2223,Aqua,MODIS,32,61.03,286.2,6.9,D,0
41.4452,-123.9977,308,1.1,1,2025-01-09,2223,Aqua,MODIS,66,61.03,286.2,10.9,D,0
41.4436,-124.0106,308.8,1.1,1,2025-01-09,2223,Aqua,MODIS,68,61.03,286.3,11.4,D,0
42.8653,-124.4186,309.4,1.1,1,2025-01-09,2224,Aqua,MODIS,69,61.03,289.2,11.3,D,0
46.0602,-122.4339,314.4,1.5,1.2,2025-01-09,2224,Aqua,MODIS,75,61.03,283.2,26.2,D,0
46.0568,-122.4228,304.7,1.5,1.2,2025-01-09,2224,Aqua,MODIS,28,61.03,281.9,13.9,D,0
46.6652,-123.2631,304.3,1.4,1.2,2025-01-09,2225,Aqua,MODIS,59,61.03,281.9,14,D,0
26.017,-81.0364,300.6,1,1,2025-01-10,0241,Terra,MODIS,31,61.03,282.3,6.4,N,0
32.3651,-82.6265,301.5,1,1,2025-01-10,0243,Terra,MODIS,41,61.03,270.9,9.9,N,0
33.1251,-82.1423,304.3,1,1,2025-01-10,0243,Terra,MODIS,60,61.03,269.3,11.8,N,0
34.0896,-118.5004,307.8,3.6,1.8,2025-01-10,0422,Terra,MODIS,50,61.03,286.9,62.8,N,0
34.0812,-118.5359,312.1,3.6,1.8,2025-01-10,0422,Terra,MODIS,67,61.03,286.9,80.9,N,0
34.105,-118.5046,344.9,3.6,1.8,2025-01-10,0422,Terra,MODIS,100,61.03,290,344.8,N,0
34.0966,-118.5401,354.4,3.6,1.8,2025-01-10,0422,Terra,MODIS,100,61.03,294,478.6,N,0
34.1205,-118.5084,303.3,3.6,1.8,2025-01-10,0422,Terra,MODIS,15,61.03,285.8,44.2,N,0
34.112,-118.5445,334.9,3.6,1.8,2025-01-10,0422,Terra,MODIS,100,61.03,288.3,242.8,N,0
34.2295,-118.1069,320.8,3.4,1.7,2025-01-10,0422,Terra,MODIS,100,61.03,282.5,125.9,N,0
34.1155,-118.5128,341,3.6,1.8,2025-01-10,0422,Terra,MODIS,100,61.03,289.4,302.3,N,0
34.1067,-118.5491,341.3,3.6,1.8,2025-01-10,0422,Terra,MODIS,100,61.03,291.8,307.4,N,0
34.2354,-118.0767,305.7,3.4,1.7,2025-01-10,0422,Terra,MODIS,65,61.03,282,55.3,N,0
34.2266,-118.1139,317.1,3.4,1.7,2025-01-10,0422,Terra,MODIS,94,61.03,282.4,105.8,N,0
34.0735,-118.6665,313.2,1.6,1.3,2025-01-10,1022,Aqua,MODIS,87,61.03,284.8,30,N,0
34.0756,-118.6863,324.1,1.6,1.3,2025-01-10,1022,Aqua,MODIS,100,61.03,285.4,50.5,N,0
34.1038,-118.5189,309,1.6,1.2,2025-01-10,1022,Aqua,MODIS,76,61.03,289,22.3,N,0
34.1055,-118.5353,319.6,1.6,1.2,2025-01-10,1022,Aqua,MODIS,99,61.03,287.9,38.9,N,0
34.1072,-118.5516,326.4,1.6,1.2,2025-01-10,1022,Aqua,MODIS,100,61.03,287.6,52.1,N,0
34.1147,-118.5167,351.1,1.6,1.2,2025-01-10,1022,Aqua,MODIS,100,61.03,291.4,132,N,0
34.1164,-118.5339,360.5,1.6,1.2,2025-01-10,1022,Aqua,MODIS,100,61.03,291.9,177.6,N,0
34.2292,-118.0801,303.6,1.5,1.2,2025-01-10,1022,Aqua,MODIS,32,61.03,281.4,14.9,N,0
34.2309,-118.0959,303.4,1.5,1.2,2025-01-10,1022,Aqua,MODIS,42,61.03,280.3,15,N,0
32.8448,-115.2792,301.7,1.1,1,2025-01-10,1023,Aqua,MODIS,44,61.03,281.2,9,N,0
32.8464,-115.2903,349.8,1.1,1,2025-01-10,1023,Aqua,MODIS,100,61.03,286.2,72.3,N,0
27.3223,-81.3557,305.4,2.3,1.5,2025-01-10,1446,Terra,MODIS,0,61.03,287.9,22.8,D,0
26.6932,-80.7147,325,2,1.4,2025-01-10,1446,Terra,MODIS,0,61.03,290.2,62.9,D,0
26.7274,-80.4355,345.8,1.9,1.4,2025-01-10,1446,Terra,MODIS,94,61.03,291.6,137.9,D,0
27.003,-80.4606,321.4,2,1.4,2025-01-10,1446,Terra,MODIS,76,61.03,289.9,49.8,D,0
26.6066,-80.5594,306.5,2,1.4,2025-01-10,1447,Terra,MODIS,14,61.03,291.7,12.9,D,0
26.5965,-80.5801,313.9,2,1.4,2025-01-10,1447,Terra,MODIS,74,61.03,292.7,28.4,D,0
26.5945,-80.5608,309.4,2,1.4,2025-01-10,1447,Terra,MODIS,65,61.03,291.7,18.1,D,0
26.6894,-80.7208,328.7,2,1.4,2025-01-10,1447,Terra,MODIS,65,61.03,290,75,D,0
26.6513,-80.5861,308,2,1.4,2025-01-10,1447,Terra,MODIS,66,61.03,291.2,18.7,D,0
26.6494,-80.5667,328.5,2,1.4,2025-01-10,1447,Terra,MODIS,86,61.03,292,70.2,D,0
26.6009,-80.5723,332.7,2,1.4,2025-01-10,1447,Terra,MODIS,88,61.03,292.3,84,D,0
26.6086,-80.5787,308.9,2,1.4,2025-01-10,1447,Terra,MODIS,44,61.03,291.5,18,D,0
41.8872,-95.9228,304.1,1,1,2025-01-10,1621,Terra,MODIS,55,61.03,268.1,11.4,D,0
33.9746,-99.8534,302.7,1.2,1.1,2025-01-10,1623,Terra,MODIS,53,61.03,272.8,12.4,D,0
33.9731,-99.8411,310.3,1.2,1.1,2025-01-10,1623,Terra,MODIS,70,61.03,272.7,18.4,D,0
29.1968,-99.4641,304.9,1,1,2025-01-10,1624,Terra,MODIS,60,61.03,276.7,9.7,D,0
32.1539,-101.9246,311.1,1.4,1.2,2025-01-10,1624,Terra,MODIS,71,61.03,276.2,20.2,D,0
29.1864,-99.4619,303.2,1,1,2025-01-10,1624,Terra,MODIS,55,61.03,278.5,9.3,D,0
32.1576,-101.9301,304.8,1.4,1.2,2025-01-10,1624,Terra,MODIS,21,61.03,275.7,12.7,D,0
42.3608,-122.6155,311.5,1.2,1.1,2025-01-10,1759,Terra,MODIS,71,61.03,277.5,17.8,D,0
40.0601,-120.8497,303.9,1,1,2025-01-10,1800,Terra,MODIS,57,61.03,273.2,10.6,D,0
39.5603,-121.3271,307.4,1,1,2025-01-10,1800,Terra,MODIS,65,61.03,284.1,10.2,D,0
34.1079,-118.5513,370.2,1.2,1.1,2025-01-10,1801,Terra,MODIS,100,61.03,300.7,149,D,0
34.7176,-118.3073,300.4,1.2,1.1,2025-01-10,1801,Terra,MODIS,37,61.03,287.5,4.5,D,0
34.1151,-118.536,401.2,1.2,1.1,2025-01-10,1801,Terra,MODIS,100,61.03,305.4,336.3,D,0
34.113,-118.5236,383.1,1.2,1.1,2025-01-10,1801,Terra,MODIS,100,61.03,302,214.9,D,0
34.11,-118.5638,351.4,1.2,1.1,2025-01-10,1801,Terra,MODIS,96,61.03,294.7,83,D,0
34.1057,-118.5386,351.5,1.2,1.1,2025-01-10,1801,Terra,MODIS,97,61.03,296.7,82.6,D,0
34.1035,-118.5256,312.7,1.2,1.1,2025-01-10,1801,Terra,MODIS,66,61.03,294.5,12.4,D,0
34.0857,-118.5945,309.9,1.2,1.1,2025-01-10,1801,Terra,MODIS,47,61.03,292.5,10.1,D,2
34.0762,-118.5967,309.3,1.2,1.1,2025-01-10,1801,Terra,MODIS,47,61.03,292.1,8.7,D,0
34.0815,-118.6852,370.2,1.2,1.1,2025-01-10,1801,Terra,MODIS,100,61.03,294.4,147.3,D,0
34.0796,-118.674,396.1,1.2,1.1,2025-01-10,1801,Terra,MODIS,100,61.03,299.9,292.4,D,0
34.0722,-118.6879,337,1.2,1.1,2025-01-10,1801,Terra,MODIS,90,61.03,291.3,47.4,D,0
34.0702,-118.6762,349.1,1.2,1.1,2025-01-10,1801,Terra,MODIS,96,61.03,292.7,74.6,D,0
32.5729,-114.5991,301.3,2.2,1.4,2025-01-10,1802,Terra,MODIS,21,61.03,289.6,9.9,D,0
33.341,-117.238,313.9,1.4,1.2,2025-01-10,1802,Terra,MODIS,74,61.03,291.3,19,D,2
26.3173,-81.1674,305.6,1.1,1,2025-01-10,1941,Aqua,MODIS,55,61.03,294.9,4.9,D,0
26.0194,-81.0573,331.9,1.1,1,2025-01-10,1941,Aqua,MODIS,67,61.03,296.1,28,D,0
26.5043,-80.8681,318.6,1.1,1,2025-01-10,1941,Aqua,MODIS,59,61.03,295.5,12.7,D,0
26.5029,-80.8787,347.4,1.1,1,2025-01-10,1941,Aqua,MODIS,95,61.03,299.1,58.4,D,0
26.4528,-81.2553,333,1.1,1,2025-01-10,1941,Aqua,MODIS,87,61.03,295.2,33,D,0
26.4514,-81.2656,323,1.1,1,2025-01-10,1941,Aqua,MODIS,80,61.03,294.3,19.6,D,0
26.5134,-80.8696,316.5,1.1,1,2025-01-10,1941,Aqua,MODIS,39,61.03,295.9,10.4,D,0
26.5106,-80.8908,354.9,1.1,1,2025-01-10,1941,Aqua,MODIS,98,61.03,300,75.3,D,0
26.512,-80.8802,423.8,1.1,1,2025-01-10,1941,Aqua,MODIS,100,61.03,307.8,477,D,0
26.0285,-81.0588,324,1.1,1,2025-01-10,1941,Aqua,MODIS,57,61.03,294.8,18.7,D,0
29.1194,-81.2063,328.7,1.1,1.1,2025-01-10,1942,Aqua,MODIS,86,61.03,292.1,31.2,D,0
29.033,-82.2737,304.1,1,1,2025-01-10,1942,Aqua,MODIS,58,61.03,292,4.8,D,0
29.3047,-82.516,305,1,1,2025-01-10,1942,Aqua,MODIS,57,61.03,291.6,4.7,D,0
29.4476,-81.6583,328.5,1.1,1,2025-01-10,1942,Aqua,MODIS,65,61.03,290.5,29.5,D,0
29.4461,-81.6692,312.3,1.1,1,2025-01-10,1942,Aqua,MODIS,0,61.03,288.5,12.5,D,0
29.3921,-82.2781,301.8,1,1,2025-01-10,1942,Aqua,MODIS,49,61.03,290.7,3.3,D,0
29.5234,-81.9848,319,1.1,1,2025-01-10,1942,Aqua,MODIS,75,61.03,290.5,17.4,D,0
29.522,-81.9954,311.5,1.1,1,2025-01-10,1942,Aqua,MODIS,71,61.03,289.6,10.5,D,0
29.7098,-81.2744,302.9,1.1,1.1,2025-01-10,1942,Aqua,MODIS,54,61.03,287.5,6.4,D,0
29.7083,-81.2857,319.9,1.1,1.1,2025-01-10,1942,Aqua,MODIS,80,61.03,288.4,21.4,D,0
29.1971,-81.5293,306.7,1.1,1,2025-01-10,1942,Aqua,MODIS,56,61.03,289.8,8,D,0
26.6271,-81.3287,308.3,1.1,1,2025-01-10,1942,Aqua,MODIS,41,61.03,294.2,5.7,D,0
26.6361,-81.3302,309.6,1.1,1,2025-01-10,1942,Aqua,MODIS,58,61.03,294.2,6.4,D,0
26.6347,-81.3405,309.8,1.1,1,2025-01-10,1942,Aqua,MODIS,55,61.03,294.2,6.7,D,0
27.3233,-81.3633,307,1.1,1,2025-01-10,1942,Aqua,MODIS,0,61.03,291.1,5.7,D,0
27.5342,-80.6605,306.2,1.1,1.1,2025-01-10,1942,Aqua,MODIS,50,61.03,294.4,5.6,D,0
27.4987,-81.222,319,1.1,1,2025-01-10,1942,Aqua,MODIS,78,61.03,295.4,16.1,D,0
27.4973,-81.2326,320.3,1.1,1,2025-01-10,1942,Aqua,MODIS,79,61.03,294.6,17.1,D,0
27.6321,-80.9753,309.9,1.1,1,2025-01-10,1942,Aqua,MODIS,67,61.03,294.2,9,D,0
28.8897,-80.9879,310.5,1.1,1.1,2025-01-10,1942,Aqua,MODIS,70,61.03,287.8,10.8,D,0
28.8883,-80.9992,326.6,1.1,1.1,2025-01-10,1942,Aqua,MODIS,84,61.03,290.5,28.5,D,0
29.1208,-81.1951,330.4,1.1,1.1,2025-01-10,1942,Aqua,MODIS,87,61.03,291.3,33.8,D,0
31.6898,-99.0899,307,3.2,1.7,2025-01-10,2121,Aqua,MODIS,64,61.03,279.4,56.8,D,0
31.6896,-99.0979,309.3,3.2,1.7,2025-01-10,2121,Aqua,MODIS,68,61.03,279.5,65.5,D,0
33.416,-110.8642,311,1,1,2025-01-10,2122,Aqua,MODIS,71,61.03,291.7,10.4,D,2
32.9501,-115.6478,385.4,1.9,1.3,2025-01-10,2122,Aqua,MODIS,100,61.03,301.8,434,D,0
32.9462,-115.6668,322.1,1.9,1.3,2025-01-10,2122,Aqua,MODIS,80,61.03,295.4,38.3,D,0
32.9616,-115.6512,376.8,1.9,1.3,2025-01-10,2122,Aqua,MODIS,100,61.03,296.2,342.8,D,0
33.0823,-115.3957,314.4,1.8,1.3,2025-01-10,2122,Aqua,MODIS,72,61.03,295.7,25.2,D,0
33.0936,-115.3989,328.9,1.8,1.3,2025-01-10,2122,Aqua,MODIS,85,61.03,297.1,58.7,D,0
34.1134,-118.5041,307,2.7,1.6,2025-01-10,2123,Aqua,MODIS,30,61.03,292.8,23.6,D,0
34.1072,-118.5314,374.5,2.7,1.6,2025-01-10,2123,Aqua,MODIS,100,61.03,300.9,554.1,D,0
34.1012,-118.5584,351.1,2.7,1.6,2025-01-10,2123,Aqua,MODIS,96,61.03,298.5,265.3,D,0
34.1207,-118.5357,339.5,2.7,1.6,2025-01-10,2123,Aqua,MODIS,91,61.03,293.9,172.1,D,0
34.1145,-118.5636,314.8,2.7,1.6,2025-01-10,2123,Aqua,MODIS,53,61.03,293.2,45.7,D,0
34.2265,-118.1012,303.7,2.5,1.5,2025-01-10,2123,Aqua,MODIS,40,61.03,287,22.8,D,0
39.6923,-122.3062,306.3,3.3,1.7,2025-01-10,2124,Aqua,MODIS,63,61.03,283.9,46,D,0
39.6907,-122.3097,307.9,3.3,1.7,2025-01-10,2124,Aqua,MODIS,66,61.03,284.7,51.8,D,0
34.1003,-118.504,342.6,1,1,2025-01-11,0502,Terra,MODIS,100,61.03,286.9,50.8,N,0
34.0987,-118.5146,357.7,1,1,2025-01-11,0502,Terra,MODIS,100,61.03,288.7,83.9,N,0
34.1091,-118.5059,406.6,1,1,2025-01-11,0502,Terra,MODIS,100,61.03,308.4,303,N,0
34.1075,-118.5165,410.5,1,1,2025-01-11,0502,Terra,MODIS,100,61.03,310,331.2,N,0
34.1203,-118.503,338,1,1,2025-01-11,0502,Terra,MODIS,100,61.03,288.2,43.6,N,0
34.1187,-118.5136,408.5,1,1,2025-01-11,0502,Terra,MODIS,100,61.03,320.7,317.2,N,0
34.1171,-118.5243,387.1,1,1,2025-01-11,0502,Terra,MODIS,100,61.03,311.2,191.2,N,0
34.1155,-118.535,358.1,1,1,2025-01-11,0502,Terra,MODIS,100,61.03,301.5,85.4,N,0
34.114,-118.5457,370.9,1,1,2025-01-11,0502,Terra,MODIS,100,61.03,301.9,124.6,N,0
34.1124,-118.5563,312.2,1,1,2025-01-11,0502,Terra,MODIS,84,61.03,287.3,13.8,N,0
34.1275,-118.5155,379.3,1,1,2025-01-11,0502,Terra,MODIS,100,61.03,291.6,156.4,N,0
34.1259,-118.5262,388.1,1,1,2025-01-11,0502,Terra,MODIS,100,61.03,293.2,196.2,N,0
34.1243,-118.5369,378.1,1,1,2025-01-11,0502,Terra,MODIS,100,61.03,292.1,151.7,N,0
34.1228,-118.5476,324.8,1,1,2025-01-11,0502,Terra,MODIS,100,61.03,284.6,25.9,N,0
40.3574,-121.0769,304,1,1,2025-01-11,0504,Terra,MODIS,58,61.03,269.3,12.6,N,0
41.1913,-123.8502,304.3,1.3,1.1,2025-01-11,0504,Terra,MODIS,59,61.03,277.8,15.1,N,0
34.137,-118.5329,354.2,1.4,1.2,2025-01-11,1102,Aqua,MODIS,100,61.03,283.9,121.7,N,0
34.1343,-118.5185,358,1.4,1.2,2025-01-11,1102,Aqua,MODIS,100,61.03,285.4,137.4,N,2
34.1315,-118.504,302,1.4,1.2,2025-01-11,1102,Aqua,MODIS,46,61.03,282.1,12.5,N,0
34.1297,-118.5504,302.5,1.4,1.2,2025-01-11,1102,Aqua,MODIS,49,61.03,281.6,13.5,N,2
34.127,-118.5362,451.8,1.4,1.2,2025-01-11,1102,Aqua,MODIS,100,61.03,309.6,1211.8,N,0
34.1242,-118.5218,424,1.4,1.2,2025-01-11,1102,Aqua,MODIS,100,61.03,301.3,709.4,N,0
34.1214,-118.5069,327.9,1.4,1.2,2025-01-11,1102,Aqua,MODIS,100,61.03,288.5,47.1,N,0
34.1196,-118.5533,317.5,1.4,1.2,2025-01-11,1102,Aqua,MODIS,92,61.03,282.6,29.2,N,0
34.1167,-118.5385,377.7,1.4,1.2,2025-01-11,1102,Aqua,MODIS,100,61.03,293,239.1,N,0
34.114,-118.5241,346.2,1.4,1.2,2025-01-11,1102,Aqua,MODIS,100,61.03,286.6,89.8,N,0
34.1112,-118.5095,402.3,1.4,1.2,2025-01-11,1102,Aqua,MODIS,100,61.03,297.9,442.8,N,0
34.1084,-118.4946,321.4,1.4,1.2,2025-01-11,1102,Aqua,MODIS,100,61.03,284.9,34.6,N,0
34.1195,-118.5435,364.8,1.4,1.2,2025-01-11,1102,Aqua,MODIS,100,61.03,292.1,167.1,N,0
34.1169,-118.5289,344.1,1.4,1.2,2025-01-11,1102,Aqua,MODIS,100,61.03,292.4,84.8,N,0
34.1142,-118.5145,360.2,1.4,1.2,2025-01-11,1102,Aqua,MODIS,100,61.03,292.8,145.5,N,0
34.1115,-118.4994,327.3,1.4,1.2,2025-01-11,1102,Aqua,MODIS,100,61.03,289.3,45.5,N,0
34.104,-118.5168,382.1,1.4,1.2,2025-01-11,1102,Aqua,MODIS,100,61.03,287.1,271.9,N,0
34.1013,-118.502,377.2,1.4,1.2,2025-01-11,1102,Aqua,MODIS,100,61.03,289.8,239.8,N,0
19.4138,-155.2697,307.5,1.4,1.2,2025-01-11,1245,Aqua,MODIS,72,61.03,290.6,18.5,N,1
34.1355,-118.5384,341.8,4.1,1.9,2025-01-11,1703,Terra,MODIS,80,61.03,290.9,360.9,D,0
34.1274,-118.5009,362.8,4.1,1.9,2025-01-11,1703,Terra,MODIS,100,61.03,293.9,711.1,D,0
34.1298,-118.5441,354.9,4.1,1.9,2025-01-11,1703,Terra,MODIS,98,61.03,293,558.7,D,2
34.0856,-118.5424,342.6,4.1,1.9,2025-01-11,1703,Terra,MODIS,93,61.03,289.6,361.9,D,0
34.1002,-118.4978,410.1,4.1,1.9,2025-01-11,1703,Terra,MODIS,100,61.03,299.7,2440.2,D,0
34.1021,-118.5392,367.8,4.1,1.9,2025-01-11,1703,Terra,MODIS,100,61.03,292.6,837.4,D,0
34.1168,-118.4958,359.5,4.1,1.9,2025-01-11,1703,Terra,MODIS,99,61.03,293.3,649.7,D,0
34.1188,-118.5388,361.8,4.1,1.9,2025-01-11,1703,Terra,MODIS,100,61.03,293.8,703,D,0
34.1334,-118.4957,332.7,4.1,1.9,2025-01-11,1703,Terra,MODIS,77,61.03,289.4,250.8,D,2
34.0799,-118.548,311.4,4.1,1.9,2025-01-11,1703,Terra,MODIS,37,61.03,287.5,65.5,D,0
34.0943,-118.5047,410,4.1,1.9,2025-01-11,1703,Terra,MODIS,100,61.03,299.7,2423.6,D,0
34.0965,-118.5458,327.7,4.1,1.9,2025-01-11,1703,Terra,MODIS,84,61.03,290.5,184.1,D,0
34.1109,-118.5027,374.9,4.1,1.9,2025-01-11,1703,Terra,MODIS,100,61.03,296.8,1018.3,D,0
31.3433,-109.2746,301.8,1,1,2025-01-11,1704,Terra,MODIS,49,61.03,284.2,6.1,D,0
31.3502,-109.2559,311.6,1,1,2025-01-11,1704,Terra,MODIS,63,61.03,282,11.3,D,0
31.3419,-109.264,324.8,1,1,2025-01-11,1704,Terra,MODIS,83,61.03,283.2,25.9,D,0
31.3516,-109.2666,357,1,1,2025-01-11,1704,Terra,MODIS,98,61.03,285.7,84.2,D,0
26.4791,-97.7317,304.4,1.6,1.2,2025-01-11,2021,Aqua,MODIS,59,61.03,290.9,8.1,D,0
26.4763,-97.7472,309.5,1.6,1.2,2025-01-11,2021,Aqua,MODIS,69,61.03,290.4,14.6,D,0
26.4811,-97.7389,311.5,1.6,1.2,2025-01-11,2021,Aqua,MODIS,71,61.03,291.1,16.4,D,0
29.9527,-93.8792,315,1,1,2025-01-11,2022,Aqua,MODIS,57,61.03,286.6,13.7,D,2
28.0595,-97.4353,303.9,1.4,1.2,2025-01-11,2022,Aqua,MODIS,57,61.03,289.2,9.5,D,0
28.0569,-97.4493,302,1.4,1.2,2025-01-11,2022,Aqua,MODIS,50,61.03,290,7.6,D,0
28.3661,-98.5422,301.6,1.7,1.3,2025-01-11,2022,Aqua,MODIS,48,61.03,290.8,7.9,D,0
29.9994,-90.4028,314.3,1.2,1.1,2025-01-11,2022,Aqua,MODIS,56,61.03,285.5,19.5,D,2
29.9614,-93.8809,307.1,1,1,2025-01-11,2022,Aqua,MODIS,32,61.03,285.9,7.8,D,2
29.859,-95.2669,301,1.1,1,2025-01-11,2022,Aqua,MODIS,41,61.03,287.5,5,D,0
29.6954,-96.6532,302.5,1.2,1.1,2025-01-11,2022,Aqua,MODIS,52,61.03,287.9,7.4,D,0
29.8559,-96.4835,300.7,1.2,1.1,2025-01-11,2022,Aqua,MODIS,41,61.03,286.7,6.8,D,0
30.7746,-97.5729,300.3,1.3,1.1,2025-01-11,2022,Aqua,MODIS,35,61.03,287.7,6.3,D,0
31.0907,-98.4136,302.6,1.4,1.2,2025-01-11,2023,Aqua,MODIS,53,61.03,287.4,10.3,D,0
31.2219,-98.1407,301.1,1.4,1.2,2025-01-11,2023,Aqua,MODIS,44,61.03,285.8,8.3,D,0
31.2194,-98.1547,310.5,1.4,1.2,2025-01-11,2023,Aqua,MODIS,70,61.03,286.1,18,D,0
34.3573,-98.088,301.5,1.2,1.1,2025-01-11,2023,Aqua,MODIS,47,61.03,282.9,8.9,D,0
34.4943,-97.2347,330.8,1.1,1.1,2025-01-11,2023,Aqua,MODIS,87,61.03,278.9,39.8,D,0
34.4962,-97.2231,347.8,1.1,1.1,2025-01-11,2023,Aqua,MODIS,95,61.03,278.2,72.3,D,0
34.1339,-97.7138,306.1,1.2,1.1,2025-01-11,2023,Aqua,MODIS,48,61.03,276.2,13.9,D,0
33.1306,-98.3496,304.3,1.3,1.1,2025-01-11,2023,Aqua,MODIS,59,61.03,284.6,11.5,D,0
33.133,-98.3361,305.2,1.3,1.1,2025-01-11,2023,Aqua,MODIS,61,61.03,283.7,12.5,D,0
33.2249,-94.703,304.8,1,1,2025-01-11,2023,Aqua,MODIS,60,61.03,283.6,8,D,0
33.2161,-94.7011,303.5,1,1,2025-01-11,2023,Aqua,MODIS,56,61.03,284.1,7.1,D,0
32.2351,-97.8494,304.4,1.3,1.1,2025-01-11,2023,Aqua,MODIS,59,61.03,287.1,9.9,D,0
32.7272,-94.2515,305.2,1,1,2025-01-11,2023,Aqua,MODIS,61,61.03,283.7,8.9,D,0
31.56,-97.4682,303.1,1.2,1.1,2025-01-11,2023,Aqua,MODIS,55,61.03,286.3,8.3,D,0
31.2928,-98.3262,300.4,1.4,1.2,2025-01-11,2023,Aqua,MODIS,37,61.03,286.2,8.4,D,0
31.3723,-97.706,313.1,1.3,1.1,2025-01-11,2023,Aqua,MODIS,62,61.03,287.2,16.5,D,0
31.3746,-97.6929,338.9,1.3,1.1,2025-01-11,2023,Aqua,MODIS,91,61.03,288.6,60.2,D,0
31.3648,-97.6905,308.1,1.3,1.1,2025-01-11,2023,Aqua,MODIS,58,61.03,288.2,12.1,D,0
31.3671,-97.6775,316.3,1.3,1.1,2025-01-11,2023,Aqua,MODIS,77,61.03,288,21,D,0
36.5401,-98.6773,304,1.2,1.1,2025-01-11,2024,Aqua,MODIS,58,61.03,276.5,13,D,0
34.619,-99.7194,303.1,1.5,1.2,2025-01-11,2024,Aqua,MODIS,55,61.03,286.3,10.3,D,0
34.6708,-99.5592,307.7,1.4,1.2,2025-01-11,2024,Aqua,MODIS,66,61.03,287.5,14.4,D,0
35.9014,-97.0457,312.8,1.1,1,2025-01-11,2024,Aqua,MODIS,73,61.03,279.1,16.4,D,0
37.6419,-95.6777,302.1,1,1,2025-01-11,2024,Aqua,MODIS,48,61.03,274.9,8.4,D,0
37.6403,-95.6887,300.1,1,1,2025-01-11,2024,Aqua,MODIS,28,61.03,276.2,7.4,D,0
31.3391,-109.2656,305.8,3.1,1.7,2025-01-11,2201,Aqua,MODIS,57,61.03,291.9,23.3,D,0
34.0944,-118.5097,376.2,1,1,2025-01-11,2202,Aqua,MODIS,100,61.03,306.6,135.5,D,0
34.1047,-118.5008,357.3,1,1,2025-01-11,2202,Aqua,MODIS,91,61.03,297.5,72.9,D,0
34.1032,-118.5116,340.3,1,1,2025-01-11,2202,Aqua,MODIS,62,61.03,304,35.8,D,0
34.1135,-118.5027,392.9,1,1,2025-01-11,2202,Aqua,MODIS,100,61.03,304.4,210.5,D,0
34.112,-118.5134,375.7,1,1,2025-01-11,2202,Aqua,MODIS,100,61.03,311.4,130.1,D,0
34.1061,-118.5563,410.6,1,1,2025-01-11,2202,Aqua,MODIS,100,61.03,304.6,322.6,D,0
34.1046,-118.5669,325.7,1,1,2025-01-11,2202,Aqua,MODIS,81,61.03,294.8,19.1,D,0
34.1223,-118.5045,321.3,1,1,2025-01-11,2202,Aqua,MODIS,48,61.03,296.9,14.6,D,0
34.1208,-118.5152,343.5,1,1,2025-01-11,2202,Aqua,MODIS,93,61.03,307.2,44.7,D,0
34.1164,-118.5472,393,1,1,2025-01-11,2202,Aqua,MODIS,100,61.03,321.7,210.4,D,0
34.0642,-117.2809,313.4,1.1,1,2025-01-11,2202,Aqua,MODIS,72,61.03,295.8,10,D,2
34.0657,-117.2695,311.1,1.1,1,2025-01-11,2202,Aqua,MODIS,69,61.03,295.3,8.1,D,2
34.1149,-118.558,467.1,1,1,2025-01-11,2202,Aqua,MODIS,100,61.03,400.1,971.1,D,0
34.1134,-118.5686,326.7,1,1,2025-01-11,2202,Aqua,MODIS,84,61.03,298.3,20.7,D,0
34.1252,-118.549,357.7,1,1,2025-01-11,2202,Aqua,MODIS,99,61.03,304.4,75.4,D,0
34.1237,-118.5597,370.1,1,1,2025-01-11,2202,Aqua,MODIS,100,61.03,304.3,113.8,D,0
34.0856,-118.5078,342.1,1,1,2025-01-11,2202,Aqua,MODIS,54,61.03,299.1,39.7,D,0
36.4289,-120.9493,303.9,1,1,2025-01-11,2203,Aqua,MODIS,57,61.03,289.4,5.8,D,0
36.4272,-120.9604,310.5,1,1,2025-01-11,2203,Aqua,MODIS,70,61.03,290.2,10.4,D,0
40.0538,-123.2675,313.6,1.1,1,2025-01-11,2204,Aqua,MODIS,74,61.03,282.8,15.7,D,0
46.0827,-118.7818,309.2,1.3,1.1,2025-01-11,2205,Aqua,MODIS,68,61.03,281.6,16.8,D,0
46.081,-118.7977,339.2,1.3,1.1,2025-01-11,2205,Aqua,MODIS,91,61.03,283.2,64.6,D,0
31.5518,-82.6258,301.2,1.5,1.2,2025-01-12,0224,Terra,MODIS,39,61.03,271.7,18.1,N,0
33.0103,-79.8832,301,1.1,1,2025-01-12,0224,Terra,MODIS,36,61.03,275.4,9.6,N,2
30.0086,-90.3916,304.2,1.7,1.3,2025-01-12,0826,Aqua,MODIS,59,61.03,276.8,23.7,N,2
29.9972,-90.3931,316,1.7,1.3,2025-01-12,0826,Aqua,MODIS,82,61.03,277.7,39.6,N,2
30.0105,-90.409,306.3,1.7,1.3,2025-01-12,0826,Aqua,MODIS,67,61.03,275.9,26.6,N,2
33.4184,-110.8539,325.4,1.1,1.1,2025-01-12,1003,Aqua,MODIS,100,61.03,271.4,34.5,N,2
33.4199,-110.8654,313.5,1.1,1.1,2025-01-12,1003,Aqua,MODIS,87,61.03,270.8,21.1,N,2
19.4177,-155.2752,307,2,1.4,2025-01-12,1324,Aqua,MODIS,33,61.03,293,25.5,N,1
19.4122,-155.2813,315.4,2,1.4,2025-01-12,1324,Aqua,MODIS,88,61.03,295,43,N,1
19.4057,-155.2775,309.6,2,1.4,2025-01-12,1324,Aqua,MODIS,66,61.03,291.5,30.1,N,1
40.5748,-91.7381,307.6,1,1,2025-01-12,1602,Terra,MODIS,66,61.03,273.8,13,D,0
32.3844,-93.375,318.4,1,1,2025-01-12,1605,Terra,MODIS,68,61.03,280.9,19.8,D,0
29.7296,-97.7453,302.5,1.4,1.2,2025-01-12,1605,Terra,MODIS,52,61.03,284.6,10.7,D,0
31.0523,-98.1551,303.6,1.5,1.2,2025-01-12,1605,Terra,MODIS,56,61.03,279.3,16,D,0
29.6759,-97.9929,305.6,1.4,1.2,2025-01-12,1606,Terra,MODIS,62,61.03,285.4,13,D,0
28.0561,-97.4315,301.3,1.3,1.1,2025-01-12,1606,Terra,MODIS,46,61.03,286.8,6.7,D,0
26.666,-98.7964,301,1.5,1.2,2025-01-12,1606,Terra,MODIS,44,61.03,287.1,7.2,D,0
33.0141,-112.65,302.1,1.4,1.2,2025-01-12,1743,Terra,MODIS,48,61.03,287.2,7,D,0
26.7519,-80.3422,306.8,1.1,1.1,2025-01-12,1922,Aqua,MODIS,46,61.03,294.9,5,D,0
25.5367,-80.5527,310.5,1.2,1.1,2025-01-12,1922,Aqua,MODIS,66,61.03,295.2,8.1,D,0
27.4374,-81.0193,322.8,1.2,1.1,2025-01-12,1923,Aqua,MODIS,81,61.03,293,23.2,D,0
27.4355,-81.0309,313.2,1.2,1.1,2025-01-12,1923,Aqua,MODIS,72,61.03,293.3,12.3,D,0
27.5761,-82.4317,304.2,1.4,1.2,2025-01-12,1923,Aqua,MODIS,56,61.03,292.3,6.6,D,0
27.7582,-81.7425,312.7,1.3,1.1,2025-01-12,1923,Aqua,MODIS,72,61.03,294.3,12.7,D,0
27.768,-81.7446,306.5,1.3,1.1,2025-01-12,1923,Aqua,MODIS,37,61.03,293.2,6.3,D,0
29.9556,-81.9357,305.8,1.2,1.1,2025-01-12,1923,Aqua,MODIS,62,61.03,285.6,11.2,D,0
30.1116,-83.2182,316.2,1.4,1.2,2025-01-12,1923,Aqua,MODIS,76,61.03,285.9,25,D,0
31.2292,-82.33,300.8,1.2,1.1,2025-01-12,1924,Aqua,MODIS,42,61.03,284.6,7.1,D,0
31.6274,-83.6528,306.8,1.4,1.2,2025-01-12,1924,Aqua,MODIS,64,61.03,284.8,15,D,0
32.5096,-82.9394,300.9,1.2,1.1,2025-01-12,1924,Aqua,MODIS,42,61.03,284.1,7.7,D,0
34.645,-77.2849,317.3,1.2,1.1,2025-01-12,1924,Aqua,MODIS,77,61.03,283.4,22.5,D,0
34.6304,-87.0848,301,2,1.4,2025-01-12,1925,Aqua,MODIS,44,61.03,283,18.2,D,2
32.2041,-101.8472,303.2,1.1,1,2025-01-12,2102,Aqua,MODIS,55,61.03,290.2,4.4,D,0
32.9511,-100.4216,302.6,1.3,1.1,2025-01-12,2102,Aqua,MODIS,53,61.03,287.9,7.4,D,0
34.6683,-98.3727,316.1,1.8,1.3,2025-01-12,2103,Aqua,MODIS,74,61.03,283.8,34.3,D,0
34.68,-98.3743,322.2,1.8,1.3,2025-01-12,2103,Aqua,MODIS,81,61.03,284.9,50,D,0
40.0554,-123.2689,303.4,2.1,1.4,2025-01-12,2243,Aqua,MODIS,56,61.03,283.4,20.6,D,0
19.4068,-155.2795,312.6,1.7,1.3,2025-01-13,0016,Aqua,MODIS,51,61.03,282.5,24.5,D,1
35.6446,-89.9337,310.3,1,1,2025-01-13,0305,Terra,MODIS,80,61.03,274.7,15.5,N,2
19.4063,-155.2956,310.9,1.3,1.1,2025-01-13,0756,Terra,MODIS,73,61.03,289.4,17.6,N,1
19.4078,-155.2833,324.4,1.3,1.1,2025-01-13,0756,Terra,MODIS,100,61.03,299.8,36.1,N,1
43.0291,-115.7258,300.8,1,1,2025-01-13,1040,Aqua,MODIS,33,61.03,266.2,10.3,N,0
38.0625,-77.3262,300.6,1,1,2025-01-13,1504,Terra,MODIS,39,61.03,273.3,8.9,D,0
27.2555,-81.8947,307.9,1.1,1.1,2025-01-13,1507,Terra,MODIS,63,61.03,290.2,6.1,D,0
27.3922,-81.6015,303.7,1.1,1,2025-01-13,1507,Terra,MODIS,50,61.03,285.1,4.6,D,0
27.2383,-80.9226,305.9,1,1,2025-01-13,1507,Terra,MODIS,58,61.03,292.3,4.7,D,0
27.2886,-81.6578,306.9,1.1,1.1,2025-01-13,1507,Terra,MODIS,61,61.03,291.8,5.2,D,0
27.0131,-81.8087,315.2,1.1,1.1,2025-01-13,1507,Terra,MODIS,74,61.03,293.4,13,D,0
27.0117,-81.7977,336.6,1.1,1.1,2025-01-13,1507,Terra,MODIS,90,61.03,294.3,42,D,0
26.7852,-80.5718,336.5,1,1,2025-01-13,1507,Terra,MODIS,90,61.03,295.7,36.7,D,0
26.7839,-80.5617,326.8,1,1,2025-01-13,1507,Terra,MODIS,84,61.03,294.5,23,D,0
26.7763,-80.5732,345.7,1,1,2025-01-13,1507,Terra,MODIS,94,61.03,294.9,52.8,D,0
26.775,-80.5632,329.9,1,1,2025-01-13,1507,Terra,MODIS,86,61.03,293.5,26.8,D,0
26.693,-80.44,341.3,1,1,2025-01-13,1507,Terra,MODIS,92,61.03,295.3,44.5,D,0
26.68,-80.8113,311.8,1,1,2025-01-13,1507,Terra,MODIS,69,61.03,294.2,8.4,D,0
26.6787,-80.8011,323.3,1,1,2025-01-13,1507,Terra,MODIS,81,61.03,294.7,19.1,D,0
26.6451,-80.896,306.9,1,1,2025-01-13,1507,Terra,MODIS,22,61.03,294.5,4.1,D,0
26.5387,-81.2018,307.4,1.1,1,2025-01-13,1508,Terra,MODIS,61,61.03,291.9,6.7,D,0
26.1955,-81.597,307.4,1.1,1,2025-01-13,1508,Terra,MODIS,60,61.03,293,6.6,D,0
26.3666,-81.4288,309.4,1.1,1,2025-01-13,1508,Terra,MODIS,67,61.03,294.1,7.6,D,0
40.9079,-97.5796,308.4,1.1,1.1,2025-01-13,1642,Terra,MODIS,67,61.03,268.4,16.4,D,0
32.4946,-97.9601,311.3,1.5,1.2,2025-01-13,1644,Terra,MODIS,71,61.03,278.8,25,D,0
32.4098,-98.6239,300.9,1.4,1.2,2025-01-13,1644,Terra,MODIS,42,61.03,279.1,11.4,D,0
32.1287,-97.8203,306.8,1.5,1.2,2025-01-13,1644,Terra,MODIS,64,61.03,279.4,20.4,D,0
32.1181,-97.823,326.2,1.5,1.2,2025-01-13,1644,Terra,MODIS,84,61.03,279.2,51.4,D,0
32.3288,-99.2308,329.7,1.3,1.1,2025-01-13,1644,Terra,MODIS,82,61.03,276.5,43.2,D,0
32.3266,-99.2178,307.6,1.3,1.1,2025-01-13,1644,Terra,MODIS,34,61.03,275.2,13.8,D,0
32.3191,-99.2332,377.2,1.3,1.1,2025-01-13,1644,Terra,MODIS,94,61.03,280.8,205.1,D,0
33.772,-111.2401,306.5,2.7,1.6,2025-01-13,1644,Terra,MODIS,64,61.03,279,41.6,D,0
31.7538,-97.9885,344.2,1.5,1.2,2025-01-13,1644,Terra,MODIS,94,61.03,278.4,101.6,D,0
34.6913,-96.7354,302,1.6,1.2,2025-01-13,1644,Terra,MODIS,50,61.03,273.5,17.9,D,0
34.6866,-96.7255,301.2,1.6,1.2,2025-01-13,1644,Terra,MODIS,45,61.03,273.5,16.1,D,0
37.8953,-121.6845,307.2,1.3,1.1,2025-01-13,1821,Terra,MODIS,65,61.03,285,13.6,D,0
39.6962,-121.8274,306.6,1.2,1.1,2025-01-13,1821,Terra,MODIS,64,61.03,277.1,13.5,D,2
39.6938,-121.8138,312.7,1.2,1.1,2025-01-13,1821,Terra,MODIS,73,61.03,274.2,19.5,D,0
36.1476,-121.1012,300.3,1.5,1.2,2025-01-13,1822,Terra,MODIS,35,61.03,284.8,9.4,D,0
36.1445,-121.0848,305.6,1.5,1.2,2025-01-13,1822,Terra,MODIS,62,61.03,285,14.8,D,0
26.3034,-80.9084,332.5,2.2,1.4,2025-01-13,2002,Aqua,MODIS,86,61.03,294,87.5,D,0
26.3013,-80.9296,310.6,2.2,1.4,2025-01-13,2002,Aqua,MODIS,62,61.03,292.9,18.1,D,0
32.8755,-87.1857,309.1,1.1,1.1,2025-01-13,2003,Aqua,MODIS,68,61.03,287.1,11.6,D,0
29.9952,-90.3976,300.8,1.1,1,2025-01-13,2003,Aqua,MODIS,0,61.03,290.3,4.7,D,2
30.507,-88.2134,306.5,1,1,2025-01-13,2003,Aqua,MODIS,64,61.03,286.3,8.5,D,0
32.5766,-85.9429,301.6,1.3,1.1,2025-01-13,2003,Aqua,MODIS,48,61.03,286.6,7.6,D,0
32.4677,-87.0691,302.8,1.1,1.1,2025-01-13,2003,Aqua,MODIS,54,61.03,288.2,6.9,D,0
32.8741,-87.1973,330,1.1,1,2025-01-13,2003,Aqua,MODIS,87,61.03,288.6,34.9,D,0
32.9619,-88.2831,309,1,1,2025-01-13,2004,Aqua,MODIS,68,61.03,276.4,9.4,D,0
32.9604,-88.2939,344.5,1,1,2025-01-13,2004,Aqua,MODIS,94,61.03,279.3,54.1,D,0
31.7521,-97.9912,318.1,2.7,1.6,2025-01-13,2004,Aqua,MODIS,78,61.03,286.5,71.1,D,0
31.744,-97.996,318,2.7,1.6,2025-01-13,2004,Aqua,MODIS,78,61.03,286.1,75.4,D,0
34.9031,-87.214,303.7,1.2,1.1,2025-01-13,2004,Aqua,MODIS,54,61.03,279.4,9.6,D,0
34.4808,-93.0547,301.1,1.2,1.1,2025-01-13,2004,Aqua,MODIS,45,61.03,277.9,9.6,D,2
19.4108,-155.2801,329.5,1,1,2025-01-13,2005,Terra,MODIS,61,61.03,297.5,28.1,D,1
42.8922,-102.6618,310.5,2.6,1.6,2025-01-13,2007,Aqua,MODIS,40,61.03,268.3,63.6,D,0
33.2104,-117.2945,306.7,1.2,1.1,2025-01-13,2142,Aqua,MODIS,64,61.03,296.4,5.3,D,2
33.412,-110.8558,317.3,1.2,1.1,2025-01-13,2142,Aqua,MODIS,77,61.03,291.8,18.4,D,2
33.4104,-110.869,317.7,1.2,1.1,2025-01-13,2142,Aqua,MODIS,78,61.03,292,19.2,D,2
33.4217,-110.8577,311.4,1.2,1.1,2025-01-13,2142,Aqua,MODIS,41,61.03,290.6,11.3,D,2
33.4201,-110.8709,315.2,1.2,1.1,2025-01-13,2142,Aqua,MODIS,63,61.03,290.8,15.6,D,2
33.7755,-111.2489,305.5,1.2,1.1,2025-01-13,2142,Aqua,MODIS,56,61.03,293.4,7,D,0
33.2082,-117.3069,311.1,1.2,1.1,2025-01-13,2142,Aqua,MODIS,71,61.03,297,9.2,D,2
34.0468,-117.0325,304.1,1.1,1.1,2025-01-13,2143,Aqua,MODIS,57,61.03,290.6,5.6,D,2
34.5987,-117.9349,322.9,1.2,1.1,2025-01-13,2143,Aqua,MODIS,82,61.03,288.5,26.5,D,0
34.5965,-117.9476,314.2,1.2,1.1,2025-01-13,2143,Aqua,MODIS,74,61.03,289,16,D,0
34.7201,-118.3042,301.1,1.3,1.1,2025-01-13,2143,Aqua,MODIS,44,61.03,286.3,5.8,D,0
36.1337,-121.1038,307.5,1.7,1.3,2025-01-13,2143,Aqua,MODIS,66,61.03,292.3,14.6,D,0
42.1313,-123.188,306.5,1.6,1.2,2025-01-13,2145,Aqua,MODIS,64,61.03,276.3,23.3,D,0
34.2376,-119.2048,379.4,1.3,1.1,2025-01-14,0523,Terra,MODIS,100,61.03,288.9,223,N,2
34.2361,-119.2184,359.8,1.3,1.1,2025-01-14,0523,Terra,MODIS,100,61.03,285.6,128.3,N,0
34.2392,-119.1969,319.7,1.3,1.1,2025-01-14,0523,Terra,MODIS,99,61.03,283.4,29.9,N,2
34.2377,-119.2105,377.6,1.3,1.1,2025-01-14,0523,Terra,MODIS,100,61.03,290.3,212.8,N,2
34.2363,-119.2241,313.2,1.3,1.1,2025-01-14,0523,Terra,MODIS,87,61.03,282.3,21.6,N,0
34.0446,-83.3403,307.3,1.4,1.2,2025-01-14,1545,Terra,MODIS,65,61.03,278.2,18.2,D,0
29.6854,-82.5678,304.3,1.9,1.3,2025-01-14,1546,Terra,MODIS,59,61.03,283.7,20.6,D,0
33.4359,-88.5701,306.3,1,1,2025-01-14,1546,Terra,MODIS,63,61.03,278.6,10.6,D,2
33.2281,-87.5086,303.8,1,1,2025-01-14,1546,Terra,MODIS,54,61.03,278.7,8.8,D,2
32.3765,-88.6542,303.7,1,1,2025-01-14,1546,Terra,MODIS,57,61.03,276.4,9.5,D,0
31.5707,-89.2233,307.7,1,1,2025-01-14,1546,Terra,MODIS,66,61.03,273.3,12.7,D,0
31.912,-94.7744,303.8,1.9,1.4,2025-01-14,1546,Terra,MODIS,57,61.03,275.9,25.8,D,0
33.4173,-104.5861,309.5,2.3,1.5,2025-01-14,1724,Terra,MODIS,69,61.03,278.4,42.7,D,0
33.3268,-110.8003,302.8,1.1,1,2025-01-14,1724,Terra,MODIS,54,61.03,280.7,9,D,0
31.5071,-102.6345,302.8,3.5,1.8,2025-01-14,1724,Terra,MODIS,43,61.03,283.1,29.7,D,0
31.492,-102.6391,313.5,3.5,1.8,2025-01-14,1724,Terra,MODIS,74,61.03,282.4,76.9,D,0
31.5025,-102.6294,318.5,3.5,1.8,2025-01-14,1724,Terra,MODIS,79,61.03,283.1,99.8,D,0
28.6195,-80.9582,323.5,2.3,1.5,2025-01-14,1904,Aqua,MODIS,66,61.03,288.3,72.4,D,0
32.6241,-82.2694,306.4,2.2,1.4,2025-01-14,1905,Aqua,MODIS,63,61.03,285.4,29,D,0
32.9727,-82.7712,302,2.4,1.5,2025-01-14,1905,Aqua,MODIS,50,61.03,286,21.6,D,0
32.9705,-82.7775,305.5,2.4,1.5,2025-01-14,1905,Aqua,MODIS,61,61.03,286.1,27.2,D,0
34.0142,-78.9275,303.8,1.3,1.1,2025-01-14,1905,Aqua,MODIS,57,61.03,286.6,10.4,D,0
33.7932,-80.508,305.9,1.6,1.3,2025-01-14,1905,Aqua,MODIS,62,61.03,286,18,D,0
34.7494,-79.0434,319.6,1.3,1.1,2025-01-14,1905,Aqua,MODIS,79,61.03,286,26.5,D,0
34.7518,-79.0353,308,1.3,1.1,2025-01-14,1905,Aqua,MODIS,64,61.03,285.6,13.1,D,0
34.7493,-79.0488,309,1.3,1.1,2025-01-14,1905,Aqua,MODIS,68,61.03,285.6,14.1,D,0
35.0356,-79.1866,303.5,1.3,1.1,2025-01-14,1905,Aqua,MODIS,36,61.03,283,9.9,D,0
35.0453,-79.1892,320,1.3,1.1,2025-01-14,1905,Aqua,MODIS,75,61.03,283,29,D,0
35.3269,-77.6704,306.6,1.1,1,2025-01-14,1905,Aqua,MODIS,64,61.03,283,11.2,D,0
35.2358,-78.3861,306.6,1.2,1.1,2025-01-14,1905,Aqua,MODIS,64,61.03,283,11.3,D,0
35.2393,-78.3923,308.7,1.2,1.1,2025-01-14,1905,Aqua,MODIS,67,61.03,283.5,13.7,D,0
35.2148,-79.0434,300.5,1.3,1.1,2025-01-14,1905,Aqua,MODIS,37,61.03,281.8,9.3,D,0
35.2538,-79.5233,306.2,1.3,1.1,2025-01-14,1905,Aqua,MODIS,63,61.03,282.7,15.3,D,0
35.7867,-78.1443,304.6,1.1,1.1,2025-01-14,1905,Aqua,MODIS,59,61.03,280.6,10.8,D,0
32.5626,-81.5291,320.7,2,1.4,2025-01-14,1905,Aqua,MODIS,80,61.03,285.8,56.2,D,0
32.4132,-82.5651,307.9,2.4,1.5,2025-01-14,1905,Aqua,MODIS,66,61.03,286,35,D,0
33.0103,-79.8894,303.4,1.5,1.2,2025-01-14,1905,Aqua,MODIS,0,61.03,286.5,13.2,D,2
33.0469,-79.8399,300.4,1.5,1.2,2025-01-14,1905,Aqua,MODIS,37,61.03,285.8,10.7,D,0
32.6245,-82.2649,306,2.2,1.4,2025-01-14,1905,Aqua,MODIS,63,61.03,285.5,27.9,D,0
32.608,-103.3075,304,1.3,1.1,2025-01-14,2043,Aqua,MODIS,56,61.03,290.9,5.7,D,0
31.5713,-100.6696,302.2,1.1,1,2025-01-14,2043,Aqua,MODIS,51,61.03,289.6,5.2,D,0
32.0558,-99.1283,300.3,1,1,2025-01-14,2043,Aqua,MODIS,33,61.03,277.5,5.5,D,0
32.0543,-99.1386,303.1,1,1,2025-01-14,2043,Aqua,MODIS,55,61.03,277.6,7,D,0
32.4961,-97.9672,304.5,1,1,2025-01-14,2043,Aqua,MODIS,59,61.03,286.3,7.7,D,0
31.9956,-101.8254,306.2,1.1,1.1,2025-01-14,2043,Aqua,MODIS,62,61.03,291,5.6,D,0
32.2127,-101.8452,307.3,1.1,1.1,2025-01-14,2043,Aqua,MODIS,62,61.03,291.7,6.9,D,0
32.9578,-97.9653,301.4,1,1,2025-01-14,2043,Aqua,MODIS,47,61.03,285.3,5.7,D,0
32.7166,-100.6973,300.4,1,1,2025-01-14,2043,Aqua,MODIS,36,61.03,289.6,3.2,D,0
33.7674,-96.3635,313.2,1.2,1.1,2025-01-14,2043,Aqua,MODIS,73,61.03,285.8,17.6,D,0
33.7659,-96.3763,331.2,1.2,1.1,2025-01-14,2043,Aqua,MODIS,87,61.03,286.4,42.2,D,0
33.9447,-97.5395,326.5,1.1,1,2025-01-14,2043,Aqua,MODIS,84,61.03,288.1,27,D,0
33.9523,-97.5348,316,1.1,1,2025-01-14,2043,Aqua,MODIS,76,61.03,287,17.3,D,0
33.9509,-97.5463,318.2,1.1,1,2025-01-14,2043,Aqua,MODIS,78,61.03,288.6,19.4,D,0
33.8681,-98.7853,325.9,1,1,2025-01-14,2043,Aqua,MODIS,84,61.03,291.1,23.9,D,0
34.4414,-100.0835,300.3,1,1,2025-01-14,2044,Aqua,MODIS,34,61.03,289.7,2.8,D,0
46.533,-112.0549,311.9,1.9,1.4,2025-01-14,2047,Aqua,MODIS,63,61.03,270.1,43.2,D,0
46.5376,-112.0632,312.7,1.9,1.4,2025-01-14,2047,Aqua,MODIS,69,61.03,271.2,41.9,D,0
36.1716,-121.1254,320.4,1.3,1.1,2025-01-14,2223,Aqua,MODIS,80,61.03,295,23.3,D,0
37.3863,-120.8052,301.6,1.4,1.2,2025-01-14,2223,Aqua,MODIS,48,61.03,289.7,6.5,D,0
37.8769,-120.9576,315.4,1.4,1.2,2025-01-14,2223,Aqua,MODIS,76,61.03,288,21.7,D,0
37.8753,-120.9729,314.8,1.4,1.2,2025-01-14,2223,Aqua,MODIS,75,61.03,288.3,20.9,D,0
37.9001,-121.6851,303.7,1.3,1.1,2025-01-14,2223,Aqua,MODIS,57,61.03,292.6,6.4,D,0
38.8282,-122.1904,302.1,1.2,1.1,2025-01-14,2223,Aqua,MODIS,46,61.03,290.8,5.5,D,0
38.8294,-122.1962,302.5,1.2,1.1,2025-01-14,2223,Aqua,MODIS,51,61.03,290.4,5.8,D,0
39.0194,-122.0386,312,1.3,1.1,2025-01-14,2223,Aqua,MODIS,72,61.03,288.8,15.3,D,0
39.0178,-122.0528,324.9,1.3,1.1,2025-01-14,2223,Aqua,MODIS,83,61.03,289.4,31.9,D,2
39.6191,-116.0705,300,2.9,1.6,2025-01-14,2223,Aqua,MODIS,17,61.03,274.1,34.9,D,0
39.0915,-122.2013,336.5,1.2,1.1,2025-01-14,2223,Aqua,MODIS,90,61.03,285.6,53,D,0
39.9194,-122.2716,313.7,1.3,1.1,2025-01-14,2224,Aqua,MODIS,74,61.03,289.6,16.1,D,0
39.2469,-123.4813,306.7,1.1,1,2025-01-14,2224,Aqua,MODIS,64,61.03,287.9,9.8,D,0
39.2668,-123.4727,303.9,1.1,1,2025-01-14,2224,Aqua,MODIS,58,61.03,288.5,7.7,D,0
39.7547,-122.1098,306.9,1.3,1.1,2025-01-14,2224,Aqua,MODIS,64,61.03,289.4,10.5,D,0
39.7545,-122.1153,302.8,1.3,1.1,2025-01-14,2224,Aqua,MODIS,54,61.03,289.4,7.1,D,0
39.8667,-122.0241,318.9,1.3,1.1,2025-01-14,2224,Aqua,MODIS,74,61.03,290.2,24.1,D,0
39.8651,-122.0388,305.7,1.3,1.1,2025-01-14,2224,Aqua,MODIS,47,61.03,289.9,9.2,D,0
39.9211,-122.2572,306.8,1.3,1.1,2025-01-14,2224,Aqua,MODIS,50,61.03,289.3,9.3,D,0
39.9212,-122.2628,316.5,1.3,1.1,2025-01-14,2224,Aqua,MODIS,77,61.03,289.5,19.5,D,0
40.0464,-123.2688,307.6,1.1,1.1,2025-01-14,2224,Aqua,MODIS,65,61.03,290.3,9.6,D,0
40.0449,-123.2811,303.3,1.1,1.1,2025-01-14,2224,Aqua,MODIS,36,61.03,291.5,6.5,D,0
40.0557,-123.2709,302.5,1.1,1.1,2025-01-14,2224,Aqua,MODIS,25,61.03,287.3,5.1,D,0
40.4938,-123.7304,309.2,1.1,1.1,2025-01-14,2224,Aqua,MODIS,68,61.03,289.8,11.1,D,0
40.4923,-123.7429,308.7,1.1,1.1,2025-01-14,2224,Aqua,MODIS,68,61.03,290.3,10.7,D,0
41.88,-123.3762,312.6,1.2,1.1,2025-01-14,2224,Aqua,MODIS,73,61.03,284.5,17.9,D,0
42.3339,-119.9764,325.3,1.8,1.3,2025-01-14,2224,Aqua,MODIS,84,61.03,278.2,62.2,D,0
42.3296,-119.9812,326.5,1.8,1.3,2025-01-14,2224,Aqua,MODIS,84,61.03,278.1,65.1,D,0
28.6771,-82.0258,305.7,1,1,2025-01-15,0244,Terra,MODIS,65,61.03,279.9,10.6,N,2
45.2636,-117.7684,303.1,1.5,1.2,2025-01-15,0428,Terra,MODIS,53,61.03,270.8,19.7,N,0
45.2598,-117.7877,323.5,1.5,1.2,2025-01-15,0428,Terra,MODIS,100,61.03,271.5,50.1,N,0
46.764,-109.108,314.3,1.1,1.1,2025-01-15,0428,Terra,MODIS,89,61.03,270,22.1,N,0
46.7733,-109.1101,314.7,1.1,1.1,2025-01-15,0428,Terra,MODIS,90,61.03,268.8,22.9,N,0
46.2298,-113.4963,306.3,1,1,2025-01-15,0428,Terra,MODIS,67,61.03,267.5,13.7,N,0
47.1791,-109.2769,308.7,1.1,1.1,2025-01-15,0428,Terra,MODIS,62,61.03,265.8,17.8,N,0
19.4056,-155.281,321.1,1,1,2025-01-15,0737,Terra,MODIS,100,61.03,301.7,22,N,1
19.4042,-155.2905,316.7,1,1,2025-01-15,0737,Terra,MODIS,94,61.03,295.1,17.4,N,1
19.416,-155.2728,305.7,1,1,2025-01-15,0737,Terra,MODIS,65,61.03,291.8,9.2,N,1
19.4146,-155.2824,312.2,1,1,2025-01-15,0737,Terra,MODIS,84,61.03,293.9,14.1,N,1
35.6857,-82.5076,302.5,3.1,1.7,2025-01-15,1446,Terra,MODIS,52,61.03,270.9,50.9,D,0
26.8043,-80.582,323.1,1.8,1.3,2025-01-15,1449,Terra,MODIS,66,61.03,286.3,46.1,D,0
37.1848,-100.9278,303.3,1.3,1.1,2025-01-15,1625,Terra,MODIS,56,61.03,274.2,14.8,D,0
35.2464,-99.6326,301.3,1.1,1,2025-01-15,1625,Terra,MODIS,46,61.03,277.8,8.3,D,0
34.9561,-97.8678,317.7,1,1,2025-01-15,1625,Terra,MODIS,78,61.03,278.3,19.3,D,0
32.4915,-98.0121,302.1,1,1,2025-01-15,1626,Terra,MODIS,51,61.03,281,7.3,D,0
32.4813,-98.0035,327.8,1,1,2025-01-15,1626,Terra,MODIS,85,61.03,280.6,28.7,D,0
32.7198,-100.6936,301,1.1,1.1,2025-01-15,1626,Terra,MODIS,43,61.03,281.5,7.1,D,0
32.1141,-97.8358,304.5,1,1,2025-01-15,1626,Terra,MODIS,59,61.03,284,8.3,D,0
31.604,-96.6139,308.3,1.1,1,2025-01-15,1626,Terra,MODIS,67,61.03,282.1,12,D,0
31.9422,-99.3611,312.7,1,1,2025-01-15,1626,Terra,MODIS,58,61.03,283.3,13,D,0
31.9408,-99.3505,309.1,1,1,2025-01-15,1626,Terra,MODIS,43,61.03,282.5,10.2,D,0
31.9333,-99.3627,318.9,1,1,2025-01-15,1626,Terra,MODIS,79,61.03,282.6,18.8,D,0
31.9319,-99.3521,312.2,1,1,2025-01-15,1626,Terra,MODIS,71,61.03,282.3,12.9,D,0
31.9951,-101.8243,306.5,1.3,1.1,2025-01-15,1626,Terra,MODIS,64,61.03,282.3,11.3,D,0
31.2925,-96.8714,303.3,1.1,1,2025-01-15,1626,Terra,MODIS,52,61.03,271.1,9.4,D,0
30.9541,-97.3214,337.8,1,1,2025-01-15,1626,Terra,MODIS,91,61.03,286.4,43.5,D,0
30.6923,-97.9674,326,1,1,2025-01-15,1626,Terra,MODIS,84,61.03,285.5,26.2,D,0
30.6908,-97.9572,318.7,1,1,2025-01-15,1626,Terra,MODIS,79,61.03,285.5,18.5,D,0
45.2609,-117.7828,309.4,1,1,2025-01-15,1801,Terra,MODIS,69,61.03,272.3,14.7,D,0
44.5162,-120.2712,312.3,1,1,2025-01-15,1801,Terra,MODIS,72,61.03,277.6,15.5,D,0
44.5074,-120.2734,305.5,1,1,2025-01-15,1801,Terra,MODIS,61,61.03,276.2,10.6,D,0
42.2328,-120.0086,340.3,1,1,2025-01-15,1802,Terra,MODIS,92,61.03,276.6,48.5,D,0
42.2311,-119.9968,333,1,1,2025-01-15,1802,Terra,MODIS,88,61.03,276.2,37.3,D,0
40.0516,-123.2686,309.2,1.1,1.1,2025-01-15,1802,Terra,MODIS,68,61.03,284.9,13.3,D,0
39.4708,-122.0191,302.4,1,1,2025-01-15,1802,Terra,MODIS,52,61.03,282.5,7.8,D,0
37.9012,-121.6868,300.2,1,1,2025-01-15,1803,Terra,MODIS,31,61.03,284.1,5.6,D,0
36.1767,-121.1367,315,1,1,2025-01-15,1803,Terra,MODIS,75,61.03,284.7,15.2,D,0
36.1204,-121.0766,300.2,1,1,2025-01-15,1803,Terra,MODIS,33,61.03,285.7,5,D,0
34.0516,-114.3104,304.9,2.3,1.5,2025-01-15,1804,Terra,MODIS,59,61.03,288.2,20.3,D,0
34.7886,-118.3951,321.8,1.3,1.1,2025-01-15,1804,Terra,MODIS,81,61.03,287.2,27.3,D,0
34.7926,-118.4279,339.1,1.3,1.1,2025-01-15,1804,Terra,MODIS,69,61.03,287.2,54.9,D,0
34.788,-118.4009,329.2,1.3,1.1,2025-01-15,1804,Terra,MODIS,75,61.03,287.3,36.6,D,0
34.8217,-118.6556,304.8,1.2,1.1,2025-01-15,1804,Terra,MODIS,53,61.03,288,7.1,D,0
34.7852,-118.4438,335,1.3,1.1,2025-01-15,1804,Terra,MODIS,78,61.03,286.8,47,D,0
34.8121,-118.6579,302.6,1.2,1.1,2025-01-15,1804,Terra,MODIS,23,61.03,288.2,5.3,D,0
26.9975,-81.1633,335.4,1.1,1,2025-01-15,1942,Aqua,MODIS,89,61.03,285.1,36.1,D,0
26.996,-81.1739,311,1.1,1,2025-01-15,1942,Aqua,MODIS,43,61.03,281.7,6.8,D,0
26.5931,-80.7356,312.1,1.1,1.1,2025-01-15,1942,Aqua,MODIS,71,61.03,286.5,8.8,D,0
26.5916,-80.7464,340.8,1.1,1.1,2025-01-15,1942,Aqua,MODIS,92,61.03,290.7,48.7,D,0
26.9883,-81.1618,334.8,1.1,1,2025-01-15,1942,Aqua,MODIS,89,61.03,284.2,34.8,D,0
26.9869,-81.1724,325.7,1.1,1,2025-01-15,1942,Aqua,MODIS,84,61.03,281.8,21.9,D,0
32.4622,-87.2848,348.3,1.2,1.1,2025-01-15,1944,Aqua,MODIS,95,61.03,283.8,68.7,D,0
30.3734,-85.4055,304.9,1,1,2025-01-15,1944,Aqua,MODIS,60,61.03,282.5,8.4,D,0
31.5416,-82.445,320.1,1.1,1,2025-01-15,1944,Aqua,MODIS,80,61.03,286.9,20.5,D,2
31.5889,-82.2227,308.4,1.1,1,2025-01-15,1944,Aqua,MODIS,67,61.03,286.2,10.8,D,0
31.5146,-83.192,317.1,1,1,2025-01-15,1944,Aqua,MODIS,77,61.03,283.7,17.5,D,0
31.5031,-83.3399,320.2,1,1,2025-01-15,1944,Aqua,MODIS,80,61.03,285.4,20,D,0
31.5017,-83.3503,311.8,1,1,2025-01-15,1944,Aqua,MODIS,72,61.03,285.7,12.7,D,0
31.8,-82.158,334.9,1.1,1,2025-01-15,1944,Aqua,MODIS,89,61.03,286.9,41.6,D,0
31.8091,-82.1596,301.7,1.1,1,2025-01-15,1944,Aqua,MODIS,48,61.03,286.9,5.8,D,0
31.9791,-81.6137,308.4,1.2,1.1,2025-01-15,1944,Aqua,MODIS,67,61.03,280.4,12.7,D,0
32.0168,-81.6202,310.4,1.2,1.1,2025-01-15,1944,Aqua,MODIS,70,61.03,283.9,14.3,D,0
32.0153,-81.6322,307.1,1.2,1.1,2025-01-15,1944,Aqua,MODIS,65,61.03,285.5,11.6,D,0
32.0578,-81.4116,305.2,1.2,1.1,2025-01-15,1944,Aqua,MODIS,61,61.03,280.8,11.7,D,0
31.7216,-84.4552,301.1,1,1,2025-01-15,1944,Aqua,MODIS,45,61.03,278.7,5.9,D,0
31.497,-85.9783,321.1,1.1,1,2025-01-15,1944,Aqua,MODIS,81,61.03,281.2,23.4,D,0
31.9254,-83.3547,318.6,1,1,2025-01-15,1944,Aqua,MODIS,79,61.03,271.1,20.2,D,0
32.0392,-83.7321,333.5,1,1,2025-01-15,1944,Aqua,MODIS,89,61.03,285.1,35.7,D,0
32.0378,-83.7425,375.6,1,1,2025-01-15,1944,Aqua,MODIS,100,61.03,289.8,140,D,0
32.0363,-83.7528,303.4,1,1,2025-01-15,1944,Aqua,MODIS,56,61.03,284.7,7.4,D,0
32.2168,-82.6292,309.7,1.1,1,2025-01-15,1944,Aqua,MODIS,69,61.03,285.2,11.9,D,0
32.2153,-82.6403,300.6,1.1,1,2025-01-15,1944,Aqua,MODIS,40,61.03,285,5.9,D,0
31.8366,-85.469,301.6,1,1,2025-01-15,1944,Aqua,MODIS,48,61.03,282.9,6.3,D,0
32.3387,-82.1869,301.4,1.1,1,2025-01-15,1944,Aqua,MODIS,47,61.03,281.5,7.2,D,0
32.3192,-82.8346,301.6,1.1,1,2025-01-15,1944,Aqua,MODIS,48,61.03,282.2,5.9,D,0
32.3177,-82.8455,381.9,1.1,1,2025-01-15,1944,Aqua,MODIS,100,61.03,290.4,175.7,D,0
32.3162,-82.8564,328.9,1.1,1,2025-01-15,1944,Aqua,MODIS,86,61.03,285.4,30.7,D,0
32.3267,-82.8418,334.9,1.1,1,2025-01-15,1944,Aqua,MODIS,89,61.03,285.4,40.4,D,0
32.3253,-82.8527,328.8,1.1,1,2025-01-15,1944,Aqua,MODIS,86,61.03,286.3,31.4,D,0
32.7113,-81.3111,315.8,1.2,1.1,2025-01-15,1944,Aqua,MODIS,76,61.03,280.4,22.6,D,0
32.3819,-83.9848,309.6,1,1,2025-01-15,1944,Aqua,MODIS,69,61.03,285.3,10.8,D,0
32.6706,-82.0387,307.4,1.1,1.1,2025-01-15,1944,Aqua,MODIS,65,61.03,282.3,11,D,0
32.6691,-82.0504,319.5,1.1,1.1,2025-01-15,1944,Aqua,MODIS,79,61.03,283.8,22.7,D,0
32.7005,-82.3822,311.7,1.1,1,2025-01-15,1944,Aqua,MODIS,72,61.03,279.7,15.5,D,0
32.7148,-82.4893,314.3,1.1,1,2025-01-15,1944,Aqua,MODIS,75,61.03,282.3,17.1,D,0
32.9192,-81.4363,304.4,1.2,1.1,2025-01-15,1944,Aqua,MODIS,59,61.03,283,10.7,D,0
32.9577,-81.4429,302,1.2,1.1,2025-01-15,1944,Aqua,MODIS,50,61.03,283.8,8.4,D,0
32.8149,-82.7043,308.7,1.1,1,2025-01-15,1944,Aqua,MODIS,68,61.03,278.8,12.9,D,0
32.7197,-84.2698,311.2,1,1,2025-01-15,1944,Aqua,MODIS,71,61.03,286,12.2,D,0
33.0522,-81.8504,303.2,1.2,1.1,2025-01-15,1944,Aqua,MODIS,55,61.03,283.3,8.6,D,0
33.0335,-82.6536,331.5,1.1,1,2025-01-15,1944,Aqua,MODIS,83,61.03,281.6,37.1,D,0
33.1419,-81.873,337,1.2,1.1,2025-01-15,1944,Aqua,MODIS,90,61.03,284.7,50.5,D,0
33.1404,-81.8852,318.1,1.2,1.1,2025-01-15,1944,Aqua,MODIS,78,61.03,284.5,22.1,D,0
33.0426,-82.6553,305.3,1.1,1,2025-01-15,1944,Aqua,MODIS,58,61.03,280.7,9.8,D,0
33.1514,-81.8747,340.3,1.2,1.1,2025-01-15,1944,Aqua,MODIS,92,61.03,284.6,56,D,0
33.1498,-81.8868,329,1.2,1.1,2025-01-15,1944,Aqua,MODIS,86,61.03,283.9,35.5,D,0
32.4549,-87.2707,337.8,1.2,1.1,2025-01-15,1944,Aqua,MODIS,87,61.03,282.9,45.4,D,0
32.4529,-87.2826,355.3,1.2,1.1,2025-01-15,1944,Aqua,MODIS,98,61.03,285.9,88.1,D,0
32.4642,-87.2729,335.2,1.2,1.1,2025-01-15,1944,Aqua,MODIS,83,61.03,282.1,40.7,D,0
33.5319,-80.2886,300.3,1.4,1.2,2025-01-15,1944,Aqua,MODIS,0,61.03,281.4,10.6,D,0
33.279,-82.3951,345.6,1.1,1.1,2025-01-15,1944,Aqua,MODIS,94,61.03,283.4,64.6,D,0
33.2775,-82.4068,303.6,1.1,1,2025-01-15,1944,Aqua,MODIS,56,61.03,280.7,8.4,D,0
33.2882,-82.3969,331.1,1.1,1.1,2025-01-15,1944,Aqua,MODIS,87,61.03,281.1,37.5,D,0
33.2867,-82.4085,300.3,1.1,1,2025-01-15,1944,Aqua,MODIS,31,61.03,281.9,6.2,D,0
33.3698,-82.2497,304.9,1.1,1.1,2025-01-15,1944,Aqua,MODIS,60,61.03,286.1,9.2,D,0
33.5203,-82.6581,309.8,1.1,1,2025-01-15,1944,Aqua,MODIS,69,61.03,281.3,13.3,D,0
33.5188,-82.6696,311.2,1.1,1,2025-01-15,1944,Aqua,MODIS,71,61.03,283.6,14.5,D,0
33.5521,-82.558,307.7,1.1,1,2025-01-15,1944,Aqua,MODIS,66,61.03,284.1,12.1,D,0
33.584,-82.6649,306.2,1.1,1,2025-01-15,1944,Aqua,MODIS,63,61.03,283.7,10.6,D,0
33.5826,-82.6763,306.1,1.1,1,2025-01-15,1944,Aqua,MODIS,63,61.03,284.1,10.5,D,0
33.6187,-82.5415,317.4,1.1,1,2025-01-15,1944,Aqua,MODIS,78,61.03,284.2,19.3,D,0
33.6172,-82.5531,328.4,1.1,1,2025-01-15,1944,Aqua,MODIS,86,61.03,285.8,32.9,D,0
33.6264,-82.5548,317.9,1.1,1,2025-01-15,1944,Aqua,MODIS,74,61.03,284,19.9,D,0
33.6436,-82.6935,309.3,1.1,1,2025-01-15,1944,Aqua,MODIS,68,61.03,281,12.4,D,0
33.6528,-82.6952,310.9,1.1,1,2025-01-15,1944,Aqua,MODIS,71,61.03,279.3,13.7,D,0
33.2721,-86.1342,314.6,1,1,2025-01-15,1944,Aqua,MODIS,75,61.03,282.5,15.4,D,0
33.281,-86.1362,300.7,1,1,2025-01-15,1944,Aqua,MODIS,21,61.03,280.7,5.2,D,0
33.8732,-82.6303,300.6,1.1,1,2025-01-15,1944,Aqua,MODIS,39,61.03,280.9,7.5,D,0
33.8717,-82.642,309.8,1.1,1,2025-01-15,1944,Aqua,MODIS,69,61.03,281.7,13.9,D,0
34.1654,-81.0691,319.5,1.3,1.1,2025-01-15,1944,Aqua,MODIS,79,61.03,279.6,30.4,D,0
34.0477,-83.3438,300.9,1.1,1,2025-01-15,1944,Aqua,MODIS,43,61.03,282.2,6.5,D,0
34.3143,-81.8812,328.8,1.2,1.1,2025-01-15,1944,Aqua,MODIS,86,61.03,281.1,39.6,D,0
33.2338,-89.3117,343.1,1.4,1.2,2025-01-15,1944,Aqua,MODIS,93,61.03,288.3,85.3,D,0
33.4386,-88.5792,300.3,1.3,1.1,2025-01-15,1945,Aqua,MODIS,35,61.03,289,6.8,D,2
33.2401,-89.3201,317.3,1.4,1.2,2025-01-15,1945,Aqua,MODIS,59,61.03,286.6,29,D,0
33.2429,-89.3053,317.9,1.4,1.2,2025-01-15,1945,Aqua,MODIS,59,61.03,286.3,29.9,D,0
35.598,-86.7345,306.3,1,1,2025-01-15,1945,Aqua,MODIS,63,61.03,279.6,11.1,D,0
35.6859,-82.526,308.6,1.2,1.1,2025-01-15,1945,Aqua,MODIS,67,61.03,278.7,14.9,D,0
35.6874,-82.5136,320.6,1.2,1.1,2025-01-15,1945,Aqua,MODIS,80,61.03,278.1,27.3,D,0
35.1137,-79.1364,301.5,1.8,1.3,2025-01-15,1945,Aqua,MODIS,43,61.03,277.7,16.5,D,0
35.1022,-79.1347,308.8,1.8,1.3,2025-01-15,1945,Aqua,MODIS,68,61.03,278.3,26.7,D,0
33.3902,-89.8037,300.4,1.5,1.2,2025-01-15,1945,Aqua,MODIS,35,61.03,286.9,8.9,D,0
19.4115,-155.2641,311.2,1.6,1.2,2025-01-15,1947,Terra,MODIS,28,61.03,299.2,16.1,D,1
19.4133,-155.2787,324.1,1.6,1.2,2025-01-15,1947,Terra,MODIS,77,61.03,308.4,37.8,D,1
31.9437,-99.3542,317.4,3.2,1.7,2025-01-15,2122,Aqua,MODIS,78,61.03,281,86.1,D,0
31.9413,-99.3873,324.8,3.2,1.7,2025-01-15,2122,Aqua,MODIS,83,61.03,285.7,123.9,D,0
33.1742,-100.787,300.3,2.6,1.6,2025-01-15,2123,Aqua,MODIS,35,61.03,289.4,14.2,D,0
35.2245,-111.8937,320.3,1.1,1,2025-01-15,2124,Aqua,MODIS,80,61.03,280.8,22.5,D,0
35.2155,-111.8915,315.4,1.1,1,2025-01-15,2124,Aqua,MODIS,76,61.03,280.5,17.4,D,0
39.0199,-104.9588,327,1.7,1.3,2025-01-15,2124,Aqua,MODIS,85,61.03,275.8,61.5,D,0
39.0069,-104.9763,326.3,1.7,1.3,2025-01-15,2124,Aqua,MODIS,80,61.03,275.7,59.8,D,0
39.0293,-104.9791,300.5,1.7,1.3,2025-01-15,2124,Aqua,MODIS,38,61.03,275.1,17,D,0
39.0181,-104.9777,356.9,1.7,1.3,2025-01-15,2124,Aqua,MODIS,98,61.03,278,174.8,D,0
39.6252,-116.0757,322.7,1.4,1.2,2025-01-15,2125,Aqua,MODIS,82,61.03,275.8,40.2,D,0
42.2189,-120.0188,307.6,2,1.4,2025-01-15,2126,Aqua,MODIS,66,61.03,280.7,31,D,0
46.78,-109.0748,335,1.3,1.1,2025-01-15,2127,Aqua,MODIS,89,61.03,273,59.6,D,0
46.7818,-109.0579,300.5,1.3,1.1,2025-01-15,2127,Aqua,MODIS,37,61.03,273.2,12.4,D,0
46.1577,-112.6687,312.2,1,1,2025-01-15,2127,Aqua,MODIS,63,61.03,273.2,16.2,D,0
46.156,-112.6813,332.8,1,1,2025-01-15,2127,Aqua,MODIS,0,61.03,273.4,37.9,D,0
46.205,-112.6559,322.9,1,1,2025-01-15,2127,Aqua,MODIS,42,61.03,274,23.7,D,0
21.1062,-157.0316,311.1,1.1,1,2025-01-16,0037,Aqua,MODIS,23,61.03,296.9,9.1,D,0
31.4486,-95.7447,305.2,1.2,1.1,2025-01-16,0325,Terra,MODIS,64,61.03,276.4,13.1,N,0
31.9437,-99.3596,316.1,1.9,1.3,2025-01-16,0325,Terra,MODIS,92,61.03,274.3,48.8,N,0
31.4528,-95.7514,308,1.2,1.1,2025-01-16,0325,Terra,MODIS,73,61.03,277.1,16.3,N,0
38.1504,-93.9716,307.6,1,1,2025-01-16,0327,Terra,MODIS,72,61.03,268.8,14.2,N,0
41.9012,-95.9358,301,1,1,2025-01-16,0328,Terra,MODIS,36,61.03,271.2,9.8,N,0
46.3946,-95.6076,310.8,1,1,2025-01-16,0329,Terra,MODIS,81,61.03,268.2,17.3,N,0
41.8833,-123.3821,315.4,1.1,1.1,2025-01-16,0506,Terra,MODIS,91,61.03,277.3,21.6,N,0
41.8777,-123.3741,302.4,1.1,1.1,2025-01-16,0506,Terra,MODIS,49,61.03,278.1,10.7,N,0
19.4015,-155.3197,323.8,3.2,1.7,2025-01-16,0817,Terra,MODIS,100,61.03,284.9,123.5,N,1
19.4037,-155.2962,392.9,3.2,1.7,2025-01-16,0817,Terra,MODIS,100,61.03,294,1174.7,N,1
19.4064,-155.2661,328.6,3.2,1.7,2025-01-16,0817,Terra,MODIS,100,61.03,285.5,160.5,N,1
19.4044,-155.2905,402.4,3.2,1.7,2025-01-16,0817,Terra,MODIS,100,61.03,295.2,1468.3,N,1
19.3974,-155.275,319.8,1.4,1.2,2025-01-16,1246,Aqua,MODIS,27,61.03,283.1,26.4,N,1
19.4209,-155.297,306.2,1.4,1.2,2025-01-16,1246,Aqua,MODIS,67,61.03,281.4,15.3,N,1
19.4092,-155.2863,505.3,1.4,1.2,2025-01-16,1246,Aqua,MODIS,100,61.03,400.1,2762.3,N,1
19.4076,-155.2737,414.4,1.4,1.2,2025-01-16,1246,Aqua,MODIS,100,61.03,311.5,557.3,N,1
19.4006,-155.3002,316.9,1.4,1.2,2025-01-16,1246,Aqua,MODIS,47,61.03,281.6,25.2,N,1
19.399,-155.2876,341.8,1.4,1.2,2025-01-16,1246,Aqua,MODIS,100,61.03,285,72.8,N,1
19.402,-155.2941,369.3,1.4,1.2,2025-01-16,1246,Aqua,MODIS,100,61.03,287.8,181.7,N,1
19.4003,-155.2816,393.2,1.4,1.2,2025-01-16,1246,Aqua,MODIS,100,61.03,305.5,341.1,N,1
19.3902,-155.283,308.2,1.4,1.2,2025-01-16,1246,Aqua,MODIS,59,61.03,282.7,15.6,N,1
19.4193,-155.2846,328.6,1.4,1.2,2025-01-16,1246,Aqua,MODIS,100,61.03,287.2,45.5,N,1
19.4108,-155.2987,350.4,1.4,1.2,2025-01-16,1246,Aqua,MODIS,100,61.03,280.8,103.7,N,1
34.8205,-78.9642,309.9,1.3,1.1,2025-01-16,1526,Terra,MODIS,69,61.03,277.7,19.3,D,0
32.9611,-85.9116,301.5,1.1,1.1,2025-01-16,1527,Terra,MODIS,47,61.03,281,8.5,D,0
32.9597,-85.8997,319.1,1.1,1.1,2025-01-16,1527,Terra,MODIS,79,61.03,281.5,24,D,0
32.4596,-82.6426,301,1,1,2025-01-16,1527,Terra,MODIS,44,61.03,283,6.7,D,0
32.9498,-88.2746,332.8,1.5,1.2,2025-01-16,1527,Terra,MODIS,88,61.03,281.8,65.4,D,0
32.946,-88.2812,319,1.5,1.2,2025-01-16,1527,Terra,MODIS,79,61.03,280.9,36.6,D,0
32.9443,-88.2654,304.1,1.5,1.2,2025-01-16,1527,Terra,MODIS,58,61.03,281,16,D,0
32.6506,-86.3828,306.2,1.2,1.1,2025-01-16,1527,Terra,MODIS,63,61.03,283.2,12.3,D,0
31.9702,-82.0479,331.3,1,1,2025-01-16,1527,Terra,MODIS,87,61.03,285.4,35.1,D,0
31.5147,-83.1902,310.2,1,1,2025-01-16,1527,Terra,MODIS,70,61.03,285.2,11.6,D,0
31.3152,-84.1799,303.2,1,1,2025-01-16,1527,Terra,MODIS,55,61.03,284.3,7.2,D,0
31.3138,-84.1696,307.7,1,1,2025-01-16,1527,Terra,MODIS,66,61.03,284.8,9.9,D,0
32.4812,-81.5851,310.2,1.1,1,2025-01-16,1527,Terra,MODIS,70,61.03,284.6,13.4,D,0
32.9698,-81.0434,309.5,1.1,1,2025-01-16,1527,Terra,MODIS,69,61.03,282.4,13.4,D,0
32.9607,-81.0455,336.7,1.1,1,2025-01-16,1527,Terra,MODIS,90,61.03,283.1,47.1,D,0
32.9588,-81.034,314,1.1,1,2025-01-16,1527,Terra,MODIS,74,61.03,281.4,17.4,D,0
32.8001,-81.1414,313.5,1.1,1,2025-01-16,1527,Terra,MODIS,74,61.03,283.8,16.8,D,0
33.4029,-85.7687,317.4,1.1,1.1,2025-01-16,1527,Terra,MODIS,78,61.03,281.5,22.2,D,0
33.4015,-85.7569,300.2,1.1,1.1,2025-01-16,1527,Terra,MODIS,33,61.03,281.2,7.9,D,0
32.5968,-80.9734,303.6,1.1,1.1,2025-01-16,1527,Terra,MODIS,57,61.03,282.9,9.6,D,0
32.483,-81.5961,306.1,1.1,1,2025-01-16,1527,Terra,MODIS,63,61.03,283.8,10.2,D,0
30.6877,-87.0412,300.2,1.2,1.1,2025-01-16,1528,Terra,MODIS,31,61.03,284.8,7.4,D,0
30.7329,-85.7321,319.5,1.1,1,2025-01-16,1528,Terra,MODIS,79,61.03,286.1,21.4,D,0
30.7315,-85.7212,337.8,1.1,1,2025-01-16,1528,Terra,MODIS,91,61.03,287,46.3,D,0
30.5069,-84.5953,313.5,1,1,2025-01-16,1528,Terra,MODIS,74,61.03,285.4,14.7,D,0
30.3676,-84.2616,319,1,1,2025-01-16,1528,Terra,MODIS,79,61.03,284.3,18.8,D,0
26.7052,-81.0128,304,1.4,1.2,2025-01-16,1528,Terra,MODIS,49,61.03,280.4,7.9,D,0
26.8392,-80.5928,304.3,1.4,1.2,2025-01-16,1528,Terra,MODIS,55,61.03,269,13.5,D,0
30.0675,-83.2266,306.2,1,1,2025-01-16,1528,Terra,MODIS,63,61.03,285.9,8.7,D,0
30.3066,-84.2274,301.9,1,1,2025-01-16,1528,Terra,MODIS,49,61.03,279.7,6.3,D,0
42.3936,-105.3528,310,1,1,2025-01-16,1703,Terra,MODIS,60,61.03,274.7,14.3,D,0
32.2138,-101.84,303.1,1.9,1.3,2025-01-16,1705,Terra,MODIS,55,61.03,287.3,11.7,D,0
34.6705,-111.111,315.7,1.3,1.1,2025-01-16,1705,Terra,MODIS,76,61.03,274.7,24.9,D,0
34.6607,-111.1126,309.9,1.3,1.1,2025-01-16,1705,Terra,MODIS,69,61.03,273.9,18.3,D,0
28.7943,-100.4922,305.4,2.8,1.6,2025-01-16,1706,Terra,MODIS,61,61.03,286.5,29.8,D,0
32.7826,-108.0948,309.1,1,1,2025-01-16,1706,Terra,MODIS,68,61.03,281.7,10.7,D,0
32.0666,-109.9406,312.9,1.1,1,2025-01-16,1706,Terra,MODIS,73,61.03,286.8,12.4,D,0
32.0651,-109.9297,310.7,1.1,1,2025-01-16,1706,Terra,MODIS,70,61.03,286.5,10.8,D,0
28.7989,-100.4841,304.9,2.8,1.6,2025-01-16,1706,Terra,MODIS,49,61.03,286.3,26.8,D,0
40.0225,-123.2543,303.8,1.9,1.4,2025-01-16,1842,Terra,MODIS,57,61.03,281.3,21.2,D,0
39.6948,-121.8227,301.9,2.4,1.5,2025-01-16,1842,Terra,MODIS,50,61.03,283.5,23.2,D,0
39.5499,-121.3551,301,2.6,1.5,2025-01-16,1842,Terra,MODIS,33,61.03,283.1,27.6,D,0
33.3264,-82.2884,305.1,4.5,2,2025-01-16,1846,Aqua,MODIS,60,61.03,286.3,71.6,D,0
33.1386,-79.6323,310.3,3.1,1.7,2025-01-16,1846,Aqua,MODIS,70,61.03,286.5,60.3,D,0
33.3378,-82.2435,300.7,4.5,1.9,2025-01-16,1846,Aqua,MODIS,40,61.03,285.3,48.9,D,0
33.3237,-82.2797,308.5,4.5,2,2025-01-16,1846,Aqua,MODIS,67,61.03,286.3,85.4,D,0
33.7418,-80.4785,300.1,3.4,1.7,2025-01-16,1846,Aqua,MODIS,29,61.03,285.2,31.6,D,0
38.5216,-78.1476,305.5,1.8,1.3,2025-01-16,1847,Aqua,MODIS,47,61.03,272.5,27.2,D,0
31.0889,-87.5878,300.5,1.9,1.4,2025-01-16,2023,Aqua,MODIS,39,61.03,285.8,15.1,D,0
29.718,-98.5289,339.9,1.5,1.2,2025-01-16,2023,Aqua,MODIS,92,61.03,287.6,80.6,D,0
29.7151,-98.544,325.7,1.5,1.2,2025-01-16,2023,Aqua,MODIS,84,61.03,285.6,44,D,0
29.7286,-98.5314,341,1.5,1.2,2025-01-16,2023,Aqua,MODIS,92,61.03,288.6,85.5,D,0
29.7257,-98.5465,318.3,1.5,1.2,2025-01-16,2023,Aqua,MODIS,78,61.03,286.7,31.5,D,0
30.3018,-95.6751,301.6,1.1,1,2025-01-16,2023,Aqua,MODIS,29,61.03,285.9,5.4,D,0
31.6841,-84.4264,305.4,3.2,1.7,2025-01-16,2023,Aqua,MODIS,61,61.03,287.9,40.3,D,0
31.6817,-84.4309,304.6,3.2,1.7,2025-01-16,2023,Aqua,MODIS,59,61.03,287.8,37.2,D,0
31.2933,-90.092,308.8,1.3,1.1,2025-01-16,2023,Aqua,MODIS,68,61.03,268.8,18.8,D,0
31.7071,-88.7028,301.7,1.6,1.3,2025-01-16,2023,Aqua,MODIS,48,61.03,288.5,10.6,D,0
31.5452,-90.6254,315,1.3,1.1,2025-01-16,2023,Aqua,MODIS,75,61.03,285.7,21.5,D,0
31.7081,-89.313,302.6,1.5,1.2,2025-01-16,2023,Aqua,MODIS,53,61.03,288.7,9.7,D,0
31.9406,-88.5375,312.7,1.7,1.3,2025-01-16,2023,Aqua,MODIS,73,61.03,288.9,26.3,D,0
31.9388,-88.5551,314.5,1.7,1.3,2025-01-16,2023,Aqua,MODIS,75,61.03,289,29,D,0
31.3628,-93.4214,311.3,1,1,2025-01-16,2023,Aqua,MODIS,71,61.03,284.9,12,D,0
32.5055,-84.0281,301.4,3.5,1.8,2025-01-16,2023,Aqua,MODIS,47,61.03,286.3,33.3,D,0
32.5018,-84.0357,310,3.5,1.8,2025-01-16,2023,Aqua,MODIS,65,61.03,286.6,60,D,0
32.1344,-89.5964,301.7,1.5,1.2,2025-01-16,2023,Aqua,MODIS,48,61.03,288.4,8.8,D,0
32.128,-89.6011,301.3,1.5,1.2,2025-01-16,2023,Aqua,MODIS,46,61.03,288.4,8.4,D,0
32.3912,-87.5349,303.9,2,1.4,2025-01-16,2023,Aqua,MODIS,57,61.03,288.3,17.9,D,0
30.3005,-84.2308,300,3.2,1.7,2025-01-16,2023,Aqua,MODIS,23,61.03,289,22.6,D,0
29.5182,-91.884,313.6,1.1,1,2025-01-16,2023,Aqua,MODIS,0,61.03,287.3,12.6,D,0
29.5272,-91.8856,341,1.1,1,2025-01-16,2023,Aqua,MODIS,0,61.03,289.8,46.5,D,0
29.5258,-91.8962,335.4,1.1,1,2025-01-16,2023,Aqua,MODIS,54,61.03,290.6,36.8,D,0
30.3718,-84.8729,300.5,2.9,1.6,2025-01-16,2023,Aqua,MODIS,38,61.03,289.5,20.4,D,0
30.3736,-84.8779,301.8,2.9,1.6,2025-01-16,2023,Aqua,MODIS,49,61.03,289.6,22.8,D,0
30.7244,-85.7254,300.9,2.6,1.5,2025-01-16,2023,Aqua,MODIS,33,61.03,289.5,15.9,D,0
30.738,-85.7269,307.8,2.6,1.5,2025-01-16,2023,Aqua,MODIS,66,61.03,289.5,32.9,D,0
30.2755,-91.8678,301.8,1.1,1,2025-01-16,2023,Aqua,MODIS,49,61.03,291.1,4.5,D,0
29.3927,-97.9474,302.8,1.4,1.2,2025-01-16,2023,Aqua,MODIS,54,61.03,290.4,7.1,D,0
31.0616,-86.0217,302.2,2.5,1.5,2025-01-16,2023,Aqua,MODIS,51,61.03,289.2,17.7,D,0
30.8299,-89.0336,300.5,1.5,1.2,2025-01-16,2023,Aqua,MODIS,37,61.03,289.6,7.4,D,0
29.8652,-96.6748,305.7,1.2,1.1,2025-01-16,2023,Aqua,MODIS,41,61.03,288,6.7,D,0
33.0401,-89.4775,313.8,1.5,1.2,2025-01-16,2024,Aqua,MODIS,74,61.03,288,25.3,D,0
32.7745,-84.7086,320.5,3.2,1.7,2025-01-16,2024,Aqua,MODIS,80,61.03,286.4,100.6,D,0
32.772,-84.7418,307.1,3.2,1.7,2025-01-16,2024,Aqua,MODIS,46,61.03,286.1,42.3,D,0
31.8302,-94.0896,340.5,1,1,2025-01-16,2024,Aqua,MODIS,92,61.03,283,46.1,D,0
31.8954,-93.7814,317.7,1,1,2025-01-16,2024,Aqua,MODIS,78,61.03,287.2,17.8,D,0
32.7811,-85.8536,301.1,2.7,1.6,2025-01-16,2024,Aqua,MODIS,0,61.03,285.8,23,D,0
32.6735,-87.4405,309.5,2.1,1.4,2025-01-16,2024,Aqua,MODIS,69,61.03,288,29.2,D,0
31.5276,-97.0817,303.4,1.2,1.1,2025-01-16,2024,Aqua,MODIS,53,61.03,291.4,5.3,D,0
32.3994,-92.3746,310.9,1.1,1,2025-01-16,2024,Aqua,MODIS,71,61.03,285.3,12.8,D,0
33.2791,-86.1322,312.6,2.6,1.5,2025-01-16,2024,Aqua,MODIS,73,61.03,286.8,50.3,D,0
33.2527,-86.6023,311.9,2.4,1.5,2025-01-16,2024,Aqua,MODIS,72,61.03,287.2,41.1,D,0
33.2737,-86.1393,309.5,2.6,1.5,2025-01-16,2024,Aqua,MODIS,69,61.03,287,41,D,0
33.2524,-86.5847,304.5,2.4,1.5,2025-01-16,2024,Aqua,MODIS,59,61.03,287.1,25,D,0
32.3372,-94.7999,308.3,1,1,2025-01-16,2024,Aqua,MODIS,67,61.03,286.8,9.1,D,0
33.0384,-89.4935,302.7,1.5,1.2,2025-01-16,2024,Aqua,MODIS,53,61.03,287.9,11.2,D,0
32.0045,-97.2689,308.4,1.2,1.1,2025-01-16,2024,Aqua,MODIS,67,61.03,286.7,11.5,D,0
33.2347,-89.9066,315.4,1.5,1.2,2025-01-16,2024,Aqua,MODIS,76,61.03,287.9,25.2,D,0
33.233,-89.9217,337,1.5,1.2,2025-01-16,2024,Aqua,MODIS,90,61.03,290.9,68.5,D,0
33.3976,-88.43,304.9,1.8,1.3,2025-01-16,2024,Aqua,MODIS,57,61.03,287.9,16.9,D,0
33.4154,-90.3984,304.8,1.4,1.2,2025-01-16,2024,Aqua,MODIS,0,61.03,286.5,10.5,D,0
33.4135,-90.4049,302.2,1.4,1.2,2025-01-16,2024,Aqua,MODIS,42,61.03,286.5,8,D,0
33.7704,-87.4995,301.3,2.1,1.4,2025-01-16,2024,Aqua,MODIS,46,61.03,287.3,16.3,D,0
33.8806,-91.0371,300.1,1.3,1.1,2025-01-16,2024,Aqua,MODIS,0,61.03,287.8,5.6,D,0
34.0346,-95.3247,324.6,1,1,2025-01-16,2024,Aqua,MODIS,72,61.03,286.9,24,D,0
34.033,-95.3353,317.1,1,1,2025-01-16,2024,Aqua,MODIS,67,61.03,285.8,16.6,D,0
33.8677,-98.7908,312.3,1.3,1.1,2025-01-16,2024,Aqua,MODIS,72,61.03,291.9,15.2,D,0
34.2693,-97.4174,300.6,1.1,1.1,2025-01-16,2024,Aqua,MODIS,39,61.03,286.3,5.5,D,0
34.4623,-97.5333,300.7,1.1,1.1,2025-01-16,2024,Aqua,MODIS,41,61.03,289.1,4.9,D,0
34.6356,-98.5431,309.2,1.2,1.1,2025-01-16,2024,Aqua,MODIS,68,61.03,291.8,11.2,D,0
34.6333,-98.5562,308.3,1.2,1.1,2025-01-16,2024,Aqua,MODIS,67,61.03,292.1,10.3,D,0
35.6945,-92.497,307.9,1.1,1.1,2025-01-16,2025,Aqua,MODIS,66,61.03,285.4,12.1,D,0
34.9821,-99.3283,302.9,1.3,1.2,2025-01-16,2025,Aqua,MODIS,0,61.03,291.9,5.9,D,0
35.4523,-96.8271,305.5,1,1,2025-01-16,2025,Aqua,MODIS,46,61.03,289.1,6.8,D,0
35.4612,-96.8293,310.3,1,1,2025-01-16,2025,Aqua,MODIS,70,61.03,288.2,10.5,D,0
35.4594,-96.8405,304.4,1,1,2025-01-16,2025,Aqua,MODIS,59,61.03,288.2,6.3,D,0
35.8303,-96.4945,324.9,1,1,2025-01-16,2025,Aqua,MODIS,83,61.03,289.9,24,D,0
35.8286,-96.5055,314,1,1,2025-01-16,2025,Aqua,MODIS,74,61.03,289.7,13.3,D,0
36.7959,-94.4497,304.3,1,1,2025-01-16,2025,Aqua,MODIS,58,61.03,285,7.5,D,0
38.433,-95.0926,300.7,1,1,2025-01-16,2025,Aqua,MODIS,0,61.03,275.4,8.3,D,0
37.3594,-105.1274,306.1,2.7,1.6,2025-01-16,2026,Aqua,MODIS,63,61.03,276.1,48.8,D,0
37.352,-105.1289,307.6,2.7,1.6,2025-01-16,2026,Aqua,MODIS,66,61.03,275.7,53.9,D,0
39.0006,-104.965,315.9,2.4,1.5,2025-01-16,2026,Aqua,MODIS,47,61.03,278.5,57.5,D,0
38.9986,-104.9713,311.2,2.4,1.5,2025-01-16,2026,Aqua,MODIS,54,61.03,278.2,48.7,D,0
39.0112,-104.9763,300.6,2.4,1.5,2025-01-16,2026,Aqua,MODIS,28,61.03,277.7,23.8,D,0
42.3865,-105.3703,302.6,2,1.4,2025-01-16,2027,Aqua,MODIS,46,61.03,276.1,26.1,D,0
33.136,-115.4818,358.2,1.3,1.1,2025-01-16,2202,Aqua,MODIS,99,61.03,286,121,D,0
33.1459,-115.4834,304,1.3,1.1,2025-01-16,2202,Aqua,MODIS,47,61.03,283.1,9.9,D,0
33.2847,-115.519,308.9,1.3,1.1,2025-01-16,2202,Aqua,MODIS,24,61.03,296.3,7.3,D,0
35.2173,-111.8922,303.3,2.3,1.5,2025-01-16,2203,Aqua,MODIS,55,61.03,284.1,23.5,D,0
36.2185,-121.1913,304.6,1,1,2025-01-16,2203,Aqua,MODIS,58,61.03,294.4,4.4,D,0
38.5296,-122.4798,301.8,1,1,2025-01-16,2204,Aqua,MODIS,49,61.03,289.3,4.7,D,0
37.3605,-119.8577,300.8,1,1,2025-01-16,2204,Aqua,MODIS,42,61.03,288.5,4.4,D,0
37.7376,-118.0628,303.7,1.1,1.1,2025-01-16,2204,Aqua,MODIS,57,61.03,288.7,5.7,D,0
37.736,-118.0751,303.1,1.1,1.1,2025-01-16,2204,Aqua,MODIS,55,61.03,288.1,5.3,D,0
38.4989,-122.442,300.2,1,1,2025-01-16,2204,Aqua,MODIS,31,61.03,289.5,3.9,D,2
38.5278,-122.4915,303.9,1,1,2025-01-16,2204,Aqua,MODIS,57,61.03,290.6,6.3,D,0
38.8999,-120.6696,306.6,1,1,2025-01-16,2204,Aqua,MODIS,64,61.03,283.3,10.1,D,0
38.6008,-122.9602,300,1.1,1,2025-01-16,2204,Aqua,MODIS,22,61.03,287.2,5.3,D,0
39.8557,-122.0234,306,1,1,2025-01-16,2204,Aqua,MODIS,63,61.03,291.5,6.9,D,0
41.875,-119.023,311.6,1.1,1.1,2025-01-16,2205,Aqua,MODIS,57,61.03,281.3,13.2,D,0
40.069,-123.8677,315.5,1.1,1.1,2025-01-16,2205,Aqua,MODIS,76,61.03,284.6,18.7,D,0
40.0238,-123.2491,306.7,1.1,1,2025-01-16,2205,Aqua,MODIS,64,61.03,286.1,9,D,0
41.8905,-123.3906,303.6,1,1,2025-01-16,2205,Aqua,MODIS,29,61.03,284.1,7,D,0
42.1208,-123.1739,301.7,1,1,2025-01-16,2205,Aqua,MODIS,46,61.03,282.7,7,D,0
42.3571,-122.6052,306.8,1,1,2025-01-16,2205,Aqua,MODIS,64,61.03,282.9,10.2,D,0
42.5922,-123.5446,316.3,1,1,2025-01-16,2205,Aqua,MODIS,77,61.03,283.6,18.2,D,0
42.5902,-123.5569,326.2,1,1,2025-01-16,2205,Aqua,MODIS,84,61.03,282.1,28.7,D,0
43.0654,-122.9539,310.3,1,1,2025-01-16,2205,Aqua,MODIS,70,61.03,282.3,12.9,D,0
43.0636,-122.9658,316,1,1,2025-01-16,2205,Aqua,MODIS,76,61.03,281.5,17.5,D,0
41.8818,-123.3878,315.6,1,1,2025-01-16,2205,Aqua,MODIS,76,61.03,283.7,16.2,D,0
41.4578,-123.8709,308.4,1.1,1,2025-01-16,2205,Aqua,MODIS,67,61.03,285.7,12.1,D,0
41.8718,-119.0495,315.8,1.1,1.1,2025-01-16,2205,Aqua,MODIS,74,61.03,283.4,17.4,D,2
41.8735,-119.0362,375.7,1.1,1.1,2025-01-16,2205,Aqua,MODIS,100,61.03,287.2,164.7,D,0
46.6564,-113.4526,326.5,2.5,1.5,2025-01-16,2206,Aqua,MODIS,49,61.03,276.4,101.2,D,0
45.1187,-122.2303,300,1,1,2025-01-16,2206,Aqua,MODIS,16,61.03,274.6,7.8,D,0
46.6499,-113.4577,305.5,2.5,1.5,2025-01-16,2206,Aqua,MODIS,21,61.03,276.4,36.2,D,0
46.6636,-113.4569,311.3,2.5,1.5,2025-01-16,2206,Aqua,MODIS,71,61.03,275.1,54.9,D,0
28.9665,-82.2251,321.1,1.5,1.2,2025-01-17,0225,Terra,MODIS,100,61.03,280.8,39.9,N,0
28.9738,-82.2177,301.5,1.5,1.2,2025-01-17,0225,Terra,MODIS,41,61.03,279.7,14.6,N,0
28.9712,-82.2323,313,1.5,1.2,2025-01-17,0225,Terra,MODIS,86,61.03,280.1,28.1,N,0
39.0053,-104.967,301.6,1,1,2025-01-17,0407,Terra,MODIS,43,61.03,268.5,9.9,N,0
44.7327,-104.7608,306.4,1.1,1,2025-01-17,0408,Terra,MODIS,68,61.03,270.5,14.2,N,0
46.3371,-105.1159,310.3,1.1,1,2025-01-17,0409,Terra,MODIS,80,61.03,270,17.6,N,0
19.423,-155.2816,315.6,2,1.4,2025-01-17,1325,Aqua,MODIS,89,61.03,282.3,44.9,N,1
19.4195,-155.2626,311,2,1.4,2025-01-17,1325,Aqua,MODIS,57,61.03,283.4,34.7,N,1
19.4182,-155.2881,308.4,2,1.4,2025-01-17,1325,Aqua,MODIS,23,61.03,281.6,28.5,N,1
19.4147,-155.2688,315.1,2,1.4,2025-01-17,1325,Aqua,MODIS,75,61.03,281.9,42.8,N,1
33.8698,-82.655,321.4,3.4,1.7,2025-01-17,1606,Terra,MODIS,81,61.03,283.3,128.5,D,0
33.588,-82.4602,307.5,3.5,1.8,2025-01-17,1606,Terra,MODIS,62,61.03,282.6,67.1,D,0
33.5921,-82.4636,307.7,3.5,1.8,2025-01-17,1606,Terra,MODIS,62,61.03,282.7,64.5,D,0
33.6233,-83.5584,302.1,3,1.6,2025-01-17,1606,Terra,MODIS,48,61.03,282.5,34.5,D,0
33.2914,-83.0699,315.2,3.3,1.7,2025-01-17,1606,Terra,MODIS,76,61.03,282.9,92.7,D,0
33.2838,-83.0368,301.5,3.3,1.7,2025-01-17,1606,Terra,MODIS,47,61.03,282.7,40,D,0
32.9249,-81.9043,311.5,4,1.9,2025-01-17,1606,Terra,MODIS,71,61.03,284.4,96.3,D,0
33.9338,-82.6633,304.6,3.4,1.7,2025-01-17,1606,Terra,MODIS,56,61.03,282.8,51,D,0
33.2278,-83.551,304.9,3.1,1.7,2025-01-17,1606,Terra,MODIS,60,61.03,283.8,45.5,D,0
32.5519,-81.3611,308.3,4.4,1.9,2025-01-17,1606,Terra,MODIS,67,61.03,284.7,90.2,D,0
32.5486,-81.3674,312.7,4.4,1.9,2025-01-17,1606,Terra,MODIS,73,61.03,284.8,118.9,D,0
32.2501,-82.8379,302,3.6,1.8,2025-01-17,1606,Terra,MODIS,50,61.03,285.8,41.3,D,0
33.4394,-88.5754,302,1.4,1.2,2025-01-17,1606,Terra,MODIS,50,61.03,284.2,10.9,D,2
32.2403,-82.8474,300.5,3.6,1.8,2025-01-17,1606,Terra,MODIS,38,61.03,285.3,36.6,D,0
33.229,-83.5452,302.7,3.1,1.7,2025-01-17,1606,Terra,MODIS,53,61.03,283.6,36.3,D,0
33.8749,-82.6834,321.8,3.4,1.7,2025-01-17,1606,Terra,MODIS,79,61.03,283,117.9,D,0
33.8668,-82.6494,314.5,3.4,1.7,2025-01-17,1606,Terra,MODIS,53,61.03,283,80.6,D,0
33.8776,-82.6892,312.1,3.4,1.7,2025-01-17,1606,Terra,MODIS,72,61.03,282.7,78.9,D,0
31.1692,-86.9104,316.7,2,1.4,2025-01-17,1607,Terra,MODIS,77,61.03,284.7,45,D,0
32.8374,-87.1903,303.7,1.8,1.3,2025-01-17,1607,Terra,MODIS,57,61.03,283.9,18.2,D,0
31.6005,-83.0124,306,3.7,1.8,2025-01-17,1607,Terra,MODIS,63,61.03,286.3,51.6,D,0
31.6063,-83.0158,303.1,3.7,1.8,2025-01-17,1607,Terra,MODIS,55,61.03,286.4,42.8,D,0
31.8977,-84.657,317.5,2.8,1.6,2025-01-17,1607,Terra,MODIS,78,61.03,285.2,77.6,D,0
31.9072,-84.6609,313.2,2.8,1.6,2025-01-17,1607,Terra,MODIS,73,61.03,285.3,60.6,D,0
31.4489,-85.7973,303.9,2.4,1.5,2025-01-17,1607,Terra,MODIS,57,61.03,285.4,26.5,D,0
31.1613,-86.9341,314.7,2,1.4,2025-01-17,1607,Terra,MODIS,75,61.03,285,40.3,D,0
31.1572,-86.9136,310.1,2,1.4,2025-01-17,1607,Terra,MODIS,64,61.03,284.9,30.5,D,0
31.1659,-86.9169,328.9,2,1.4,2025-01-17,1607,Terra,MODIS,86,61.03,285.6,79.8,D,0
31.1538,-86.9202,306.3,2,1.4,2025-01-17,1607,Terra,MODIS,35,61.03,284.9,22.7,D,0
30.8821,-86.9401,307.9,2.1,1.4,2025-01-17,1607,Terra,MODIS,66,61.03,286,28.8,D,0
30.8795,-86.9473,302.4,2.1,1.4,2025-01-17,1607,Terra,MODIS,52,61.03,285.7,19.2,D,0
29.8871,-82.8374,306,4.2,1.9,2025-01-17,1607,Terra,MODIS,63,61.03,287.7,60.8,D,0
29.8975,-82.8389,312.1,4.2,1.9,2025-01-17,1607,Terra,MODIS,72,61.03,287.3,95.8,D,0
30.4931,-85.6279,305.9,2.6,1.5,2025-01-17,1607,Terra,MODIS,54,61.03,287.5,32.9,D,0
32.0455,-109.6142,300.2,2.7,1.6,2025-01-17,1745,Terra,MODIS,18,61.03,285.6,9.1,D,0
34.7168,-114.4893,323.6,1.2,1.1,2025-01-17,1745,Terra,MODIS,78,61.03,288.1,26.9,D,2
34.7241,-114.4746,316.8,1.2,1.1,2025-01-17,1745,Terra,MODIS,71,61.03,288.9,17.4,D,0
34.7262,-114.4869,328.4,1.2,1.1,2025-01-17,1745,Terra,MODIS,81,61.03,289.7,32.9,D,0
36.2159,-121.1874,302.6,1.3,1.1,2025-01-17,1745,Terra,MODIS,52,61.03,283.4,9.1,D,0
34.7147,-114.4769,333.4,1.2,1.1,2025-01-17,1745,Terra,MODIS,88,61.03,288.3,42.2,D,2
32.6295,-114.538,345.2,1.3,1.1,2025-01-17,1745,Terra,MODIS,94,61.03,293.5,71.8,D,0
32.6272,-114.5251,327.3,1.3,1.1,2025-01-17,1745,Terra,MODIS,85,61.03,291.7,33.1,D,0
34.0393,-114.3311,310.2,1.2,1.1,2025-01-17,1745,Terra,MODIS,69,61.03,288.9,12.5,D,0
27.0771,-81.7111,301.6,1.3,1.1,2025-01-17,1923,Aqua,MODIS,38,61.03,282.8,5.9,D,0
29.3365,-82.3234,303.4,1.3,1.1,2025-01-17,1924,Aqua,MODIS,56,61.03,292.5,6,D,0
29.5014,-82.5612,303.9,1.3,1.1,2025-01-17,1924,Aqua,MODIS,55,61.03,292.8,6,D,0
30.0825,-83.5985,307.1,1.5,1.2,2025-01-17,1924,Aqua,MODIS,65,61.03,293.9,9.5,D,0
30.0877,-83.6065,309.9,1.5,1.2,2025-01-17,1924,Aqua,MODIS,69,61.03,293.5,13.2,D,0
30.4095,-82.8634,305.1,1.3,1.1,2025-01-17,1924,Aqua,MODIS,61,61.03,291,8.2,D,0
30.4455,-83.0738,305.5,1.3,1.2,2025-01-17,1924,Aqua,MODIS,62,61.03,293.8,8.4,D,0
30.2627,-84.2773,306.3,1.6,1.2,2025-01-17,1924,Aqua,MODIS,63,61.03,291.2,14.1,D,0
30.2735,-84.2801,304.6,1.6,1.2,2025-01-17,1924,Aqua,MODIS,59,61.03,291.5,11.7,D,0
30.5949,-83.2215,302.3,1.4,1.2,2025-01-17,1924,Aqua,MODIS,49,61.03,292.3,5.6,D,0
31.0777,-81.7558,301.2,1.1,1.1,2025-01-17,1924,Aqua,MODIS,45,61.03,289.8,5.7,D,0
30.8599,-83.0082,313.6,1.3,1.1,2025-01-17,1924,Aqua,MODIS,74,61.03,291.8,18.4,D,0
31.065,-81.9455,301.8,1.2,1.1,2025-01-17,1924,Aqua,MODIS,49,61.03,291,5.7,D,0
30.9318,-83.1294,306.5,1.3,1.1,2025-01-17,1924,Aqua,MODIS,64,61.03,291.3,10.9,D,0
30.4782,-85.6233,310.9,2,1.4,2025-01-17,1924,Aqua,MODIS,67,61.03,292.9,26,D,0
30.9942,-83.1868,321.2,1.3,1.1,2025-01-17,1924,Aqua,MODIS,81,61.03,291.6,27.9,D,0
30.733,-84.9246,300.1,1.7,1.3,2025-01-17,1924,Aqua,MODIS,0,61.03,288.5,6.6,D,0
30.7296,-84.9419,300.9,1.7,1.3,2025-01-17,1924,Aqua,MODIS,41,61.03,290.7,7.5,D,0
27.5848,-82.2408,318.5,1.4,1.2,2025-01-17,1924,Aqua,MODIS,78,61.03,292.5,21.5,D,0
28.047,-81.5462,305.4,1.2,1.1,2025-01-17,1924,Aqua,MODIS,58,61.03,283.4,7.6,D,0
28.6737,-82.0319,305.6,1.3,1.1,2025-01-17,1924,Aqua,MODIS,54,61.03,295,5.6,D,2
28.7226,-81.9979,314.6,1.3,1.1,2025-01-17,1924,Aqua,MODIS,75,61.03,293.9,14.1,D,0
28.7204,-82.0103,314.8,1.3,1.1,2025-01-17,1924,Aqua,MODIS,75,61.03,294.2,14.8,D,0
28.9611,-82.2262,304,1.3,1.1,2025-01-17,1924,Aqua,MODIS,38,61.03,293.3,6.1,D,0
28.9709,-82.2285,310.1,1.3,1.1,2025-01-17,1924,Aqua,MODIS,70,61.03,293.3,11.7,D,0
32.9467,-83.193,302.1,1.2,1.1,2025-01-17,1925,Aqua,MODIS,51,61.03,291.4,7.2,D,0
32.0544,-83.8479,300.3,1.4,1.2,2025-01-17,1925,Aqua,MODIS,34,61.03,290.3,6.1,D,0
31.9037,-84.6597,306.3,1.6,1.2,2025-01-17,1925,Aqua,MODIS,63,61.03,286.5,14.3,D,0
31.9007,-84.6755,305.9,1.6,1.2,2025-01-17,1925,Aqua,MODIS,62,61.03,288.4,13.9,D,0
32.2437,-82.8386,303.4,1.2,1.1,2025-01-17,1925,Aqua,MODIS,56,61.03,290.4,7.6,D,0
32.0273,-84.1137,302.3,1.4,1.2,2025-01-17,1925,Aqua,MODIS,51,61.03,290.2,8.4,D,0
32.0899,-83.8273,325.5,1.4,1.2,2025-01-17,1925,Aqua,MODIS,84,61.03,289.8,38.3,D,0
32.4403,-81.8888,301.4,1.1,1,2025-01-17,1925,Aqua,MODIS,47,61.03,291.3,4.8,D,0
32.5444,-81.3692,322.3,1.1,1,2025-01-17,1925,Aqua,MODIS,82,61.03,290.3,22.3,D,0
32.5426,-81.3801,338.7,1.1,1,2025-01-17,1925,Aqua,MODIS,91,61.03,292.1,45.5,D,0
32.0858,-84.0131,300.7,1.4,1.2,2025-01-17,1925,Aqua,MODIS,41,61.03,290,7.6,D,0
32.4449,-82.0326,317.7,1.1,1.1,2025-01-17,1925,Aqua,MODIS,78,61.03,290.5,18.4,D,0
32.4541,-82.0348,310.3,1.1,1.1,2025-01-17,1925,Aqua,MODIS,68,61.03,291.4,10.7,D,0
32.7301,-80.4172,309.4,1,1,2025-01-17,1925,Aqua,MODIS,69,61.03,286.7,10.4,D,0
32.7389,-80.4191,303.7,1,1,2025-01-17,1925,Aqua,MODIS,57,61.03,286.8,6.5,D,0
32.1522,-84.0607,318.6,1.4,1.2,2025-01-17,1925,Aqua,MODIS,54,61.03,289.8,26.2,D,0
32.1475,-84.0647,314.3,1.4,1.2,2025-01-17,1925,Aqua,MODIS,29,61.03,289.7,19.8,D,0
32.5782,-81.7853,309.8,1.1,1,2025-01-17,1925,Aqua,MODIS,69,61.03,290.6,11.4,D,0
32.5764,-81.7965,301,1.1,1,2025-01-17,1925,Aqua,MODIS,43,61.03,290.6,5,D,0
32.1613,-84.2223,301.9,1.5,1.2,2025-01-17,1925,Aqua,MODIS,50,61.03,290,8.1,D,0
32.4983,-82.3792,300.8,1.2,1.1,2025-01-17,1925,Aqua,MODIS,42,61.03,289.3,5.1,D,0
32.1716,-84.225,300.7,1.5,1.2,2025-01-17,1925,Aqua,MODIS,40,61.03,289.3,7,D,0
32.5794,-81.9504,304.9,1.1,1.1,2025-01-17,1925,Aqua,MODIS,60,61.03,291.5,7.2,D,0
32.702,-81.3087,308.1,1.1,1,2025-01-17,1925,Aqua,MODIS,66,61.03,289.3,9.6,D,0
32.7002,-81.3196,317.2,1.1,1,2025-01-17,1925,Aqua,MODIS,77,61.03,289.3,17.3,D,0
32.3321,-83.6308,302.5,1.3,1.1,2025-01-17,1925,Aqua,MODIS,52,61.03,290.8,7.3,D,0
32.8724,-80.5795,301.7,1,1,2025-01-17,1925,Aqua,MODIS,49,61.03,288,5.6,D,0
32.2385,-84.3118,301.2,1.5,1.2,2025-01-17,1925,Aqua,MODIS,42,61.03,289.9,7.5,D,0
32.2488,-84.3146,305.1,1.5,1.2,2025-01-17,1925,Aqua,MODIS,61,61.03,289.7,11.9,D,0
32.2205,-84.4664,313.1,1.5,1.2,2025-01-17,1925,Aqua,MODIS,73,61.03,290,21.5,D,0
32.6664,-81.9895,347.5,1.1,1.1,2025-01-17,1925,Aqua,MODIS,95,61.03,292.9,66.4,D,0
32.6645,-82.001,324.6,1.1,1.1,2025-01-17,1925,Aqua,MODIS,83,61.03,292.3,26.1,D,0
32.5066,-82.9351,303.2,1.2,1.1,2025-01-17,1925,Aqua,MODIS,54,61.03,290.7,6.1,D,0
33.0124,-79.8879,308,1,1,2025-01-17,1925,Aqua,MODIS,58,61.03,288.2,9.5,D,2
32.6753,-82.0512,310.8,1.1,1.1,2025-01-17,1925,Aqua,MODIS,70,61.03,290.9,12.2,D,0
33.0517,-79.816,302.1,1,1,2025-01-17,1925,Aqua,MODIS,51,61.03,287.9,5.9,D,0
32.4209,-84.1171,304.8,1.4,1.2,2025-01-17,1925,Aqua,MODIS,58,61.03,290.5,9.8,D,0
32.4183,-84.1317,301.9,1.4,1.2,2025-01-17,1925,Aqua,MODIS,35,61.03,290.7,7.1,D,0
32.4172,-84.1227,311.3,1.4,1.2,2025-01-17,1925,Aqua,MODIS,71,61.03,291.3,17.2,D,0
33.2207,-79.2884,307.6,1,1,2025-01-17,1925,Aqua,MODIS,62,61.03,287.6,9.9,D,0
32.7879,-82.09,300.4,1.1,1.1,2025-01-17,1925,Aqua,MODIS,37,61.03,289.1,5.3,D,0
32.9678,-81.0407,300.3,1,1,2025-01-17,1925,Aqua,MODIS,34,61.03,286.9,5.1,D,0
32.5576,-83.5298,308.7,1.3,1.1,2025-01-17,1925,Aqua,MODIS,68,61.03,290.4,13.7,D,0
32.293,-85.0692,310.9,1.6,1.3,2025-01-17,1925,Aqua,MODIS,71,61.03,289.3,22.1,D,0
32.9121,-81.8992,334.9,1.1,1,2025-01-17,1925,Aqua,MODIS,89,61.03,291.6,39.4,D,0
32.9102,-81.9105,327.2,1.1,1,2025-01-17,1925,Aqua,MODIS,85,61.03,291,27.8,D,0
32.8185,-82.4555,304.4,1.2,1.1,2025-01-17,1925,Aqua,MODIS,59,61.03,290.1,7.4,D,0
32.9212,-81.9013,322,1.1,1,2025-01-17,1925,Aqua,MODIS,81,61.03,289.5,23.3,D,0
32.9193,-81.9126,318.5,1.1,1,2025-01-17,1925,Aqua,MODIS,79,61.03,290,19.4,D,0
32.8279,-82.4578,304.9,1.2,1.1,2025-01-17,1925,Aqua,MODIS,60,61.03,289.9,7.7,D,0
32.6034,-83.7316,304.7,1.3,1.1,2025-01-17,1925,Aqua,MODIS,59,61.03,290.9,8.1,D,0
32.6009,-83.7453,301.7,1.3,1.1,2025-01-17,1925,Aqua,MODIS,49,61.03,291.2,5.9,D,0
32.2702,-85.4834,305.2,1.7,1.3,2025-01-17,1925,Aqua,MODIS,61,61.03,288.9,16.3,D,0
32.8054,-82.703,306.6,1.2,1.1,2025-01-17,1925,Aqua,MODIS,64,61.03,289.2,9.7,D,0
32.8033,-82.7152,318.8,1.2,1.1,2025-01-17,1925,Aqua,MODIS,79,61.03,290.3,21.7,D,0
33.129,-80.7738,342,1,1,2025-01-17,1925,Aqua,MODIS,93,61.03,290.5,49.3,D,0
33.1273,-80.7844,320.1,1,1,2025-01-17,1925,Aqua,MODIS,80,61.03,289.2,19.4,D,0
32.9923,-81.6388,304.7,1.1,1,2025-01-17,1925,Aqua,MODIS,60,61.03,291.3,6.1,D,0
32.9905,-81.6499,335,1.1,1,2025-01-17,1925,Aqua,MODIS,89,61.03,292.2,39.4,D,0
32.5474,-84.4803,303.5,1.5,1.2,2025-01-17,1925,Aqua,MODIS,56,61.03,289.9,10,D,0
32.5578,-84.4831,300.5,1.5,1.2,2025-01-17,1925,Aqua,MODIS,32,61.03,288.9,7,D,0
33.2902,-80.3265,316.2,1,1,2025-01-17,1925,Aqua,MODIS,76,61.03,288.2,15.7,D,0
32.9098,-82.697,302.5,1.2,1.1,2025-01-17,1925,Aqua,MODIS,53,61.03,289.8,6.7,D,0
32.7726,-83.4841,304.6,1.3,1.1,2025-01-17,1925,Aqua,MODIS,59,61.03,289.5,9.9,D,0
32.5852,-84.571,304.2,1.5,1.2,2025-01-17,1925,Aqua,MODIS,58,61.03,288.9,11.7,D,0
32.9611,-82.6519,300.8,1.2,1.1,2025-01-17,1925,Aqua,MODIS,42,61.03,290.7,5.6,D,0
32.7692,-83.9025,302,1.4,1.2,2025-01-17,1925,Aqua,MODIS,50,61.03,289.6,8.1,D,0
33.217,-81.3948,301.9,1.1,1,2025-01-17,1925,Aqua,MODIS,50,61.03,289.2,5.5,D,0
33.3928,-80.376,322.7,1,1,2025-01-17,1925,Aqua,MODIS,82,61.03,289.9,21.2,D,0
33.4729,-79.8969,314.6,1,1,2025-01-17,1925,Aqua,MODIS,75,61.03,289.1,14,D,0
33.4016,-80.3779,330.8,1,1,2025-01-17,1925,Aqua,MODIS,87,61.03,289,29.9,D,0
32.4292,-86.0921,308.1,1.9,1.3,2025-01-17,1925,Aqua,MODIS,58,61.03,277.3,28.1,D,0
33.3428,-81.3061,305.4,1,1,2025-01-17,1925,Aqua,MODIS,61,61.03,290.2,7.3,D,0
33.3411,-81.317,318.5,1,1,2025-01-17,1925,Aqua,MODIS,79,61.03,291.1,17.9,D,0
33.2284,-82.3453,316.3,1.1,1.1,2025-01-17,1925,Aqua,MODIS,77,61.03,289.1,18.2,D,0
33.2264,-82.357,317.1,1.1,1.1,2025-01-17,1925,Aqua,MODIS,77,61.03,290.2,18.9,D,0
33.5872,-80.1925,306.5,1,1,2025-01-17,1925,Aqua,MODIS,60,61.03,288,8,D,0
33.0293,-83.6089,318.7,1.3,1.1,2025-01-17,1925,Aqua,MODIS,79,61.03,291,25.9,D,0
33.0269,-83.6223,312.9,1.3,1.1,2025-01-17,1925,Aqua,MODIS,73,61.03,289.8,18.6,D,0
33.177,-83.4184,353.4,1.3,1.1,2025-01-17,1925,Aqua,MODIS,97,61.03,291,99.4,D,0
33.291,-82.8148,306.9,1.2,1.1,2025-01-17,1925,Aqua,MODIS,62,61.03,289.3,9.7,D,0
33.2889,-82.8271,325.1,1.2,1.1,2025-01-17,1925,Aqua,MODIS,84,61.03,291.3,29.8,D,0
33.1867,-83.4209,312.2,1.3,1.1,2025-01-17,1925,Aqua,MODIS,72,61.03,289.3,16.6,D,0
33.7316,-80.0895,317,1,1,2025-01-17,1925,Aqua,MODIS,77,61.03,289.5,16.1,D,0
33.7301,-80.1,310.4,1,1,2025-01-17,1925,Aqua,MODIS,70,61.03,288.7,10.9,D,0
33.2984,-82.8294,311.2,1.2,1.1,2025-01-17,1925,Aqua,MODIS,71,61.03,289.7,14,D,0
33.7406,-80.162,325.7,1,1,2025-01-17,1925,Aqua,MODIS,84,61.03,290,24.3,D,0
33.2912,-83.0653,320.1,1.2,1.1,2025-01-17,1925,Aqua,MODIS,80,61.03,290.2,25.4,D,0
33.2704,-83.2985,310.1,1.2,1.1,2025-01-17,1925,Aqua,MODIS,69,61.03,288.2,14.4,D,0
33.2268,-83.5461,308.1,1.3,1.1,2025-01-17,1925,Aqua,MODIS,67,61.03,289.4,12.8,D,0
33.2244,-83.5594,360.4,1.3,1.1,2025-01-17,1925,Aqua,MODIS,100,61.03,296,127.6,D,0
33.222,-83.5727,300,1.3,1.1,2025-01-17,1925,Aqua,MODIS,15,61.03,289.6,5.8,D,0
33.34,-83.0124,319.7,1.2,1.1,2025-01-17,1925,Aqua,MODIS,80,61.03,289,24.7,D,0
33.4347,-83.121,307,1.2,1.1,2025-01-17,1925,Aqua,MODIS,65,61.03,288.5,10.8,D,0
33.4392,-83.1143,305.7,1.2,1.1,2025-01-17,1925,Aqua,MODIS,62,61.03,288.1,9.7,D,0
33.5891,-82.4691,366.8,1.1,1.1,2025-01-17,1925,Aqua,MODIS,100,61.03,293.2,128.7,D,0
33.5871,-82.4808,314.1,1.1,1.1,2025-01-17,1925,Aqua,MODIS,74,61.03,288.6,16.4,D,0
34.016,-80.0384,317,1,1,2025-01-17,1925,Aqua,MODIS,77,61.03,288.6,16,D,0
34.0109,-80.3369,312,1,1,2025-01-17,1925,Aqua,MODIS,72,61.03,287.7,11.9,D,0
34.0094,-80.3474,315.4,1,1,2025-01-17,1925,Aqua,MODIS,76,61.03,288.4,14.4,D,0
34.078,-80.0041,304.8,1,1,2025-01-17,1925,Aqua,MODIS,60,61.03,287.6,7.3,D,0
33.0538,-86.2032,306.9,1.9,1.3,2025-01-17,1925,Aqua,MODIS,64,61.03,286.5,21.1,D,0
33.0488,-86.2064,303.8,1.9,1.3,2025-01-17,1925,Aqua,MODIS,57,61.03,286.4,17.4,D,0
33.7474,-82.5195,319.4,1.1,1.1,2025-01-17,1925,Aqua,MODIS,79,61.03,287.3,22.2,D,0
33.7454,-82.5313,337.4,1.1,1.1,2025-01-17,1925,Aqua,MODIS,90,61.03,289.1,48.7,D,0
34.293,-79.0037,305.8,1,1,2025-01-17,1925,Aqua,MODIS,62,61.03,287.9,8.2,D,0
33.85,-81.9586,309.9,1.1,1,2025-01-17,1925,Aqua,MODIS,69,61.03,288,12,D,0
33.6196,-83.547,311.3,1.3,1.1,2025-01-17,1925,Aqua,MODIS,71,61.03,287.9,15.3,D,0
33.6173,-83.56,308.1,1.3,1.1,2025-01-17,1925,Aqua,MODIS,63,61.03,288.2,12.2,D,0
33.6292,-83.5496,307.7,1.3,1.1,2025-01-17,1925,Aqua,MODIS,54,61.03,287.5,11.7,D,0
33.6269,-83.5627,306.7,1.3,1.1,2025-01-17,1925,Aqua,MODIS,49,61.03,287.6,10.8,D,0
33.8703,-82.6305,320.6,1.1,1.1,2025-01-17,1925,Aqua,MODIS,80,61.03,288.6,23.9,D,0
33.8683,-82.6424,323,1.1,1.1,2025-01-17,1925,Aqua,MODIS,82,61.03,289.6,25.7,D,0
33.8643,-82.6662,317,1.1,1.1,2025-01-17,1925,Aqua,MODIS,66,61.03,287.6,17.6,D,0
33.8623,-82.6781,341.6,1.1,1.1,2025-01-17,1925,Aqua,MODIS,92,61.03,290,56.8,D,0
33.8716,-82.6804,305.2,1.1,1.1,2025-01-17,1925,Aqua,MODIS,40,61.03,287.2,7.9,D,0
34.2078,-80.6212,301.6,1,1,2025-01-17,1925,Aqua,MODIS,48,61.03,286.5,5.9,D,0
33.2579,-86.1158,320.5,1.8,1.3,2025-01-17,1925,Aqua,MODIS,80,61.03,288.3,44,D,0
33.2691,-86.1038,316.6,1.8,1.3,2025-01-17,1925,Aqua,MODIS,73,61.03,282.6,35.2,D,0
33.2652,-86.1228,326.3,1.8,1.3,2025-01-17,1925,Aqua,MODIS,84,61.03,287.3,59,D,0
33.9305,-82.6507,311.6,1.1,1.1,2025-01-17,1925,Aqua,MODIS,71,61.03,287.5,14.3,D,0
33.9284,-82.6626,317.7,1.1,1.1,2025-01-17,1925,Aqua,MODIS,78,61.03,289,20.4,D,0
33.9397,-82.653,386.9,1.1,1.1,2025-01-17,1925,Aqua,MODIS,100,61.03,294.3,222.4,D,0
33.9377,-82.6649,377.6,1.1,1.1,2025-01-17,1925,Aqua,MODIS,100,61.03,295.4,174.2,D,0
34.6061,-78.3167,315.1,1.1,1,2025-01-17,1925,Aqua,MODIS,75,61.03,287,16.5,D,0
34.4765,-79.2751,311.6,1,1,2025-01-17,1925,Aqua,MODIS,72,61.03,288.9,11.2,D,0
34.4853,-79.2769,314.3,1,1,2025-01-17,1925,Aqua,MODIS,75,61.03,288,13.1,D,0
34.8637,-78.8746,321.7,1,1,2025-01-17,1925,Aqua,MODIS,81,61.03,288.4,21.6,D,0
34.8622,-78.8856,314.3,1,1,2025-01-17,1925,Aqua,MODIS,75,61.03,288.7,14.4,D,0
33.8852,-85.1609,307,1.5,1.2,2025-01-17,1925,Aqua,MODIS,65,61.03,288.1,16.3,D,0
34.5775,-81.8268,306.1,1.1,1,2025-01-17,1925,Aqua,MODIS,63,61.03,286.3,9.4,D,0
34.9014,-80.6929,322.1,1,1,2025-01-17,1925,Aqua,MODIS,81,61.03,287.1,21.4,D,0
34.8998,-80.7035,303,1,1,2025-01-17,1925,Aqua,MODIS,54,61.03,286.6,6.5,D,0
35.2016,-79.0356,301.2,1,1,2025-01-17,1925,Aqua,MODIS,42,61.03,285.4,5.9,D,0
35.212,-79.0263,301.5,1,1,2025-01-17,1925,Aqua,MODIS,48,61.03,284.8,6.4,D,0
35.1693,-80.5725,301.3,1,1,2025-01-17,1925,Aqua,MODIS,46,61.03,285.6,5.5,D,0
34.799,-83.1288,300,1.2,1.1,2025-01-17,1925,Aqua,MODIS,22,61.03,285.1,6.9,D,0
34.7969,-83.1408,304.2,1.2,1.1,2025-01-17,1925,Aqua,MODIS,58,61.03,285.7,9.8,D,0
34.4228,-85.4237,300.7,1.6,1.2,2025-01-17,1925,Aqua,MODIS,41,61.03,287.5,9.5,D,0
31.0154,-83.6476,300.8,1.4,1.2,2025-01-17,1925,Aqua,MODIS,0,61.03,290.2,5.8,D,0
31.0117,-83.6533,302.1,1.4,1.2,2025-01-17,1925,Aqua,MODIS,38,61.03,290.7,7.2,D,0
31.3904,-81.7272,309,1.1,1.1,2025-01-17,1925,Aqua,MODIS,68,61.03,290.5,10.3,D,0
31.3885,-81.7386,309.3,1.1,1.1,2025-01-17,1925,Aqua,MODIS,68,61.03,291.5,10.6,D,0
31.3996,-81.7293,354.8,1.1,1.1,2025-01-17,1925,Aqua,MODIS,98,61.03,293.7,86.1,D,0
31.3977,-81.7407,352.2,1.1,1.1,2025-01-17,1925,Aqua,MODIS,97,61.03,294.4,79.1,D,0
30.8051,-85.0981,311.5,1.8,1.3,2025-01-17,1925,Aqua,MODIS,71,61.03,291,23.5,D,0
31.0045,-84.1635,303.4,1.5,1.2,2025-01-17,1925,Aqua,MODIS,56,61.03,291.3,9.7,D,0
31.0074,-84.1697,306.2,1.5,1.2,2025-01-17,1925,Aqua,MODIS,63,61.03,291.3,12.1,D,0
30.9577,-84.6065,312.5,1.6,1.3,2025-01-17,1925,Aqua,MODIS,73,61.03,292.8,20.6,D,0
30.7325,-85.7507,304.7,2,1.4,2025-01-17,1925,Aqua,MODIS,60,61.03,283.9,19,D,0
31.4165,-82.4121,308.4,1.2,1.1,2025-01-17,1925,Aqua,MODIS,67,61.03,292.1,9.8,D,0
31.422,-82.4073,303,1.2,1.1,2025-01-17,1925,Aqua,MODIS,48,61.03,292.1,5.5,D,0
31.4198,-82.4195,302.4,1.2,1.1,2025-01-17,1925,Aqua,MODIS,46,61.03,292.1,5.1,D,0
31.4035,-82.8581,308.9,1.3,1.1,2025-01-17,1925,Aqua,MODIS,68,61.03,291.4,11.5,D,0
31.3575,-83.3482,311.2,1.3,1.1,2025-01-17,1925,Aqua,MODIS,71,61.03,291.8,14.9,D,0
31.355,-83.3618,323.8,1.3,1.2,2025-01-17,1925,Aqua,MODIS,83,61.03,292.7,32.4,D,0
31.6395,-82.2824,302.3,1.2,1.1,2025-01-17,1925,Aqua,MODIS,51,61.03,291.3,5.3,D,0
31.4005,-83.626,303.1,1.4,1.2,2025-01-17,1925,Aqua,MODIS,55,61.03,290.1,8.1,D,0
31.7364,-81.9384,301.4,1.1,1.1,2025-01-17,1925,Aqua,MODIS,46,61.03,289.7,5.4,D,0
31.6958,-82.2957,302.8,1.2,1.1,2025-01-17,1925,Aqua,MODIS,54,61.03,290.1,6.1,D,0
31.6938,-82.3077,334.8,1.2,1.1,2025-01-17,1925,Aqua,MODIS,89,61.03,293.2,45,D,0
31.6056,-83.0053,304.9,1.3,1.1,2025-01-17,1925,Aqua,MODIS,60,61.03,291.4,8,D,0
31.6033,-83.0182,310.2,1.3,1.1,2025-01-17,1925,Aqua,MODIS,70,61.03,291.9,13.1,D,0
31.5948,-83.1804,312,1.3,1.1,2025-01-17,1925,Aqua,MODIS,72,61.03,290,16.3,D,0
31.5924,-83.1937,301.1,1.3,1.1,2025-01-17,1925,Aqua,MODIS,45,61.03,290.9,6,D,0
31.4647,-84.073,308.2,1.5,1.2,2025-01-17,1925,Aqua,MODIS,67,61.03,291.1,14,D,0
31.6124,-83.4873,303.2,1.4,1.2,2025-01-17,1925,Aqua,MODIS,44,61.03,291.1,7.2,D,0
31.6224,-83.4898,300.7,1.4,1.2,2025-01-17,1925,Aqua,MODIS,30,61.03,288.9,5.3,D,0
31.6199,-83.5036,303.5,1.4,1.2,2025-01-17,1925,Aqua,MODIS,55,61.03,290.3,7.6,D,0
31.9989,-81.4139,316.3,1.1,1,2025-01-17,1925,Aqua,MODIS,77,61.03,289.2,17.1,D,0
31.9971,-81.4249,305.1,1.1,1,2025-01-17,1925,Aqua,MODIS,61,61.03,289.7,7.9,D,0
31.6694,-83.3449,303.6,1.3,1.1,2025-01-17,1925,Aqua,MODIS,56,61.03,290.4,8.1,D,0
30.8426,-87.5946,300.8,2.6,1.6,2025-01-17,1925,Aqua,MODIS,42,61.03,285.4,21.1,D,0
31.9863,-81.607,307.2,1.1,1,2025-01-17,1925,Aqua,MODIS,65,61.03,290.1,8.7,D,0
31.6451,-83.6554,301.7,1.4,1.2,2025-01-17,1925,Aqua,MODIS,49,61.03,290.6,6.6,D,0
30.9073,-87.4236,304.1,2.5,1.5,2025-01-17,1925,Aqua,MODIS,58,61.03,281.2,29,D,0
31.869,-82.4872,302.8,1.2,1.1,2025-01-17,1925,Aqua,MODIS,54,61.03,290.3,6.2,D,0
30.9019,-87.4265,300.3,2.5,1.5,2025-01-17,1925,Aqua,MODIS,24,61.03,281.5,18.9,D,0
31.6342,-83.9887,303.8,1.4,1.2,2025-01-17,1925,Aqua,MODIS,57,61.03,291.3,8.6,D,0
31.8049,-83.1617,309.3,1.3,1.1,2025-01-17,1925,Aqua,MODIS,68,61.03,290.5,13.3,D,0
31.8147,-83.1642,309.5,1.3,1.1,2025-01-17,1925,Aqua,MODIS,69,61.03,289.1,13.6,D,0
31.7841,-83.3369,312.8,1.3,1.1,2025-01-17,1925,Aqua,MODIS,73,61.03,289.4,18.2,D,0
31.7818,-83.3502,313.3,1.3,1.1,2025-01-17,1925,Aqua,MODIS,73,61.03,289.8,18.6,D,0
31.9807,-82.2568,328.5,1.2,1.1,2025-01-17,1925,Aqua,MODIS,86,61.03,292.8,32.7,D,0
31.9787,-82.2686,392.9,1.2,1.1,2025-01-17,1925,Aqua,MODIS,100,61.03,302.5,265.7,D,0
31.9767,-82.2805,305.3,1.2,1.1,2025-01-17,1925,Aqua,MODIS,61,61.03,292.4,7,D,0
31.794,-83.3393,326.8,1.3,1.1,2025-01-17,1925,Aqua,MODIS,85,61.03,290.7,36.7,D,0
31.7917,-83.3527,325.2,1.3,1.1,2025-01-17,1925,Aqua,MODIS,84,61.03,290.4,34,D,0
31.988,-82.2708,302.6,1.2,1.1,2025-01-17,1925,Aqua,MODIS,43,61.03,291.5,5.3,D,0
31.5833,-84.6188,317.6,1.6,1.2,2025-01-17,1925,Aqua,MODIS,78,61.03,291.3,29.2,D,0
31.7504,-83.694,302.5,1.4,1.2,2025-01-17,1925,Aqua,MODIS,52,61.03,289.9,7.9,D,0
31.5885,-84.6101,312.7,1.6,1.2,2025-01-17,1925,Aqua,MODIS,73,61.03,290.7,22.1,D,0
31.5855,-84.6261,305.3,1.6,1.2,2025-01-17,1925,Aqua,MODIS,61,61.03,290.7,12.2,D,0
31.991,-82.5159,303.1,1.2,1.1,2025-01-17,1925,Aqua,MODIS,55,61.03,292,6.4,D,0
31.9464,-82.9463,305.8,1.3,1.1,2025-01-17,1925,Aqua,MODIS,62,61.03,292.3,9.4,D,0
32.0486,-82.4665,326,1.2,1.1,2025-01-17,1925,Aqua,MODIS,84,61.03,291.8,30.1,D,0
32.0465,-82.4786,359.8,1.2,1.1,2025-01-17,1925,Aqua,MODIS,99,61.03,297.2,109.5,D,0
31.3297,-86.3041,300.6,2.1,1.4,2025-01-17,1925,Aqua,MODIS,39,61.03,276.6,15.8,D,0
31.4443,-85.8089,303.2,1.9,1.3,2025-01-17,1925,Aqua,MODIS,54,61.03,285.4,15,D,0
32.2987,-81.6217,337.2,1.1,1,2025-01-17,1925,Aqua,MODIS,90,61.03,293.1,44.6,D,0
32.4928,-80.7554,301.8,1,1,2025-01-17,1925,Aqua,MODIS,49,61.03,289.3,5.6,D,0
32.2431,-82.5558,308.1,1.2,1.1,2025-01-17,1925,Aqua,MODIS,67,61.03,291.5,10.4,D,0
31.9384,-84.3578,306.4,1.5,1.2,2025-01-17,1925,Aqua,MODIS,63,61.03,288.5,13.2,D,0
32.2838,-82.4899,330.8,1.2,1.1,2025-01-17,1925,Aqua,MODIS,87,61.03,292.5,37.7,D,0
32.1241,-83.4039,301.5,1.3,1.1,2025-01-17,1925,Aqua,MODIS,47,61.03,289.1,7,D,0
32.057,-83.8337,304.5,1.4,1.2,2025-01-17,1925,Aqua,MODIS,59,61.03,290.1,9.7,D,0
35.2692,-87.7083,317,2.1,1.4,2025-01-17,1926,Aqua,MODIS,77,61.03,285.7,48.4,D,0
35.2572,-87.7045,304.4,2.1,1.4,2025-01-17,1926,Aqua,MODIS,50,61.03,284.9,20.5,D,0
36.4969,-81.1669,307.4,1,1,2025-01-17,1926,Aqua,MODIS,65,61.03,277.9,11.7,D,0
36.4952,-81.1778,314.4,1,1,2025-01-17,1926,Aqua,MODIS,75,61.03,277.7,16.9,D,0
36.5896,-87.5919,301.8,1.9,1.3,2025-01-17,1926,Aqua,MODIS,49,61.03,286.6,15,D,0
37.8454,-81.3732,300,1,1,2025-01-17,1926,Aqua,MODIS,20,61.03,276.1,7.8,D,0
35.2615,-87.7218,314,2.1,1.4,2025-01-17,1926,Aqua,MODIS,74,61.03,285.6,42.4,D,0
35.266,-87.7001,314.9,2.1,1.4,2025-01-17,1926,Aqua,MODIS,75,61.03,285.5,44.4,D,0
36.2668,-80.7821,301.4,1,1,2025-01-17,1926,Aqua,MODIS,46,61.03,282.3,6.5,D,0
36.4159,-79.3314,307.6,1,1,2025-01-17,1926,Aqua,MODIS,66,61.03,283.9,10.8,D,0
35.7845,-80.4701,342.4,1,1,2025-01-17,1926,Aqua,MODIS,93,61.03,286.7,49.7,D,0
35.786,-80.4594,328.6,1,1,2025-01-17,1926,Aqua,MODIS,86,61.03,285.4,29.2,D,0
35.5374,-81.9153,326.1,1,1,2025-01-17,1926,Aqua,MODIS,84,61.03,284.2,28,D,0
35.6934,-79.355,305.3,1,1,2025-01-17,1926,Aqua,MODIS,61,61.03,286.1,8.7,D,0
35.6949,-79.344,312.6,1,1,2025-01-17,1926,Aqua,MODIS,73,61.03,285.5,14,D,0
35.3896,-79.944,310.2,1,1,2025-01-17,1926,Aqua,MODIS,70,61.03,285.9,11.6,D,0
42.1802,-88.5052,307.7,1.6,1.2,2025-01-17,1928,Aqua,MODIS,66,61.03,280,20.6,D,0
19.3896,-155.2805,310,3.6,1.8,2025-01-17,1928,Terra,MODIS,17,61.03,293.4,44.6,D,1
42.1766,-88.5231,313,1.6,1.2,2025-01-17,1928,Aqua,MODIS,73,61.03,280.6,28.1,D,0
19.4005,-155.2732,430.8,3.6,1.8,2025-01-17,1928,Terra,MODIS,100,61.03,309.8,3083.6,D,1
34.0406,-101.3608,302.9,1.2,1.1,2025-01-17,2104,Aqua,MODIS,52,61.03,288.5,5.2,D,0
34.0391,-101.3737,307.8,1.2,1.1,2025-01-17,2104,Aqua,MODIS,65,61.03,288.5,9.3,D,0
38.7991,-106.5818,328,1,1,2025-01-17,2105,Aqua,MODIS,74,61.03,269.6,30.8,D,0
38.8024,-106.5596,311.6,1,1,2025-01-17,2105,Aqua,MODIS,54,61.03,267.4,16.5,D,0
40.1493,-99.1292,309.1,2,1.4,2025-01-17,2105,Aqua,MODIS,68,61.03,279.8,31.5,D,0
39.3856,-106.8198,310.8,1,1,2025-01-17,2105,Aqua,MODIS,70,61.03,269.1,15.9,D,0
19.3924,-155.2839,307.6,1.4,1.2,2025-01-18,0758,Terra,MODIS,56,61.03,281.3,13.8,N,1
19.4044,-155.2719,356.9,1.4,1.2,2025-01-18,0758,Terra,MODIS,100,61.03,292.6,133.2,N,1
19.4028,-155.2852,500,1.4,1.2,2025-01-18,0758,Terra,MODIS,100,61.03,343.7,2724.2,N,1
19.4013,-155.2987,417.9,1.4,1.2,2025-01-18,0758,Terra,MODIS,100,61.03,304.1,638.1,N,1
19.3982,-155.3247,311.6,1.4,1.2,2025-01-18,0758,Terra,MODIS,47,61.03,284.7,18.7,N,1
19.4148,-155.2732,344.4,1.4,1.2,2025-01-18,0758,Terra,MODIS,100,61.03,294.2,87.5,N,1
19.4132,-155.2868,394.9,1.4,1.2,2025-01-18,0758,Terra,MODIS,100,61.03,298.8,379,N,1
19.4116,-155.3003,357.8,1.4,1.2,2025-01-18,0758,Terra,MODIS,100,61.03,286.4,135.8,N,1
19.412,-155.306,356.5,3.2,1.7,2025-01-18,1226,Aqua,MODIS,100,61.03,283.6,432.7,N,1
19.4212,-155.2456,313.5,3.2,1.7,2025-01-18,1226,Aqua,MODIS,82,61.03,284.9,78.1,N,1
19.4241,-155.2751,346.2,3.2,1.7,2025-01-18,1226,Aqua,MODIS,100,61.03,287.7,308,N,1
19.3931,-155.2837,310.2,3.2,1.7,2025-01-18,1226,Aqua,MODIS,70,61.03,282.6,64.8,N,1
19.4048,-155.2526,374.9,3.2,1.7,2025-01-18,1226,Aqua,MODIS,100,61.03,296.9,722.3,N,1
19.4079,-155.2822,464.7,3.2,1.7,2025-01-18,1226,Aqua,MODIS,100,61.03,315.1,4950.2,N,1
19.4109,-155.3111,320.1,3.2,1.7,2025-01-18,1226,Aqua,MODIS,100,61.03,281.2,110.6,N,1
19.4196,-155.2507,324,3.2,1.7,2025-01-18,1226,Aqua,MODIS,100,61.03,287.2,128.6,N,1
19.4227,-155.28,350.1,3.2,1.7,2025-01-18,1226,Aqua,MODIS,100,61.03,288.7,348.9,N,1
19.4064,-155.2476,337.6,3.2,1.7,2025-01-18,1226,Aqua,MODIS,100,61.03,289.9,222.2,N,1
19.4093,-155.2772,471.8,3.2,1.7,2025-01-18,1226,Aqua,MODIS,100,61.03,321.3,5575.7,N,1
27.7734,-81.872,324.1,1.1,1,2025-01-18,1510,Terra,MODIS,67,61.03,278.3,25.3,D,0
27.7649,-81.8691,331.6,1.1,1,2025-01-18,1510,Terra,MODIS,69,61.03,279,36.8,D,0
29.1381,-95.2469,301,3,1.6,2025-01-18,1647,Terra,MODIS,26,61.03,285.7,18.5,D,0
29.1361,-95.2542,302.3,3,1.6,2025-01-18,1647,Terra,MODIS,39,61.03,286,23.3,D,0
29.1239,-95.2508,301.7,3,1.6,2025-01-18,1647,Terra,MODIS,30,61.03,286.4,19.9,D,0
26.3439,-98.3125,306.2,2.1,1.4,2025-01-18,1648,Terra,MODIS,60,61.03,292.7,11,D,0
36.4352,-120.9659,300.1,1.7,1.3,2025-01-18,1824,Terra,MODIS,29,61.03,283.6,12.1,D,0
36.4318,-120.9487,303.7,1.7,1.3,2025-01-18,1824,Terra,MODIS,57,61.03,283.4,16.3,D,0
36.433,-120.9544,310.7,1.7,1.3,2025-01-18,1824,Terra,MODIS,70,61.03,283.4,24.8,D,0
31.6756,-90.5654,308.4,1,1,2025-01-18,2004,Aqua,MODIS,67,61.03,293.4,7.2,D,0
29.1364,-95.2817,308,2,1.4,2025-01-18,2004,Aqua,MODIS,50,61.03,287.5,23.3,D,0
29.1484,-95.2849,309.6,2,1.4,2025-01-18,2004,Aqua,MODIS,62,61.03,287.3,26.3,D,0
29.7316,-98.5495,302.1,3.3,1.7,2025-01-18,2004,Aqua,MODIS,51,61.03,290.7,25.4,D,0
29.7298,-98.5532,300.7,3.3,1.7,2025-01-18,2004,Aqua,MODIS,41,61.03,290.6,21,D,0
31.674,-90.576,305.1,1,1,2025-01-18,2004,Aqua,MODIS,61,61.03,293.6,5.1,D,0
31.2365,-97.7231,305.8,2.7,1.6,2025-01-18,2004,Aqua,MODIS,62,61.03,289.6,27.7,D,0
31.2426,-97.7296,302.1,2.7,1.6,2025-01-18,2004,Aqua,MODIS,51,61.03,289.1,20.8,D,0
32.928,-89.2462,301.8,1,1,2025-01-18,2004,Aqua,MODIS,47,61.03,289,4.8,D,0
19.411,-155.2877,443,1,1,2025-01-18,2008,Terra,MODIS,100,61.03,328.6,629.5,D,1
19.4096,-155.2783,437.9,1,1,2025-01-18,2008,Terra,MODIS,100,61.03,339.3,570.3,D,1
19.4082,-155.269,374.1,1,1,2025-01-18,2008,Terra,MODIS,100,61.03,309.5,126.5,D,1
19.3919,-155.2812,323.3,1,1,2025-01-18,2008,Terra,MODIS,51,61.03,298.3,13.5,D,1
19.4008,-155.2797,371.8,1,1,2025-01-18,2008,Terra,MODIS,100,61.03,305.7,116.4,D,1
19.4184,-155.2769,355.2,1,1,2025-01-18,2008,Terra,MODIS,98,61.03,309.4,71.2,D,1
19.417,-155.2675,337.3,1,1,2025-01-18,2008,Terra,MODIS,89,61.03,303.2,35.5,D,1
34.0427,-117.0352,306.6,1.1,1.1,2025-01-18,2143,Aqua,MODIS,56,61.03,294.9,5,D,2
33.4171,-110.8613,313.5,1.3,1.1,2025-01-18,2143,Aqua,MODIS,73,61.03,292.9,14.5,D,2
33.2093,-117.3011,305.8,1.2,1.1,2025-01-18,2143,Aqua,MODIS,55,61.03,294,5.9,D,2
34.5964,-117.9508,318.4,1.2,1.1,2025-01-18,2144,Aqua,MODIS,76,61.03,298.1,15.6,D,0
36.8547,-120.194,301.5,1.4,1.2,2025-01-18,2144,Aqua,MODIS,47,61.03,288.4,8.1,D,0
34.5985,-117.9381,347,1.2,1.1,2025-01-18,2144,Aqua,MODIS,94,61.03,297.9,67.8,D,0
37.049,-121.5907,303.3,1.7,1.3,2025-01-18,2145,Aqua,MODIS,55,61.03,291.8,10.3,D,0
38.8978,-120.6737,302.7,1.4,1.2,2025-01-18,2145,Aqua,MODIS,53,61.03,283.5,11.8,D,0
44.3539,-120.7267,300.7,1.1,1.1,2025-01-18,2146,Aqua,MODIS,41,61.03,275.9,9.7,D,0
28.0599,-97.4426,303.9,1,1,2025-01-19,0345,Terra,MODIS,58,61.03,282.8,8.8,N,0
19.4119,-155.3053,320.2,4.5,1.9,2025-01-19,0700,Terra,MODIS,100,61.03,284.1,185.7,N,1
19.4165,-155.2582,328.8,4.4,1.9,2025-01-19,0700,Terra,MODIS,100,61.03,289.5,261.8,N,1
19.4086,-155.298,347.6,4.5,1.9,2025-01-19,0700,Terra,MODIS,100,61.03,292.3,525.5,N,1
19.4033,-155.2618,323.8,4.4,1.9,2025-01-19,0700,Terra,MODIS,100,61.03,289.5,214.6,N,1
19.395,-155.3021,328.1,4.5,1.9,2025-01-19,0700,Terra,MODIS,100,61.03,287.2,259.4,N,1
19.42,-155.2656,323.4,4.4,1.9,2025-01-19,0700,Terra,MODIS,100,61.03,287.4,211.3,N,1
19.4097,-155.2645,326.6,1,1,2025-01-19,1306,Aqua,MODIS,100,61.03,289.9,27.7,N,1
19.4016,-155.2814,341.3,1,1,2025-01-19,1306,Aqua,MODIS,100,61.03,303,51.5,N,1
19.4128,-155.2837,384.1,1,1,2025-01-19,1306,Aqua,MODIS,100,61.03,325.2,182.6,N,1
19.4113,-155.2741,389.6,1,1,2025-01-19,1306,Aqua,MODIS,100,61.03,320.4,209.7,N,1
19.4031,-155.2911,335.5,1,1,2025-01-19,1306,Aqua,MODIS,100,61.03,290.4,41.6,N,1
19.4217,-155.2822,305.6,1,1,2025-01-19,1306,Aqua,MODIS,14,61.03,286.4,8.7,N,1
19.4202,-155.2725,344.5,1,1,2025-01-19,1306,Aqua,MODIS,100,61.03,297.8,56.9,N,1
19.4187,-155.263,309.6,1,1,2025-01-19,1306,Aqua,MODIS,78,61.03,287.1,11.9,N,1
19.4143,-155.2934,300.8,1,1,2025-01-19,1306,Aqua,MODIS,28,61.03,284.7,6.7,N,1
29.9984,-90.4054,305.6,1,1,2025-01-19,1549,Terra,MODIS,0,61.03,283.8,9.2,D,2
33.4197,-110.8629,317.4,1.1,1.1,2025-01-19,1726,Terra,MODIS,78,61.03,285.8,19.6,D,2
33.4178,-110.8512,305.9,1.1,1.1,2025-01-19,1726,Terra,MODIS,62,61.03,284.9,9.6,D,2
29.7509,-94.0332,319.8,1.5,1.2,2025-01-19,2043,Aqua,MODIS,0,61.03,282.4,35.3,D,0
29.7328,-98.5394,300.8,1,1,2025-01-19,2043,Aqua,MODIS,42,61.03,285.2,6.2,D,0
27.4587,-97.5797,348.1,1,1,2025-01-19,2043,Aqua,MODIS,90,61.03,291,58.1,D,0
27.4573,-97.5896,341.5,1,1,2025-01-19,2043,Aqua,MODIS,92,61.03,292.2,45.6,D,0
28.0527,-97.4341,305.3,1,1,2025-01-19,2043,Aqua,MODIS,61,61.03,287.1,6.9,D,0
28.0513,-97.4441,304.7,1,1,2025-01-19,2043,Aqua,MODIS,60,61.03,288,6.4,D,0
29.7451,-94.042,338.6,1.5,1.2,2025-01-19,2043,Aqua,MODIS,0,61.03,283.4,76.1,D,0
29.7493,-94.0481,317.2,1.5,1.2,2025-01-19,2043,Aqua,MODIS,0,61.03,282.8,31.1,D,0
31.9905,-101.8276,302.1,1.1,1.1,2025-01-19,2044,Aqua,MODIS,51,61.03,286.4,4.1,D,0
31.8094,-92.528,313.1,2,1.4,2025-01-19,2044,Aqua,MODIS,73,61.03,278.8,40.5,D,0
37.3316,-98.1097,300.3,1.1,1.1,2025-01-19,2045,Aqua,MODIS,35,61.03,272,10,D,0
19.4164,-155.2918,317.4,4.5,1.9,2025-01-19,2047,Terra,MODIS,63,61.03,299.9,117.5,D,1
40.04,-123.224,307.7,1.2,1.1,2025-01-19,2225,Aqua,MODIS,66,61.03,287.9,10.6,D,0
40.0383,-123.2377,307.6,1.2,1.1,2025-01-19,2225,Aqua,MODIS,66,61.03,286.3,10.5,D,0
19.4024,-155.2981,325.2,3.9,1.8,2025-01-19,2358,Aqua,MODIS,71,61.03,308.3,142.3,D,1
19.4102,-155.292,320,3.9,1.8,2025-01-19,2358,Aqua,MODIS,61,61.03,303.3,109.1,D,1
19.4098,-155.2633,315.1,3.9,1.8,2025-01-19,2358,Aqua,MODIS,25,61.03,297.2,75.9,D,1
33.0135,-79.8827,301.3,1.3,1.2,2025-01-20,0247,Terra,MODIS,40,61.03,278,12.9,N,2
19.4083,-155.285,371.2,1,1,2025-01-20,0740,Terra,MODIS,100,61.03,321.9,124.1,N,1
19.407,-155.2943,333,1,1,2025-01-20,0740,Terra,MODIS,100,61.03,293.1,35.5,N,1
19.4185,-155.2771,314.2,1,1,2025-01-20,0740,Terra,MODIS,87,61.03,289.1,14.9,N,1
19.3996,-155.2836,324.2,1,1,2025-01-20,0740,Terra,MODIS,100,61.03,297.4,24.6,N,1
19.3982,-155.2929,307.6,1,1,2025-01-20,0740,Terra,MODIS,72,61.03,287.1,10.4,N,1
19.4097,-155.2757,357,1,1,2025-01-20,0740,Terra,MODIS,100,61.03,311.8,81.5,N,1
33.4458,-88.5708,305.5,1,1,2025-01-20,0845,Aqua,MODIS,64,61.03,267.9,13,N,2
33.0832,-81.9721,311.3,2.4,1.5,2025-01-20,1449,Terra,MODIS,71,61.03,274.4,53.6,D,0
33.0813,-81.9468,300.6,2.4,1.5,2025-01-20,1449,Terra,MODIS,39,61.03,273.7,29.5,D,0
32.7813,-94.0416,303.1,1.4,1.2,2025-01-20,1628,Terra,MODIS,52,61.03,272.3,17.7,D,0
31.7219,-94.6433,302.5,1.4,1.2,2025-01-20,1628,Terra,MODIS,53,61.03,274.3,15.2,D,0
42.3356,-119.9985,351.2,1,1,2025-01-20,1804,Terra,MODIS,96,61.03,272.6,70.8,D,0
42.3338,-119.9868,309.6,1,1,2025-01-20,1804,Terra,MODIS,69,61.03,269.9,14.5,D,0
40.4961,-123.7414,314,1.1,1.1,2025-01-20,1805,Terra,MODIS,74,61.03,280.8,18.4,D,0
40.0372,-123.2341,307.6,1.1,1,2025-01-20,1805,Terra,MODIS,66,61.03,281.3,11.7,D,0
40.0357,-123.2223,319.5,1.1,1,2025-01-20,1805,Terra,MODIS,79,61.03,282.7,22,D,0
33.7723,-116.9021,300.7,1.8,1.3,2025-01-20,1806,Terra,MODIS,39,61.03,288.7,8.2,D,0
27.2366,-82.1006,309.9,1,1,2025-01-20,1943,Aqua,MODIS,69,61.03,283.6,10,D,0
27.5861,-80.5674,313.3,1.2,1.1,2025-01-20,1943,Aqua,MODIS,61,61.03,284.6,14,D,0
27.5767,-80.5659,335.4,1.2,1.1,2025-01-20,1943,Aqua,MODIS,89,61.03,284.1,45.2,D,0
27.5781,-80.5544,324,1.2,1.1,2025-01-20,1943,Aqua,MODIS,83,61.03,281,26.7,D,0
27.238,-82.0905,301.4,1,1,2025-01-20,1943,Aqua,MODIS,46,61.03,282.1,4.6,D,0
28.1976,-81.3136,323.7,1.1,1,2025-01-20,1944,Aqua,MODIS,83,61.03,289.2,23.9,D,0
27.644,-81.8828,333.7,1,1,2025-01-20,1944,Aqua,MODIS,89,61.03,288.7,35.4,D,0
27.6426,-81.8931,313.2,1,1,2025-01-20,1944,Aqua,MODIS,64,61.03,288.6,11.8,D,0
27.6515,-81.8947,311.6,1,1,2025-01-20,1944,Aqua,MODIS,62,61.03,287.6,10.8,D,0
28.1961,-81.3245,321.6,1.1,1,2025-01-20,1944,Aqua,MODIS,76,61.03,288.8,21.5,D,0
28.7294,-81.8924,301.6,1.1,1,2025-01-20,1944,Aqua,MODIS,48,61.03,285.4,5.7,D,0
29.1468,-82.2827,307,1,1,2025-01-20,1944,Aqua,MODIS,65,61.03,287.9,8.5,D,0
30.4461,-85.6474,317.7,1.1,1,2025-01-20,1944,Aqua,MODIS,78,61.03,287,18.8,D,0
30.6873,-86.2756,362.5,1.1,1,2025-01-20,1945,Aqua,MODIS,83,61.03,286.7,104.5,D,0
30.6837,-86.2978,352.7,1.1,1,2025-01-20,1945,Aqua,MODIS,97,61.03,287.2,78.7,D,0
30.6983,-86.2665,326.9,1.1,1,2025-01-20,1945,Aqua,MODIS,84,61.03,283.3,31,D,0
30.6946,-86.2887,348.5,1.1,1,2025-01-20,1945,Aqua,MODIS,95,61.03,284,69.7,D,0
30.6928,-86.2998,331.1,1.1,1,2025-01-20,1945,Aqua,MODIS,87,61.03,283.4,35.8,D,0
31.2679,-84.4521,303,1,1,2025-01-20,1945,Aqua,MODIS,55,61.03,282.3,7.7,D,0
31.2664,-84.4623,308.2,1,1,2025-01-20,1945,Aqua,MODIS,67,61.03,282.3,11.2,D,0
30.6477,-89.4785,314.6,1.6,1.3,2025-01-20,1945,Aqua,MODIS,75,61.03,280.1,33.2,D,0
31.7054,-83.9219,301.1,1,1,2025-01-20,1945,Aqua,MODIS,45,61.03,281.9,6.8,D,0
32.0296,-82.9067,300.2,1.1,1,2025-01-20,1945,Aqua,MODIS,30,61.03,283,6.8,D,0
32.2162,-84.4745,301.6,1,1,2025-01-20,1945,Aqua,MODIS,48,61.03,278.8,7.3,D,0
32.9912,-81.862,301.1,1.2,1.1,2025-01-20,1945,Aqua,MODIS,45,61.03,280.5,8.9,D,0
32.7241,-83.9037,305.7,1,1,2025-01-20,1945,Aqua,MODIS,62,61.03,278.7,10.2,D,0
32.7227,-83.9142,338.5,1,1,2025-01-20,1945,Aqua,MODIS,91,61.03,282.8,45.4,D,0
33.0353,-82.2425,324.5,1.1,1.1,2025-01-20,1945,Aqua,MODIS,83,61.03,281.4,30.2,D,0
33.0339,-82.2543,309.3,1.1,1.1,2025-01-20,1945,Aqua,MODIS,68,61.03,282.1,14.1,D,0
33.0802,-81.9577,306,1.2,1.1,2025-01-20,1945,Aqua,MODIS,63,61.03,280.9,12.3,D,0
33.0787,-81.9698,332.5,1.2,1.1,2025-01-20,1945,Aqua,MODIS,88,61.03,283.1,43.6,D,0
32.8727,-83.9498,317.6,1,1,2025-01-20,1945,Aqua,MODIS,78,61.03,277.8,19.8,D,0
31.3901,-92.8246,311.7,2.6,1.6,2025-01-20,1945,Aqua,MODIS,65,61.03,277.5,55.5,D,0
31.3965,-92.8312,319.6,2.6,1.6,2025-01-20,1945,Aqua,MODIS,79,61.03,278.6,89.4,D,0
34.7176,-79.3443,304.9,1.7,1.3,2025-01-20,1945,Aqua,MODIS,29,61.03,280.9,16.7,D,0
34.7158,-79.3623,321.8,1.7,1.3,2025-01-20,1945,Aqua,MODIS,81,61.03,280.8,45.7,D,0
34.7174,-79.3512,320.4,1.7,1.3,2025-01-20,1945,Aqua,MODIS,80,61.03,281.3,45.9,D,0
34.7156,-79.3693,305.6,1.7,1.3,2025-01-20,1945,Aqua,MODIS,62,61.03,280.2,20.7,D,0
34.5496,-82.7093,303.3,1.1,1.1,2025-01-20,1945,Aqua,MODIS,55,61.03,279.7,9.5,D,0
30.6731,-86.2542,335.4,1.1,1,2025-01-20,1945,Aqua,MODIS,68,61.03,282,43.1,D,0
30.6713,-86.2653,323.6,1.1,1,2025-01-20,1945,Aqua,MODIS,56,61.03,281.9,25.9,D,0
30.6695,-86.2764,311.2,1.1,1,2025-01-20,1945,Aqua,MODIS,54,61.03,281.4,14.6,D,0
30.6819,-86.2514,335.1,1.1,1,2025-01-20,1945,Aqua,MODIS,68,61.03,282.3,42.6,D,0
30.68,-86.2625,342.5,1.1,1,2025-01-20,1945,Aqua,MODIS,50,61.03,284.3,54.2,D,0
30.6782,-86.2736,339.1,1.1,1,2025-01-20,1945,Aqua,MODIS,49,61.03,283.8,46.8,D,0
30.6764,-86.2847,337.1,1.1,1,2025-01-20,1945,Aqua,MODIS,68,61.03,284.7,45.9,D,0
30.6745,-86.2958,319.8,1.1,1,2025-01-20,1945,Aqua,MODIS,60,61.03,282,22.4,D,0
30.691,-86.2534,340.7,1.1,1,2025-01-20,1945,Aqua,MODIS,87,61.03,282.3,52,D,0
30.6891,-86.2645,379.7,1.1,1,2025-01-20,1945,Aqua,MODIS,100,61.03,288.8,173.7,D,0
30.6855,-86.2867,363.6,1.1,1,2025-01-20,1945,Aqua,MODIS,100,61.03,287.4,109.9,D,0
19.4126,-155.2765,337.4,1.4,1.2,2025-01-20,1949,Terra,MODIS,88,61.03,313.4,61.7,D,1
19.411,-155.2634,313.4,1.4,1.2,2025-01-20,1949,Terra,MODIS,28,61.03,298.3,16.3,D,1
19.4022,-155.2779,338.3,1.4,1.2,2025-01-20,1949,Terra,MODIS,89,61.03,306.8,61.7,D,1
19.4038,-155.2909,338.5,1.4,1.2,2025-01-20,1949,Terra,MODIS,89,61.03,307.7,60.8,D,1
33.4189,-110.8619,303.4,1,1,2025-01-20,2124,Aqua,MODIS,56,61.03,291,4.6,D,2
32.9703,-117.0611,304.2,2.3,1.5,2025-01-20,2124,Aqua,MODIS,54,61.03,293.5,14,D,2
33.3797,-113.1694,306.7,1.3,1.1,2025-01-20,2124,Aqua,MODIS,48,61.03,296,6,D,0
40.0219,-123.2274,300.9,3.5,1.8,2025-01-20,2126,Aqua,MODIS,43,61.03,285.6,38.7,D,0
42.3146,-119.9953,314.4,2,1.4,2025-01-20,2127,Aqua,MODIS,75,61.03,274.4,45.3,D,0
42.3031,-119.9904,302.2,2,1.4,2025-01-20,2127,Aqua,MODIS,47,61.03,274.2,22.4,D,0
19.4101,-155.2699,312.3,1,1,2025-01-21,0037,Aqua,MODIS,38,61.03,295.3,8.7,D,1
19.4087,-155.2791,325.7,1,1,2025-01-21,0037,Aqua,MODIS,61,61.03,298.2,20.7,D,1
19.4109,-155.2905,312.5,3.6,1.8,2025-01-21,0819,Terra,MODIS,79,61.03,289.8,93.2,N,1
33.3119,-117.1407,311.7,1.8,1.3,2025-01-21,1103,Aqua,MODIS,83,61.03,281.7,34.1,N,0
33.3155,-117.1587,300.1,1.8,1.3,2025-01-21,1103,Aqua,MODIS,14,61.03,279.3,16.9,N,0
33.3007,-117.1448,304.9,1.8,1.3,2025-01-21,1104,Aqua,MODIS,62,61.03,280.2,24.1,N,0
19.4087,-155.2798,334.3,1.4,1.2,2025-01-21,1246,Aqua,MODIS,100,61.03,296,59.6,N,1
34.2373,-105.5993,304.6,1.1,1.1,2025-01-21,1707,Terra,MODIS,59,61.03,270.1,13.7,D,0
34.2393,-105.6114,302.9,1.1,1.1,2025-01-21,1707,Terra,MODIS,54,61.03,270.3,12.3,D,0
33.4173,-110.8691,301.6,1.1,1.1,2025-01-21,1708,Terra,MODIS,48,61.03,279.3,8,D,2
33.4232,-110.8614,306.5,1.1,1.1,2025-01-21,1708,Terra,MODIS,38,61.03,280.3,9.6,D,2
32.6898,-103.2837,305.6,1.6,1.3,2025-01-21,1708,Terra,MODIS,62,61.03,274.8,20.1,D,0
32.6909,-103.2775,304.5,1.6,1.3,2025-01-21,1708,Terra,MODIS,59,61.03,274.4,17.6,D,0
33.4159,-110.8576,323.7,1.1,1,2025-01-21,1708,Terra,MODIS,83,61.03,280.7,28.3,D,2
42.2255,-119.997,320.4,2.9,1.6,2025-01-21,1843,Terra,MODIS,0,61.03,266.5,101,D,0
38.2782,-121.1814,300.5,3.2,1.7,2025-01-21,1844,Terra,MODIS,38,61.03,286,28.4,D,0
40.4895,-123.7363,300,1.9,1.4,2025-01-21,1844,Terra,MODIS,22,61.03,283.4,17.6,D,0
40.0313,-123.2205,302.4,2.1,1.4,2025-01-21,1844,Terra,MODIS,52,61.03,281.1,22.7,D,0
40.0301,-123.2283,301.1,2.1,1.4,2025-01-21,1844,Terra,MODIS,45,61.03,281.2,22.3,D,0
30.9896,-96.5572,303.3,1.1,1.1,2025-01-21,2024,Aqua,MODIS,55,61.03,278.5,9.9,D,0
31.4467,-95.7509,306.6,1.1,1,2025-01-21,2024,Aqua,MODIS,64,61.03,280.7,11.1,D,0
31.9204,-93.8946,323.1,1,1,2025-01-21,2024,Aqua,MODIS,71,61.03,278.1,25.1,D,0
31.7991,-97.6887,300.7,1.2,1.1,2025-01-21,2024,Aqua,MODIS,41,61.03,281.1,8.9,D,0
29.4176,-99.5121,303.4,1.8,1.3,2025-01-21,2024,Aqua,MODIS,52,61.03,286.2,14.5,D,0
29.4166,-99.5235,300.9,1.8,1.3,2025-01-21,2024,Aqua,MODIS,18,61.03,289.1,9.5,D,0
33.4217,-95.0732,310,1,1,2025-01-21,2025,Aqua,MODIS,69,61.03,276.7,13.5,D,0
33.6176,-96.6211,310.7,1.1,1,2025-01-21,2025,Aqua,MODIS,70,61.03,276.8,14.1,D,0
33.6158,-96.6322,315,1.1,1,2025-01-21,2025,Aqua,MODIS,75,61.03,278.7,17.8,D,0
34.0834,-96.8958,301.4,1.1,1,2025-01-21,2025,Aqua,MODIS,44,61.03,278.1,8.6,D,0
33.572,-91.5572,357.6,1.2,1.1,2025-01-21,2025,Aqua,MODIS,99,61.03,277,111.7,D,0
33.5705,-91.5699,329,1.2,1.1,2025-01-21,2025,Aqua,MODIS,86,61.03,275.4,42.4,D,0
38.5365,-94.9225,307.2,1,1,2025-01-21,2026,Aqua,MODIS,65,61.03,268.7,13.8,D,0
38.535,-94.934,304.3,1,1,2025-01-21,2026,Aqua,MODIS,59,61.03,268.4,11.9,D,0
37.4262,-96.8384,304,1,1,2025-01-21,2026,Aqua,MODIS,58,61.03,269,11.5,D,0
37.8775,-94.5402,306.8,1,1,2025-01-21,2026,Aqua,MODIS,64,61.03,272.3,12.7,D,0
40.4895,-123.737,302.8,1.1,1,2025-01-21,2205,Aqua,MODIS,54,61.03,286.9,7.4,D,0
40.4874,-123.7497,305.6,1.1,1,2025-01-21,2205,Aqua,MODIS,62,61.03,289,9.2,D,0
37.424,-122.1647,313.2,1,1,2025-01-21,2205,Aqua,MODIS,73,61.03,291.1,12.1,D,2
38.273,-121.1795,306.3,1,1,2025-01-21,2205,Aqua,MODIS,63,61.03,291.4,7,D,0
38.4948,-121.7274,315.7,1,1,2025-01-21,2205,Aqua,MODIS,76,61.03,291.2,13.6,D,0
38.8297,-122.2093,331.3,1,1,2025-01-21,2205,Aqua,MODIS,87,61.03,289.8,31.7,D,0
38.8279,-122.2206,330.9,1,1,2025-01-21,2205,Aqua,MODIS,87,61.03,289.5,31.6,D,0
38.8385,-122.2116,304.4,1,1,2025-01-21,2205,Aqua,MODIS,59,61.03,289,6.6,D,0
38.8367,-122.2229,306.6,1,1,2025-01-21,2205,Aqua,MODIS,64,61.03,288.2,8.4,D,0
38.9093,-121.9932,310.1,1,1,2025-01-21,2205,Aqua,MODIS,70,61.03,288.6,10.5,D,0
38.8709,-122.6449,313.3,1,1,2025-01-21,2205,Aqua,MODIS,73,61.03,288.4,13.7,D,0
39.0439,-121.6576,307,1,1,2025-01-21,2205,Aqua,MODIS,64,61.03,289.4,7.7,D,0
39.1537,-121.6687,305.5,1,1,2025-01-21,2205,Aqua,MODIS,61,61.03,288,6.3,D,2
39.0911,-122.1947,341,1,1,2025-01-21,2205,Aqua,MODIS,92,61.03,289.1,47.4,D,0
39.0893,-122.2061,305.2,1,1,2025-01-21,2205,Aqua,MODIS,61,61.03,288.9,7.2,D,0
39.9032,-122.2842,300.8,1,1,2025-01-21,2205,Aqua,MODIS,42,61.03,283,6.4,D,0
40.2262,-122.4788,303,1,1,2025-01-21,2205,Aqua,MODIS,54,61.03,287.2,6.6,D,0
44.0217,-120.5869,335.2,1.1,1,2025-01-21,2206,Aqua,MODIS,89,61.03,277.4,44.3,D,0
44.0201,-120.5996,300.1,1.1,1,2025-01-21,2206,Aqua,MODIS,25,61.03,278.4,7.9,D,0
43.7868,-124.0299,336.2,1,1,2025-01-21,2206,Aqua,MODIS,90,61.03,280.5,42.1,D,0
43.7848,-124.0423,341,1,1,2025-01-21,2206,Aqua,MODIS,92,61.03,282.8,50,D,0
43.7936,-124.045,307.8,1,1,2025-01-21,2206,Aqua,MODIS,66,61.03,279.7,12,D,0
45.1133,-122.2279,307.6,1,1,2025-01-21,2207,Aqua,MODIS,66,61.03,274.4,12.8,D,0
19.4027,-155.2866,314.5,3.9,1.8,2025-01-22,0117,Aqua,MODIS,46,61.03,295.4,64.8,D,1
27.8099,-97.5961,327.7,1.6,1.2,2025-01-22,0406,Terra,MODIS,100,61.03,272.6,63.4,N,0
33.4194,-110.871,301,2,1.4,2025-01-22,0408,Terra,MODIS,36,61.03,266.6,26.3,N,2
37.8264,-93.0211,310.9,1,1,2025-01-22,1608,Terra,MODIS,71,61.03,273,14.7,D,0
34.2017,-95.8304,328.6,1.1,1,2025-01-22,1609,Terra,MODIS,86,61.03,275.7,36,D,0
34.2002,-95.8188,308.7,1.1,1,2025-01-22,1609,Terra,MODIS,67,61.03,274.8,14.7,D,0
34.936,-97.5385,315,1.3,1.1,2025-01-22,1609,Terra,MODIS,75,61.03,275.6,25.9,D,0
31.2643,-96.4589,303.8,1.1,1,2025-01-22,1610,Terra,MODIS,57,61.03,276.3,10.3,D,0
30.7788,-96.2587,300.4,1.1,1,2025-01-22,1610,Terra,MODIS,36,61.03,276.8,8,D,0
30.6891,-97.9581,322.4,1.2,1.1,2025-01-22,1610,Terra,MODIS,82,61.03,278,33.1,D,0
29.2644,-97.4894,326.4,1.1,1.1,2025-01-22,1610,Terra,MODIS,84,61.03,278.8,34.2,D,0
29.2629,-97.478,315.1,1.1,1.1,2025-01-22,1610,Terra,MODIS,75,61.03,278.6,20.8,D,0
31.3977,-96.0642,302.6,1.1,1,2025-01-22,1610,Terra,MODIS,53,61.03,275.8,9.5,D,0
27.8079,-97.6008,309,1.1,1.1,2025-01-22,1611,Terra,MODIS,68,61.03,282.6,13,D,0
27.8065,-97.5897,325.3,1.1,1.1,2025-01-22,1611,Terra,MODIS,84,61.03,283.6,30,D,0
44.644,-120.7293,310.8,1.5,1.2,2025-01-22,1745,Terra,MODIS,71,61.03,273.6,26.2,D,0
44.0253,-120.5933,311.2,1.4,1.2,2025-01-22,1745,Terra,MODIS,71,61.03,273.3,25.9,D,0
42.4226,-120.0062,322.8,1.3,1.1,2025-01-22,1745,Terra,MODIS,82,61.03,274.1,35.2,D,0
44.5205,-120.2726,308.9,1.4,1.2,2025-01-22,1745,Terra,MODIS,68,61.03,273,22.7,D,0
43.0644,-121.2599,311.7,1.5,1.2,2025-01-22,1745,Terra,MODIS,72,61.03,269.6,28.9,D,0
38.6541,-120.5284,315.6,1.2,1.1,2025-01-22,1746,Terra,MODIS,76,61.03,284.8,20.6,D,0
35.7385,-120.6194,300.4,1.1,1.1,2025-01-22,1747,Terra,MODIS,36,61.03,286.2,5.4,D,0
34.2431,-110.1991,309.9,2.4,1.5,2025-01-22,1747,Terra,MODIS,69,61.03,279.1,44.6,D,0
36.0437,-120.9467,302.3,1.2,1.1,2025-01-22,1747,Terra,MODIS,52,61.03,284.9,7.5,D,0
33.0028,-117.0814,309.3,1,1,2025-01-22,1748,Terra,MODIS,62,61.03,280.2,10.3,D,2
32.9956,-117.0942,311.9,1,1,2025-01-22,1748,Terra,MODIS,64,61.03,282.2,11.9,D,2
32.9939,-117.0834,307.9,1,1,2025-01-22,1748,Terra,MODIS,46,61.03,281,9,D,2
33.0045,-117.0923,313.6,1,1,2025-01-22,1748,Terra,MODIS,74,61.03,281.1,13.5,D,2
31.5917,-82.5918,309.9,1.2,1.1,2025-01-22,1925,Aqua,MODIS,0,61.03,274.5,18.8,D,0
33.3202,-88.5945,311.3,2.6,1.6,2025-01-22,1926,Aqua,MODIS,71,61.03,276.4,58.5,D,0
35.346,-87.3552,305,1.9,1.4,2025-01-22,1927,Aqua,MODIS,60,61.03,276.3,26.1,D,0
19.4091,-155.2741,325.8,3.2,1.7,2025-01-22,1930,Terra,MODIS,77,61.03,305.1,117.6,D,1
27.8053,-97.5855,305,1.7,1.3,2025-01-22,2103,Aqua,MODIS,60,61.03,285,13.3,D,2
27.8034,-97.6025,311.3,1.7,1.3,2025-01-22,2103,Aqua,MODIS,71,61.03,285.9,22.3,D,0
29.0917,-96.8878,300.2,2,1.4,2025-01-22,2103,Aqua,MODIS,31,61.03,272.6,16.2,D,0
29.2636,-97.4865,327.8,1.8,1.3,2025-01-22,2103,Aqua,MODIS,85,61.03,286.8,65.9,D,0
29.2617,-97.5048,303.8,1.8,1.3,2025-01-22,2103,Aqua,MODIS,57,61.03,285.2,15.8,D,0
30.7654,-96.0008,309.9,2.4,1.5,2025-01-22,2103,Aqua,MODIS,69,61.03,284.2,40.1,D,0
30.6854,-97.9633,301.8,1.8,1.3,2025-01-22,2103,Aqua,MODIS,49,61.03,288.5,11.2,D,0
32.3081,-94.9795,310.6,3,1.6,2025-01-22,2104,Aqua,MODIS,70,61.03,281.7,61.6,D,0
32.0715,-95.8714,324.5,2.6,1.5,2025-01-22,2104,Aqua,MODIS,72,61.03,284.5,98.2,D,0
33.4227,-94.9386,304.7,3.1,1.7,2025-01-22,2104,Aqua,MODIS,60,61.03,281.1,44.8,D,0
33.424,-94.9467,300.9,3.1,1.7,2025-01-22,2104,Aqua,MODIS,43,61.03,281.2,32.2,D,0
34.0191,-95.4275,307.8,2.9,1.6,2025-01-22,2104,Aqua,MODIS,50,61.03,279.3,50.9,D,0
34.6879,-98.3727,304.8,1.9,1.3,2025-01-22,2104,Aqua,MODIS,38,61.03,284.9,16.2,D,0
34.7017,-98.3542,312.4,1.9,1.3,2025-01-22,2105,Aqua,MODIS,54,61.03,284.6,29.1,D,0
34.6952,-98.3586,315.2,1.9,1.3,2025-01-22,2105,Aqua,MODIS,75,61.03,284.9,36.5,D,0
34.6934,-98.3787,300.7,1.9,1.3,2025-01-22,2105,Aqua,MODIS,41,61.03,284.7,11.9,D,0
35.0634,-97.5496,301.4,2.2,1.4,2025-01-22,2105,Aqua,MODIS,47,61.03,282.5,18.6,D,0
33.4145,-110.8677,301.4,1.8,1.3,2025-01-22,2105,Aqua,MODIS,46,61.03,287.3,9.3,D,2
34.2458,-110.2068,352.2,1.6,1.2,2025-01-22,2105,Aqua,MODIS,97,61.03,286.9,134.8,D,0
34.2426,-110.2232,328.6,1.6,1.2,2025-01-22,2105,Aqua,MODIS,86,61.03,283.8,57,D,0
34.2564,-110.2098,363.3,1.6,1.2,2025-01-22,2105,Aqua,MODIS,100,61.03,287.5,190,D,0
34.2532,-110.2265,392,1.6,1.2,2025-01-22,2105,Aqua,MODIS,100,61.03,296,413.5,D,0
36.3869,-97.5089,303.8,2.3,1.5,2025-01-22,2105,Aqua,MODIS,57,61.03,279.2,26.4,D,0
36.3868,-97.4887,302.4,2.3,1.5,2025-01-22,2105,Aqua,MODIS,46,61.03,278.6,22.2,D,0
36.3849,-97.5135,304,2.3,1.5,2025-01-22,2105,Aqua,MODIS,56,61.03,279.2,24.7,D,0
35.0836,-111.821,371.8,1.9,1.3,2025-01-22,2105,Aqua,MODIS,100,61.03,288,317,D,0
35.0796,-111.8407,394.2,1.9,1.4,2025-01-22,2105,Aqua,MODIS,100,61.03,305.4,573.9,D,0
35.0754,-111.861,315,1.9,1.4,2025-01-22,2105,Aqua,MODIS,71,61.03,286.5,38.5,D,0
35.0911,-111.8444,341.3,1.9,1.4,2025-01-22,2105,Aqua,MODIS,92,61.03,287.3,121.1,D,0
41.1158,-99.3604,313,2,1.4,2025-01-22,2106,Aqua,MODIS,73,61.03,276.4,39.5,D,0
41.1279,-99.3622,305.4,2,1.4,2025-01-22,2106,Aqua,MODIS,61,61.03,276.3,25.1,D,0
41.126,-99.3855,304.2,2,1.4,2025-01-22,2106,Aqua,MODIS,58,61.03,276.1,23.3,D,0
45.8292,-113.0635,371.2,1.3,1.1,2025-01-22,2108,Aqua,MODIS,100,61.03,268.8,0,D,0
34.4951,-118.5834,348.1,3.8,1.8,2025-01-22,2243,Aqua,MODIS,95,61.03,291.2,371.9,D,0
34.4827,-118.6131,310.9,3.7,1.8,2025-01-22,2243,Aqua,MODIS,30,61.03,289.3,48.6,D,2
34.501,-118.5763,364.1,3.8,1.8,2025-01-22,2243,Aqua,MODIS,100,61.03,292.4,639.8,D,0
34.4986,-118.6146,375,3.7,1.8,2025-01-22,2243,Aqua,MODIS,100,61.03,293.4,880.1,D,2
34.5194,-118.5385,359.8,3.8,1.8,2025-01-22,2243,Aqua,MODIS,94,61.03,297.6,562.6,D,0
34.5169,-118.5783,479.2,3.8,1.8,2025-01-22,2243,Aqua,MODIS,87,61.03,330.6,7917.2,D,0
34.5146,-118.6164,378.8,3.7,1.8,2025-01-22,2243,Aqua,MODIS,87,61.03,300.1,976.1,D,0
34.5353,-118.5409,335.5,3.8,1.8,2025-01-22,2243,Aqua,MODIS,76,61.03,296.2,225.7,D,0
34.4929,-118.6225,348.4,3.7,1.8,2025-01-22,2243,Aqua,MODIS,95,61.03,289.6,374.2,D,2
34.5132,-118.5464,386,3.8,1.8,2025-01-22,2243,Aqua,MODIS,94,61.03,298.2,1202.6,D,0
34.511,-118.5855,464.2,3.8,1.8,2025-01-22,2243,Aqua,MODIS,87,61.03,318.7,6170.3,D,0
34.5089,-118.6243,361.6,3.7,1.8,2025-01-22,2243,Aqua,MODIS,87,61.03,296.4,584.4,D,0
34.5292,-118.5481,378.4,3.8,1.8,2025-01-22,2243,Aqua,MODIS,87,61.03,299.7,980.3,D,0
34.5452,-118.5502,371.9,3.8,1.8,2025-01-22,2243,Aqua,MODIS,87,61.03,299.4,811.1,D,0
34.5612,-118.5524,341.6,3.8,1.8,2025-01-22,2243,Aqua,MODIS,87,61.03,297.5,291.5,D,0
34.5589,-118.5914,354.5,3.8,1.8,2025-01-22,2243,Aqua,MODIS,74,61.03,304,458.9,D,0
34.5541,-118.6733,314.8,3.7,1.8,2025-01-22,2243,Aqua,MODIS,53,61.03,293.4,61.8,D,0
34.5771,-118.5562,322.2,3.8,1.8,2025-01-22,2243,Aqua,MODIS,80,61.03,293.6,121,D,0
34.5747,-118.5967,332.3,3.8,1.8,2025-01-22,2243,Aqua,MODIS,76,61.03,296.2,193.5,D,0
34.5687,-118.5585,337.9,3.8,1.8,2025-01-22,2243,Aqua,MODIS,90,61.03,297.6,258.6,D,0
34.5666,-118.5981,357.4,3.8,1.8,2025-01-22,2243,Aqua,MODIS,75,61.03,304.7,515.4,D,0
39.08,-122.1998,312.8,2.4,1.5,2025-01-22,2244,Aqua,MODIS,73,61.03,291.5,39.7,D,0
38.1415,-119.9815,302.5,3.3,1.7,2025-01-22,2244,Aqua,MODIS,53,61.03,284.9,39.7,D,0
38.1395,-120.0179,311.6,3.3,1.7,2025-01-22,2244,Aqua,MODIS,71,61.03,285.4,70.6,D,0
38.8361,-122.2101,308.6,2.4,1.5,2025-01-22,2244,Aqua,MODIS,67,61.03,291.7,28.7,D,0
38.8337,-122.2412,302.6,2.4,1.5,2025-01-22,2244,Aqua,MODIS,53,61.03,290.8,14.7,D,0
38.9676,-122.0049,311.3,2.5,1.5,2025-01-22,2244,Aqua,MODIS,71,61.03,290.2,39.5,D,0
38.9654,-121.9837,330.6,2.5,1.5,2025-01-22,2244,Aqua,MODIS,87,61.03,290.7,114.3,D,0
40.2942,-123.072,301.1,2.2,1.4,2025-01-22,2245,Aqua,MODIS,44,61.03,286.3,15.4,D,0
40.3769,-122.8408,318.9,2.3,1.5,2025-01-22,2245,Aqua,MODIS,79,61.03,292,55,D,0
19.4018,-155.2839,321.7,1.6,1.3,2025-01-23,0018,Aqua,MODIS,36,61.03,288,37.4,D,1
19.4029,-155.2909,321,1.6,1.3,2025-01-23,0018,Aqua,MODIS,40,61.03,284.4,33.3,D,1
34.5689,-118.5951,314.7,1.3,1.2,2025-01-23,0448,Terra,MODIS,90,61.03,284.2,24,N,0
34.5816,-118.5822,302,1.3,1.1,2025-01-23,0448,Terra,MODIS,43,61.03,282.4,10.8,N,0
34.579,-118.5972,319.9,1.3,1.2,2025-01-23,0448,Terra,MODIS,99,61.03,283.6,31.7,N,0
34.4755,-118.5963,316.1,1.4,1.2,2025-01-23,0448,Terra,MODIS,92,61.03,285,25.8,N,0
34.4854,-118.599,307,1.4,1.2,2025-01-23,0448,Terra,MODIS,70,61.03,284.5,16.2,N,0
38.141,-120.0096,302.2,1.4,1.2,2025-01-23,0449,Terra,MODIS,13,61.03,277.1,12.8,N,0
38.1334,-120.0023,306.4,1.4,1.2,2025-01-23,0449,Terra,MODIS,64,61.03,277.3,17.4,N,0
38.1437,-119.9949,320.4,1.4,1.2,2025-01-23,0449,Terra,MODIS,100,61.03,276.6,34.7,N,0
19.4036,-155.2838,456.3,1.6,1.2,2025-01-23,0801,Terra,MODIS,100,61.03,330.8,1575.6,N,1
19.4018,-155.2988,430.8,1.6,1.2,2025-01-23,0801,Terra,MODIS,100,61.03,308.2,971.9,N,1
19.4145,-155.2855,338.9,1.6,1.2,2025-01-23,0801,Terra,MODIS,100,61.03,293.9,83.7,N,1
38.1404,-119.9941,305.5,1.1,1.1,2025-01-23,1043,Aqua,MODIS,64,61.03,275.5,13.7,N,0
19.4088,-155.2871,418.3,3.1,1.7,2025-01-23,1227,Aqua,MODIS,100,61.03,301.4,2026.5,N,1
19.4059,-155.2581,377.6,3.1,1.7,2025-01-23,1227,Aqua,MODIS,100,61.03,296.9,765.8,N,1
30.6852,-97.961,313.8,2,1.4,2025-01-23,1649,Terra,MODIS,74,61.03,284.3,39.2,D,0
31.9575,-95.6423,304.1,2.6,1.6,2025-01-23,1649,Terra,MODIS,58,61.03,280.6,35.9,D,0
32.1922,-102.0106,306.8,1.1,1,2025-01-23,1649,Terra,MODIS,64,61.03,280.7,9.3,D,0
32.1903,-101.9993,305.3,1.1,1,2025-01-23,1649,Terra,MODIS,61,61.03,281,8.2,D,0
32.1519,-101.9374,314.5,1.1,1,2025-01-23,1649,Terra,MODIS,75,61.03,281.2,15.8,D,0
32.15,-101.9261,330.8,1.1,1,2025-01-23,1649,Terra,MODIS,87,61.03,281.9,35.5,D,0
32.029,-103.2766,306.4,1,1,2025-01-23,1649,Terra,MODIS,63,61.03,280.4,7.9,D,0
30.6924,-97.9646,306.8,2,1.4,2025-01-23,1649,Terra,MODIS,64,61.03,284.3,25.1,D,0
44.5238,-120.2708,308.3,1.3,1.1,2025-01-23,1824,Terra,MODIS,67,61.03,277.3,18.2,D,0
42.1216,-123.1128,318,1.1,1.1,2025-01-23,1825,Terra,MODIS,78,61.03,278.7,23.2,D,0
38.9645,-121.9708,302.9,1.4,1.2,2025-01-23,1826,Terra,MODIS,27,61.03,283.8,9.6,D,0
38.9777,-121.9835,301.3,1.4,1.2,2025-01-23,1826,Terra,MODIS,45,61.03,285,9.3,D,0
40.032,-123.2767,310.6,1.2,1.1,2025-01-23,1826,Terra,MODIS,70,61.03,283.3,15.1,D,0
40.0343,-123.2903,302.2,1.2,1.1,2025-01-23,1826,Terra,MODIS,51,61.03,283,8.1,D,0
39.294,-119.5033,304.1,2,1.4,2025-01-23,1826,Terra,MODIS,58,61.03,279.1,21.8,D,0
38.9747,-121.9677,318.6,1.4,1.2,2025-01-23,1826,Terra,MODIS,79,61.03,285.6,30.7,D,0
34.5718,-118.6089,314.3,2.9,1.6,2025-01-23,1827,Terra,MODIS,0,61.03,289.7,66.1,D,0
34.5597,-118.6046,329.4,2.9,1.6,2025-01-23,1827,Terra,MODIS,0,61.03,291.7,138,D,0
33.9155,-89.2658,307.2,1,1,2025-01-23,2005,Aqua,MODIS,65,61.03,282.4,10.7,D,0
30.4762,-90.609,300.5,1.1,1,2025-01-23,2005,Aqua,MODIS,37,61.03,282.5,7.1,D,0
30.2501,-93.2787,312.6,1.4,1.2,2025-01-23,2005,Aqua,MODIS,73,61.03,285.7,21.5,D,2
30.2475,-93.2927,300.7,1.4,1.2,2025-01-23,2005,Aqua,MODIS,40,61.03,284.9,8.8,D,0
31.5373,-88.5195,318.5,1,1,2025-01-23,2005,Aqua,MODIS,78,61.03,283.4,19.1,D,0
32.031,-88.1487,301.4,1,1,2025-01-23,2005,Aqua,MODIS,47,61.03,282.7,7.1,D,0
30.9569,-95.2045,306.1,1.8,1.3,2025-01-23,2005,Aqua,MODIS,63,61.03,285.3,21.2,D,0
32.3403,-88.3851,323.4,1,1,2025-01-23,2005,Aqua,MODIS,82,61.03,280.4,25.5,D,0
32.0606,-90.3139,307.8,1,1,2025-01-23,2005,Aqua,MODIS,66,61.03,282.9,10.5,D,0
32.059,-90.3243,301.8,1,1,2025-01-23,2005,Aqua,MODIS,49,61.03,284,6.9,D,0
31.1226,-95.9686,300.2,2,1.4,2025-01-23,2005,Aqua,MODIS,33,61.03,287.6,11.7,D,0
31.4854,-94.3959,318.7,1.6,1.2,2025-01-23,2005,Aqua,MODIS,79,61.03,284.9,35.6,D,0
31.4131,-95.0762,319.7,1.7,1.3,2025-01-23,2005,Aqua,MODIS,80,61.03,284.3,41.7,D,0
31.4097,-95.0935,312.7,1.7,1.3,2025-01-23,2005,Aqua,MODIS,72,61.03,284.6,28.4,D,0
31.4243,-95.0792,335.1,1.7,1.3,2025-01-23,2005,Aqua,MODIS,89,61.03,285.5,80.9,D,0
31.4209,-95.0965,319.2,1.7,1.3,2025-01-23,2005,Aqua,MODIS,71,61.03,285.2,39.1,D,0
31.8647,-93.5682,301.3,1.4,1.2,2025-01-23,2005,Aqua,MODIS,45,61.03,283.4,9.5,D,0
31.8969,-93.7976,328.6,1.4,1.2,2025-01-23,2005,Aqua,MODIS,86,61.03,286.6,48.8,D,0
31.8943,-93.8119,315.9,1.4,1.2,2025-01-23,2005,Aqua,MODIS,76,61.03,285.8,27.2,D,0
32.0172,-93.8103,306.3,1.4,1.2,2025-01-23,2005,Aqua,MODIS,63,61.03,284.4,15.5,D,0
32.4076,-91.7472,325.8,1.1,1,2025-01-23,2005,Aqua,MODIS,84,61.03,285.1,28.9,D,0
32.4057,-91.7585,317.4,1.1,1,2025-01-23,2005,Aqua,MODIS,78,61.03,284.8,19.1,D,0
33.1286,-87.2931,301.9,1.1,1.1,2025-01-23,2005,Aqua,MODIS,50,61.03,275.5,9.3,D,0
33.1271,-87.3047,309.4,1.1,1.1,2025-01-23,2005,Aqua,MODIS,69,61.03,278.2,14.8,D,0
31.9556,-95.6439,303.5,1.8,1.3,2025-01-23,2005,Aqua,MODIS,56,61.03,283.3,16.7,D,0
31.967,-95.6473,302.9,1.8,1.3,2025-01-23,2005,Aqua,MODIS,54,61.03,284.2,15.6,D,0
31.9526,-95.9025,301.8,1.9,1.3,2025-01-23,2005,Aqua,MODIS,49,61.03,287.6,14.9,D,0
32.0318,-95.8488,317.8,1.9,1.3,2025-01-23,2005,Aqua,MODIS,74,61.03,287.1,42.9,D,0
33.5127,-89.0447,324.4,1,1,2025-01-23,2005,Aqua,MODIS,83,61.03,282.8,25,D,0
33.5112,-89.0553,310.3,1,1,2025-01-23,2005,Aqua,MODIS,70,61.03,281.9,12.3,D,0
33.0654,-92.4333,302.4,1.1,1.1,2025-01-23,2005,Aqua,MODIS,52,61.03,283,9,D,0
32.7131,-94.8734,300.8,1.6,1.2,2025-01-23,2005,Aqua,MODIS,42,61.03,285.3,11,D,0
32.824,-94.3978,310.3,1.5,1.2,2025-01-23,2005,Aqua,MODIS,70,61.03,285.6,19.1,D,0
33.576,-89.8914,309.4,1,1,2025-01-23,2005,Aqua,MODIS,68,61.03,283,11.8,D,0
33.8443,-88.0211,326.9,1.1,1,2025-01-23,2005,Aqua,MODIS,85,61.03,283.5,30.2,D,0
32.8286,-94.4044,313.3,1.5,1.2,2025-01-23,2005,Aqua,MODIS,73,61.03,285.1,23.5,D,0
33.8533,-88.0229,312.9,1.1,1,2025-01-23,2005,Aqua,MODIS,73,61.03,282,16,D,0
34.081,-87.4068,332.9,1.1,1.1,2025-01-23,2005,Aqua,MODIS,88,61.03,283.2,41.8,D,0
34.0904,-87.4085,314,1.1,1.1,2025-01-23,2005,Aqua,MODIS,74,61.03,280.8,18.3,D,0
34.0889,-87.4204,307.7,1.1,1.1,2025-01-23,2005,Aqua,MODIS,66,61.03,281.2,12.9,D,0
33.914,-89.2764,311,1,1,2025-01-23,2005,Aqua,MODIS,71,61.03,281.7,13.4,D,0
33.294,-94.2577,305,1.4,1.2,2025-01-23,2005,Aqua,MODIS,46,61.03,284.9,13.8,D,0
35.3426,-94.0505,362.7,1.3,1.1,2025-01-23,2006,Aqua,MODIS,87,61.03,281.3,136.1,D,0
35.7476,-90.157,321.3,1,1,2025-01-23,2006,Aqua,MODIS,81,61.03,282,20.9,D,0
35.7461,-90.1678,310.3,1,1,2025-01-23,2006,Aqua,MODIS,70,61.03,282.3,11.5,D,0
32.6116,-98.3289,308.2,2.7,1.6,2025-01-23,2006,Aqua,MODIS,61,61.03,283,39.4,D,0
32.6058,-98.3557,311.5,2.7,1.6,2025-01-23,2006,Aqua,MODIS,70,61.03,284.6,49.4,D,0
32.6175,-98.3352,311.5,2.7,1.6,2025-01-23,2006,Aqua,MODIS,67,61.03,281.7,53.1,D,0
32.6116,-98.3619,305.5,2.7,1.6,2025-01-23,2006,Aqua,MODIS,58,61.03,284.2,36.8,D,0
33.427,-94.9319,313.3,1.5,1.2,2025-01-23,2006,Aqua,MODIS,73,61.03,285.2,25.8,D,0
34.0035,-92.882,311.3,1.2,1.1,2025-01-23,2006,Aqua,MODIS,36,61.03,279,13.8,D,0
34.0128,-92.8843,318,1.2,1.1,2025-01-23,2006,Aqua,MODIS,74,61.03,280.5,21,D,0
33.6988,-94.974,301.5,1.5,1.2,2025-01-23,2006,Aqua,MODIS,47,61.03,283.4,12,D,0
33.6958,-94.9898,310.3,1.5,1.2,2025-01-23,2006,Aqua,MODIS,70,61.03,284.8,22.1,D,0
35.0528,-88.0014,312.3,1.1,1,2025-01-23,2006,Aqua,MODIS,72,61.03,277.4,16.5,D,0
35.0513,-88.0131,302.8,1.1,1,2025-01-23,2006,Aqua,MODIS,54,61.03,277.7,9.2,D,0
34.6782,-92.8533,318.5,1.1,1.1,2025-01-23,2006,Aqua,MODIS,78,61.03,279.7,23.2,D,0
34.955,-91.2601,309.7,1,1,2025-01-23,2006,Aqua,MODIS,69,61.03,283.1,12,D,0
33.9925,-97.4355,341.3,2.1,1.4,2025-01-23,2006,Aqua,MODIS,92,61.03,283.6,142.2,D,0
33.9879,-97.4578,343.1,2.2,1.4,2025-01-23,2006,Aqua,MODIS,93,61.03,287.7,153.3,D,0
34.0047,-97.4394,396.7,2.1,1.4,2025-01-23,2006,Aqua,MODIS,100,61.03,291.5,717.3,D,0
34.0001,-97.4616,376,2.2,1.4,2025-01-23,2006,Aqua,MODIS,100,61.03,288.1,425.7,D,0
33.9942,-97.4431,353,2.1,1.4,2025-01-23,2006,Aqua,MODIS,97,61.03,287,213,D,0
33.9894,-97.4653,327.4,2.2,1.4,2025-01-23,2006,Aqua,MODIS,85,61.03,286.1,81.2,D,0
34.0111,-97.425,303.6,2.1,1.4,2025-01-23,2006,Aqua,MODIS,49,61.03,282.7,20.8,D,0
34.0064,-97.4469,408.7,2.1,1.4,2025-01-23,2006,Aqua,MODIS,100,61.03,295,948.2,D,0
34.0016,-97.4691,335.7,2.2,1.4,2025-01-23,2006,Aqua,MODIS,90,61.03,283.4,115.5,D,0
35.4732,-91.4336,303.4,1,1,2025-01-23,2006,Aqua,MODIS,26,61.03,280.3,8.1,D,0
37.2167,-94.2843,309.4,1.2,1.1,2025-01-23,2007,Aqua,MODIS,68,61.03,272.1,14.1,D,0
37.219,-94.2712,300.6,1.2,1.1,2025-01-23,2007,Aqua,MODIS,34,61.03,269.6,6.9,D,0
41.9002,-95.9381,321.9,1.2,1.1,2025-01-23,2008,Aqua,MODIS,81,61.03,268.4,32.7,D,0
41.8976,-95.9319,316.2,1.2,1.1,2025-01-23,2008,Aqua,MODIS,77,61.03,268.2,24.3,D,0
40.8724,-105.5092,301.8,4.3,1.9,2025-01-23,2008,Aqua,MODIS,0,61.03,265.7,88.6,D,0
19.405,-155.2856,437.3,1,1,2025-01-23,2010,Terra,MODIS,100,61.03,350.1,590.9,D,1
19.4065,-155.2953,361.9,1,1,2025-01-23,2010,Terra,MODIS,100,61.03,307.4,89.1,D,1
19.396,-155.2871,322.4,1,1,2025-01-23,2010,Terra,MODIS,60,61.03,304.4,12.4,D,1
34.0471,-117.0334,306.9,1.1,1.1,2025-01-23,2144,Aqua,MODIS,42,61.03,296,4.6,D,2
33.4145,-110.859,308.8,1.3,1.1,2025-01-23,2144,Aqua,MODIS,68,61.03,289.6,11.2,D,2
33.4129,-110.8724,300.6,1.3,1.1,2025-01-23,2144,Aqua,MODIS,35,61.03,289.6,4.6,D,2
32.8135,-113.7892,328,1,1,2025-01-23,2144,Aqua,MODIS,83,61.03,296.3,23.6,D,0
34.7137,-118.2968,317.3,1.2,1.1,2025-01-23,2144,Aqua,MODIS,65,61.03,292.9,16.1,D,0
32.815,-113.7788,371.8,1,1,2025-01-23,2144,Aqua,MODIS,100,61.03,299.5,121,D,0
39.0771,-122.202,303.5,1.6,1.3,2025-01-23,2146,Aqua,MODIS,31,61.03,291.7,8.5,D,0
39.2075,-122.2536,319.4,1.6,1.3,2025-01-23,2146,Aqua,MODIS,79,61.03,291.3,32.8,D,0
39.2038,-122.2716,332,1.6,1.3,2025-01-23,2146,Aqua,MODIS,88,61.03,294.1,62.7,D,0
39.1666,-122.9075,306.8,1.8,1.3,2025-01-23,2146,Aqua,MODIS,64,61.03,291.4,16.8,D,0
39.1625,-122.9273,309.7,1.8,1.3,2025-01-23,2146,Aqua,MODIS,69,61.03,291.2,21.7,D,0
39.8306,-116.2291,354.2,1,1,2025-01-23,2146,Aqua,MODIS,85,61.03,278.8,76.2,D,0
38.6356,-120.5352,309.7,1.4,1.2,2025-01-23,2146,Aqua,MODIS,69,61.03,292.3,14.4,D,0
38.6328,-120.5505,305,1.4,1.2,2025-01-23,2146,Aqua,MODIS,56,61.03,288.5,9.7,D,0
38.8592,-121.5862,307.8,1.5,1.2,2025-01-23,2146,Aqua,MODIS,66,61.03,290.8,14.2,D,0
38.8558,-121.6031,309.2,1.5,1.2,2025-01-23,2146,Aqua,MODIS,68,61.03,290.9,16.1,D,0
38.9679,-121.9829,343.6,1.6,1.2,2025-01-23,2146,Aqua,MODIS,93,61.03,293,99.3,D,0
38.8671,-122.6515,306.6,1.8,1.3,2025-01-23,2146,Aqua,MODIS,64,61.03,291.4,16.6,D,0
39.0878,-122.2009,309.8,1.6,1.3,2025-01-23,2146,Aqua,MODIS,69,61.03,292,16.9,D,0
39.0807,-122.1842,306.7,1.6,1.3,2025-01-23,2146,Aqua,MODIS,57,61.03,292.2,12.5,D,0
42.1193,-123.1077,304.7,1.6,1.2,2025-01-23,2147,Aqua,MODIS,60,61.03,276.2,17.9,D,0
19.4078,-155.2932,331.5,1.7,1.3,2025-01-24,0057,Aqua,MODIS,82,61.03,303.5,50.4,D,1
19.4097,-155.2775,323.8,1.7,1.3,2025-01-24,0057,Aqua,MODIS,52,61.03,297,29.7,D,1
19.3985,-155.2762,320.2,1.7,1.3,2025-01-24,0057,Aqua,MODIS,16,61.03,296.6,20.6,D,1
19.3966,-155.2917,339.1,1.7,1.3,2025-01-24,0057,Aqua,MODIS,89,61.03,303.7,73.3,D,1
32.6052,-116.8447,308.7,2.1,1.4,2025-01-24,0527,Terra,MODIS,75,61.03,284.4,32,N,0
32.5911,-116.8638,305.5,2.1,1.4,2025-01-24,0527,Terra,MODIS,65,61.03,284.2,26.1,N,0
32.6036,-116.8638,313.8,2.1,1.4,2025-01-24,0527,Terra,MODIS,88,61.03,285,43.5,N,0
32.608,-116.85,309.9,2.1,1.4,2025-01-24,0527,Terra,MODIS,48,61.03,284.4,32.8,N,0
38.9747,-121.9724,307.6,1.2,1.1,2025-01-24,0529,Terra,MODIS,72,61.03,276,17.2,N,0
40.3335,-121.0721,304.3,1.4,1.2,2025-01-24,0529,Terra,MODIS,60,61.03,268.7,19.2,N,0
19.4011,-155.2664,305.7,4,1.9,2025-01-24,0703,Terra,MODIS,4,61.03,287.7,60.8,N,1
19.3941,-155.3026,306.9,4,1.9,2025-01-24,0703,Terra,MODIS,21,61.03,286.2,68.1,N,1
19.4086,-155.2737,320.9,4,1.9,2025-01-24,0703,Terra,MODIS,100,61.03,293.1,160.6,N,1
19.4014,-155.3095,309.7,4,1.9,2025-01-24,0703,Terra,MODIS,68,61.03,286.9,92.7,N,1
32.6331,-116.8383,309.6,4.2,1.9,2025-01-24,1123,Aqua,MODIS,45,61.03,284.8,91.1,N,0
32.6427,-116.8763,338.4,4.2,1.9,2025-01-24,1123,Aqua,MODIS,100,61.03,286.6,343.1,N,0
32.6388,-116.8864,335,4.2,1.9,2025-01-24,1124,Aqua,MODIS,100,61.03,285.4,297.1,N,0
32.5984,-116.8643,307.5,4.2,1.9,2025-01-24,1124,Aqua,MODIS,29,61.03,285.1,81.5,N,0
32.6141,-116.857,309.9,4.2,1.9,2025-01-24,1124,Aqua,MODIS,68,61.03,285.4,96,N,0
32.6294,-116.8485,326.1,4.2,1.9,2025-01-24,1124,Aqua,MODIS,100,61.03,286.8,206.8,N,0
19.4084,-155.2704,314.6,1,1,2025-01-24,1306,Aqua,MODIS,90,61.03,297.3,17.4,N,1
19.4114,-155.2897,334.4,1,1,2025-01-24,1306,Aqua,MODIS,100,61.03,294.1,41,N,1
19.4183,-155.272,311.1,1,1,2025-01-24,1306,Aqua,MODIS,82,61.03,297.1,14.3,N,1
19.4099,-155.28,349.9,1,1,2025-01-24,1306,Aqua,MODIS,100,61.03,317.4,69.9,N,1
19.401,-155.2816,331.5,1,1,2025-01-24,1306,Aqua,MODIS,100,61.03,294.1,36.6,N,1
19.4025,-155.2912,324.8,1,1,2025-01-24,1306,Aqua,MODIS,100,61.03,287.1,28,N,1
35.8934,-89.7834,302.3,1,1,2025-01-24,1549,Terra,MODIS,39,61.03,275.5,9,D,2
32.9807,-89.0149,307.6,1,1,2025-01-24,1550,Terra,MODIS,66,61.03,275.7,12.2,D,0
34.2135,-82.0856,306.4,2,1.4,2025-01-24,1550,Terra,MODIS,63,61.03,277.9,29.2,D,0
34.2094,-82.0651,305.6,2,1.4,2025-01-24,1550,Terra,MODIS,62,61.03,277.5,28.1,D,0
33.4157,-87.4371,300.9,1.1,1,2025-01-24,1550,Terra,MODIS,42,61.03,277,9.1,D,0
33.4402,-88.5659,301.7,1,1,2025-01-24,1550,Terra,MODIS,42,61.03,277.6,8.4,D,2
32.9822,-89.0253,314.2,1,1,2025-01-24,1550,Terra,MODIS,74,61.03,276.7,16.9,D,0
29.4183,-82.8647,309.6,2.3,1.5,2025-01-24,1551,Terra,MODIS,69,61.03,282.2,37.5,D,0
30.6747,-90.0658,302.6,1,1,2025-01-24,1551,Terra,MODIS,53,61.03,280,8.3,D,0
29.0696,-95.7461,315.9,1.7,1.3,2025-01-24,1551,Terra,MODIS,64,61.03,283.5,31,D,2
29.0713,-95.763,314.6,1.7,1.3,2025-01-24,1551,Terra,MODIS,53,61.03,283,28.7,D,0
29.0791,-95.7279,324.9,1.7,1.3,2025-01-24,1551,Terra,MODIS,73,61.03,283.8,48.5,D,0
26.2601,-98.3703,312.7,2.3,1.5,2025-01-24,1552,Terra,MODIS,73,61.03,287.3,40.4,D,0
26.2576,-98.3644,310,2.3,1.5,2025-01-24,1552,Terra,MODIS,69,61.03,287.3,31.6,D,0
27.8078,-97.5905,306.6,2.2,1.4,2025-01-24,1552,Terra,MODIS,64,61.03,287,22.6,D,2
35.0992,-111.8082,305.9,1,1,2025-01-24,1728,Terra,MODIS,62,61.03,280.7,10.5,D,0
35.0064,-106.3996,303.3,2,1.4,2025-01-24,1728,Terra,MODIS,56,61.03,271.7,28.3,D,0
34.2574,-110.1976,317.3,1.2,1.1,2025-01-24,1728,Terra,MODIS,68,61.03,279.5,22.5,D,0
34.2596,-110.2104,348.4,1.2,1.1,2025-01-24,1728,Terra,MODIS,95,61.03,282.9,82.7,D,0
34.2692,-110.2079,340.1,1.2,1.1,2025-01-24,1728,Terra,MODIS,92,61.03,281.7,61.2,D,0
34.2714,-110.2206,315.6,1.2,1.1,2025-01-24,1728,Terra,MODIS,58,61.03,280.7,20.2,D,0
35.1009,-111.8193,322,1,1,2025-01-24,1728,Terra,MODIS,81,61.03,283.8,24.4,D,0
33.0072,-114.4786,302.8,1,1,2025-01-24,1729,Terra,MODIS,54,61.03,278.7,6.1,D,0
32.6472,-116.8645,323.1,1.2,1.1,2025-01-24,1729,Terra,MODIS,82,61.03,289.5,23.3,D,0
32.6457,-116.8523,310.7,1.2,1.1,2025-01-24,1729,Terra,MODIS,45,61.03,287.7,9.5,D,0
32.6362,-116.8531,360.3,1.2,1.1,2025-01-24,1729,Terra,MODIS,100,61.03,293.5,104.7,D,0
32.6283,-116.8672,350.6,1.2,1.1,2025-01-24,1729,Terra,MODIS,96,61.03,293.5,73.7,D,0
32.6267,-116.8544,368.1,1.2,1.1,2025-01-24,1729,Terra,MODIS,100,61.03,293.3,132.4,D,0
32.6187,-116.8683,334.4,1.2,1.1,2025-01-24,1729,Terra,MODIS,89,61.03,291.5,39.4,D,0
32.5863,-116.8798,344.5,1.2,1.1,2025-01-24,1729,Terra,MODIS,94,61.03,297.8,62.3,D,0
32.5848,-116.8673,334.5,1.2,1.1,2025-01-24,1729,Terra,MODIS,89,61.03,293.7,41.7,D,0
32.7342,-111.5223,301.9,1.1,1.1,2025-01-24,1729,Terra,MODIS,49,61.03,286.1,4.8,D,2
28.3558,-82.1795,302.4,2.7,1.6,2025-01-24,1905,Aqua,MODIS,52,61.03,286.8,25,D,2
26.8237,-98.8429,304.9,1,1,2025-01-24,2043,Aqua,MODIS,53,61.03,294.2,4.2,D,0
27.4626,-97.5774,307.2,1,1,2025-01-24,2043,Aqua,MODIS,44,61.03,295.6,3.9,D,0
27.4612,-97.5873,308.5,1,1,2025-01-24,2043,Aqua,MODIS,57,61.03,298.4,4.6,D,0
27.8027,-97.5925,307.7,1,1,2025-01-24,2043,Aqua,MODIS,60,61.03,296.4,3.8,D,0
27.9137,-97.7823,309.7,1,1,2025-01-24,2043,Aqua,MODIS,65,61.03,294.8,7.1,D,0
31.9505,-95.913,350.4,1.2,1.1,2025-01-24,2044,Aqua,MODIS,96,61.03,293.6,85.7,D,0
28.5972,-96.9843,308.4,1,1,2025-01-24,2044,Aqua,MODIS,67,61.03,290.8,8.2,D,0
28.5958,-96.9947,315.4,1,1,2025-01-24,2044,Aqua,MODIS,76,61.03,291.5,13.7,D,0
28.8541,-96.2364,307.6,1.1,1.1,2025-01-24,2044,Aqua,MODIS,66,61.03,292.3,7.5,D,0
28.8633,-96.238,302.5,1.1,1.1,2025-01-24,2044,Aqua,MODIS,34,61.03,292.1,3.9,D,0
28.7743,-98.7246,311.8,1,1,2025-01-24,2044,Aqua,MODIS,69,61.03,294.1,8.9,D,0
28.7728,-98.7345,317.9,1,1,2025-01-24,2044,Aqua,MODIS,77,61.03,295.6,14,D,0
28.9273,-98.0646,321.8,1,1,2025-01-24,2044,Aqua,MODIS,81,61.03,294.6,17.8,D,0
29.1561,-96.526,302.1,1.1,1,2025-01-24,2044,Aqua,MODIS,51,61.03,289.3,5.1,D,0
29.6492,-96.2659,341.5,1.1,1.1,2025-01-24,2044,Aqua,MODIS,92,61.03,291.7,51.2,D,0
29.6478,-96.2773,434.7,1.1,1.1,2025-01-24,2044,Aqua,MODIS,100,61.03,311.1,631.1,D,0
29.6463,-96.2886,319.8,1.1,1.1,2025-01-24,2044,Aqua,MODIS,64,61.03,292.7,17.7,D,0
29.6585,-96.2675,318.2,1.1,1.1,2025-01-24,2044,Aqua,MODIS,64,61.03,288.2,16.5,D,0
29.6571,-96.2788,454.1,1.1,1.1,2025-01-24,2044,Aqua,MODIS,100,61.03,315.9,906.7,D,0
29.6556,-96.2902,369.4,1.1,1.1,2025-01-24,2044,Aqua,MODIS,100,61.03,298.9,131.6,D,0
29.4107,-99.4159,303.2,1,1,2025-01-24,2044,Aqua,MODIS,52,61.03,292.4,3.9,D,0
30.2266,-93.5025,304.4,1.6,1.3,2025-01-24,2044,Aqua,MODIS,59,61.03,287.6,14.2,D,0
29.9695,-96.7781,302.8,1.1,1,2025-01-24,2044,Aqua,MODIS,54,61.03,291.3,4.8,D,0
29.7287,-98.5187,308.3,1,1,2025-01-24,2044,Aqua,MODIS,67,61.03,292,8,D,0
29.7273,-98.5287,328.8,1,1,2025-01-24,2044,Aqua,MODIS,86,61.03,293.3,27.2,D,0
29.7346,-98.5404,302.8,1,1,2025-01-24,2044,Aqua,MODIS,44,61.03,291.6,4.6,D,0
30.2978,-95.3166,301.6,1.3,1.1,2025-01-24,2044,Aqua,MODIS,48,61.03,289.4,6.7,D,0
30.8699,-93.7705,317.3,1.6,1.2,2025-01-24,2044,Aqua,MODIS,77,61.03,287.9,33.4,D,0
31.1532,-92.4195,300.9,2,1.4,2025-01-24,2044,Aqua,MODIS,43,61.03,286.8,13,D,0
30.8736,-95.095,301.6,1.3,1.1,2025-01-24,2044,Aqua,MODIS,24,61.03,286.4,7.8,D,0
31.002,-94.2358,303.3,1.5,1.2,2025-01-24,2044,Aqua,MODIS,56,61.03,287.3,12.2,D,0
31.5548,-88.3044,301.4,3.9,1.8,2025-01-24,2044,Aqua,MODIS,46,61.03,282.5,46.8,D,0
31.5636,-88.3134,300.5,3.9,1.8,2025-01-24,2044,Aqua,MODIS,37,61.03,282.6,45.7,D,0
30.6847,-97.9685,303.1,1,1,2025-01-24,2044,Aqua,MODIS,55,61.03,292.5,4.8,D,0
30.7401,-97.8298,306,1,1,2025-01-24,2044,Aqua,MODIS,63,61.03,290.7,6.3,D,0
30.9925,-96.5541,301.2,1.1,1.1,2025-01-24,2044,Aqua,MODIS,45,61.03,288.5,4.8,D,0
30.991,-96.5656,301.6,1.1,1.1,2025-01-24,2044,Aqua,MODIS,48,61.03,289.6,5.2,D,0
31.3339,-93.9185,315.9,1.6,1.2,2025-01-24,2044,Aqua,MODIS,76,61.03,285.9,31.5,D,0
31.3349,-93.9243,317.5,1.6,1.2,2025-01-24,2044,Aqua,MODIS,78,61.03,286.2,32.5,D,0
31.5529,-92.5581,313.5,2,1.4,2025-01-24,2044,Aqua,MODIS,74,61.03,284.5,37.2,D,0
31.5649,-92.5596,328.7,2,1.4,2025-01-24,2044,Aqua,MODIS,84,61.03,284.8,74,D,0
31.5584,-92.5661,319.6,2,1.4,2025-01-24,2044,Aqua,MODIS,54,61.03,284.9,47.3,D,0
30.9902,-97.6258,304.4,1,1,2025-01-24,2044,Aqua,MODIS,59,61.03,289.7,6.6,D,0
31.5723,-92.5473,311.7,2,1.4,2025-01-24,2044,Aqua,MODIS,52,61.03,284,31.3,D,0
31.5705,-92.5676,307.5,2,1.4,2025-01-24,2044,Aqua,MODIS,24,61.03,284.3,22.8,D,0
31.2719,-95.6993,309.1,1.2,1.1,2025-01-24,2044,Aqua,MODIS,68,61.03,290.6,11.6,D,0
31.2831,-95.6881,303.4,1.2,1.1,2025-01-24,2044,Aqua,MODIS,46,61.03,289.5,6.8,D,0
31.2816,-95.7009,308.3,1.2,1.1,2025-01-24,2044,Aqua,MODIS,67,61.03,290.3,10.9,D,0
30.8054,-99.8627,317.9,1,1,2025-01-24,2044,Aqua,MODIS,78,61.03,292.7,14.4,D,0
30.8142,-99.8646,312.3,1,1,2025-01-24,2044,Aqua,MODIS,66,61.03,291.5,9.1,D,0
31.8172,-92.5288,303.2,2,1.4,2025-01-24,2044,Aqua,MODIS,55,61.03,284,20.6,D,0
32.096,-89.5455,316.7,3.2,1.7,2025-01-24,2044,Aqua,MODIS,73,61.03,280.9,91.3,D,0
32.111,-89.547,320.7,3.2,1.7,2025-01-24,2044,Aqua,MODIS,80,61.03,281.6,112.6,D,0
32.1087,-89.5803,304.8,3.2,1.7,2025-01-24,2044,Aqua,MODIS,32,61.03,281.5,43.7,D,0
31.6714,-95.8418,302.2,1.2,1.1,2025-01-24,2044,Aqua,MODIS,51,61.03,288,6.9,D,0
32.2364,-91.7809,302,2.3,1.5,2025-01-24,2044,Aqua,MODIS,50,61.03,284.6,19.4,D,0
31.9384,-95.904,312.6,1.2,1.1,2025-01-24,2044,Aqua,MODIS,69,61.03,288.8,15.2,D,0
31.9423,-95.8985,311,1.2,1.1,2025-01-24,2044,Aqua,MODIS,51,61.03,288.2,13.3,D,0
31.9408,-95.9113,325.6,1.2,1.1,2025-01-24,2044,Aqua,MODIS,84,61.03,290.5,31.5,D,0
32.3008,-95.5181,308.5,1.3,1.1,2025-01-24,2044,Aqua,MODIS,63,61.03,287,14.2,D,0
32.6121,-92.8934,305.2,1.9,1.4,2025-01-24,2044,Aqua,MODIS,61,61.03,284.4,21.9,D,0
32.3414,-95.7907,300.6,1.3,1.1,2025-01-24,2044,Aqua,MODIS,39,61.03,287.5,5.9,D,0
32.3398,-95.8039,314.9,1.3,1.1,2025-01-24,2044,Aqua,MODIS,75,61.03,288.8,19.6,D,0
31.4394,-102.1936,305.1,1.2,1.1,2025-01-24,2044,Aqua,MODIS,54,61.03,292.3,5.6,D,0
32.1067,-98.7449,301.9,1,1,2025-01-24,2045,Aqua,MODIS,50,61.03,289.6,4,D,0
32.1053,-98.7553,301.9,1,1,2025-01-24,2045,Aqua,MODIS,50,61.03,289.5,4,D,0
32.5892,-96.3461,300.6,1.2,1.1,2025-01-24,2045,Aqua,MODIS,40,61.03,288.3,5.3,D,0
33.2446,-89.8636,311.1,3.2,1.7,2025-01-24,2045,Aqua,MODIS,71,61.03,280.2,73.4,D,0
33.2474,-89.8382,306.5,3.2,1.7,2025-01-24,2045,Aqua,MODIS,64,61.03,279.7,56.8,D,0
33.2452,-89.8718,303.1,3.2,1.7,2025-01-24,2045,Aqua,MODIS,55,61.03,279.9,45.5,D,0
32.8545,-95.3902,305,1.4,1.2,2025-01-24,2045,Aqua,MODIS,60,61.03,287.8,10.9,D,0
32.9353,-94.85,306.8,1.5,1.2,2025-01-24,2045,Aqua,MODIS,64,61.03,285.8,14.8,D,0
32.6434,-93.9446,300.1,1.6,1.3,2025-01-24,2045,Aqua,MODIS,26,61.03,286.5,11,D,0
32.9458,-94.8516,301.9,1.5,1.2,2025-01-24,2045,Aqua,MODIS,48,61.03,285.7,9.4,D,0
31.9578,-102.5974,302,1.2,1.1,2025-01-24,2045,Aqua,MODIS,43,61.03,289.3,4.2,D,0
33.2295,-94.2223,320.8,1.6,1.2,2025-01-24,2045,Aqua,MODIS,80,61.03,285.3,38.6,D,0
33.2332,-94.2125,313.6,1.6,1.3,2025-01-24,2045,Aqua,MODIS,64,61.03,285,29,D,0
33.2315,-94.2293,311.1,1.6,1.2,2025-01-24,2045,Aqua,MODIS,54,61.03,283.5,24.8,D,0
33.268,-94.6183,311,1.5,1.2,2025-01-24,2045,Aqua,MODIS,71,61.03,285.9,21.7,D,0
33.4142,-95.1001,304.6,1.4,1.2,2025-01-24,2045,Aqua,MODIS,59,61.03,286.8,12.3,D,0
33.4515,-94.9511,308.2,1.5,1.2,2025-01-24,2045,Aqua,MODIS,67,61.03,286,16.7,D,0
33.7136,-93.501,300.3,1.8,1.3,2025-01-24,2045,Aqua,MODIS,29,61.03,283.9,12.5,D,0
33.7117,-93.5202,380.1,1.8,1.3,2025-01-24,2045,Aqua,MODIS,100,61.03,290.6,373.5,D,0
33.7098,-93.5394,305.2,1.8,1.3,2025-01-24,2045,Aqua,MODIS,61,61.03,284.4,18.9,D,0
33.4264,-96.2599,304,1.2,1.1,2025-01-24,2045,Aqua,MODIS,58,61.03,287.5,8.8,D,0
33.8906,-95.9456,304.2,1.3,1.1,2025-01-24,2045,Aqua,MODIS,44,61.03,286.6,9.5,D,0
33.8891,-95.9593,303.7,1.3,1.1,2025-01-24,2045,Aqua,MODIS,53,61.03,286.8,8.9,D,0
34.0108,-94.9481,307.7,1.5,1.2,2025-01-24,2045,Aqua,MODIS,66,61.03,284.3,17.3,D,0
34.0092,-94.9638,313.9,1.5,1.2,2025-01-24,2045,Aqua,MODIS,74,61.03,285.6,25.4,D,0
34.2476,-96.3746,311.3,1.3,1.1,2025-01-24,2045,Aqua,MODIS,71,61.03,285,16.2,D,0
34.246,-96.3879,304.7,1.2,1.1,2025-01-24,2045,Aqua,MODIS,60,61.03,285.8,10.1,D,0
34.6363,-92.8081,306.6,2.1,1.4,2025-01-24,2045,Aqua,MODIS,64,61.03,281.9,29.5,D,0
34.8624,-91.6027,306.6,2.5,1.5,2025-01-24,2045,Aqua,MODIS,64,61.03,279.2,40.6,D,0
35.2462,-94.1281,312.8,1.7,1.3,2025-01-24,2045,Aqua,MODIS,73,61.03,284.3,28,D,0
35.2444,-94.147,310.6,1.7,1.3,2025-01-24,2045,Aqua,MODIS,69,61.03,285,24.1,D,0
35.245,-94.1349,320.1,1.7,1.3,2025-01-24,2045,Aqua,MODIS,80,61.03,284.8,44.9,D,0
34.4623,-102.2358,328.3,1.1,1,2025-01-24,2045,Aqua,MODIS,86,61.03,288.5,30.9,D,0
35.728,-97.239,311.7,1.2,1.1,2025-01-24,2045,Aqua,MODIS,72,61.03,286.3,15.2,D,0
35.7375,-97.2407,301.5,1.2,1.1,2025-01-24,2045,Aqua,MODIS,39,61.03,285.2,6.5,D,0
34.2491,-110.2298,303.5,3.3,1.7,2025-01-24,2046,Aqua,MODIS,56,61.03,281.4,39.1,D,0
34.256,-110.2028,302.5,3.3,1.7,2025-01-24,2046,Aqua,MODIS,53,61.03,281.3,34.5,D,0
35.0953,-111.8098,303.1,3.9,1.8,2025-01-24,2046,Aqua,MODIS,55,61.03,285.9,52.2,D,0
35.0854,-111.8498,308,4,1.9,2025-01-24,2046,Aqua,MODIS,66,61.03,286.9,75.7,D,0
40.6025,-93.9558,301.7,2.1,1.4,2025-01-24,2047,Aqua,MODIS,36,61.03,275.7,20,D,0
40.6007,-93.9801,311.7,2.1,1.4,2025-01-24,2047,Aqua,MODIS,72,61.03,276.7,38.9,D,0
32.6125,-116.8728,346.1,2.2,1.4,2025-01-24,2223,Aqua,MODIS,71,61.03,303.6,141,D,0
32.5994,-116.846,331.2,2.2,1.4,2025-01-24,2223,Aqua,MODIS,87,61.03,295.9,80.2,D,0
32.5958,-116.886,326.5,2.1,1.4,2025-01-24,2223,Aqua,MODIS,61,61.03,301.1,55.2,D,0
32.5939,-116.9064,332.7,2.1,1.4,2025-01-24,2223,Aqua,MODIS,83,61.03,300.9,79.1,D,0
32.6121,-116.8456,351.4,2.2,1.4,2025-01-24,2223,Aqua,MODIS,96,61.03,297.4,186.2,D,0
32.6103,-116.8658,369.6,2.2,1.4,2025-01-24,2223,Aqua,MODIS,100,61.03,305.3,333.9,D,0
32.6065,-116.9078,321.9,2.1,1.4,2025-01-24,2223,Aqua,MODIS,51,61.03,300.3,42.6,D,0
32.623,-116.8655,352.1,2.2,1.4,2025-01-24,2223,Aqua,MODIS,91,61.03,298.3,185.4,D,0
32.6142,-116.8525,371.9,2.2,1.4,2025-01-24,2223,Aqua,MODIS,100,61.03,303.7,362.3,D,0
38.8725,-122.6501,308.7,1.2,1.1,2025-01-24,2225,Aqua,MODIS,67,61.03,288.3,11.5,D,0
38.8767,-122.6424,300.1,1.2,1.1,2025-01-24,2225,Aqua,MODIS,28,61.03,287.2,5.5,D,0
38.8751,-122.656,301.3,1.2,1.1,2025-01-24,2225,Aqua,MODIS,46,61.03,288,6.6,D,0
38.9913,-121.7995,304.2,1.3,1.1,2025-01-24,2225,Aqua,MODIS,58,61.03,284.5,10.4,D,0
39.0674,-121.3805,308.8,1.4,1.2,2025-01-24,2225,Aqua,MODIS,68,61.03,289.1,14.5,D,0
39.0898,-122.1941,346.7,1.3,1.1,2025-01-24,2225,Aqua,MODIS,95,61.03,291.6,77.3,D,0
39.0882,-122.2083,308.8,1.3,1.1,2025-01-24,2225,Aqua,MODIS,68,61.03,290.3,11.4,D,0
40.555,-121.9178,304.9,1.4,1.2,2025-01-24,2225,Aqua,MODIS,60,61.03,288.7,12.6,D,0
42.5731,-123.6341,300.9,1.2,1.1,2025-01-24,2226,Aqua,MODIS,42,61.03,280.6,9.6,D,0
19.4051,-155.2741,313.9,3.8,1.8,2025-01-24,2359,Aqua,MODIS,18,61.03,292.9,62.6,D,1
19.3978,-155.3091,314.6,3.9,1.8,2025-01-24,2359,Aqua,MODIS,25,61.03,295.8,67,D,1
32.6058,-116.8484,300.5,2.3,1.5,2025-01-25,0429,Terra,MODIS,29,61.03,280.9,24.5,N,0
19.4106,-155.2849,335,1,1,2025-01-25,0742,Terra,MODIS,100,61.03,298.9,37.1,N,1
19.4093,-155.2941,315.2,1,1,2025-01-25,0742,Terra,MODIS,91,61.03,289.1,14.9,N,1
19.4031,-155.2743,306.9,1,1,2025-01-25,0742,Terra,MODIS,70,61.03,290.3,9.1,N,1
19.4018,-155.2835,338.1,1,1,2025-01-25,0742,Terra,MODIS,100,61.03,300.7,42.1,N,1
19.4005,-155.2927,327.5,1,1,2025-01-25,0742,Terra,MODIS,100,61.03,292.6,27.1,N,1
19.4118,-155.2756,322.2,1,1,2025-01-25,0742,Terra,MODIS,100,61.03,297.3,21.4,N,1
36.1702,-87.0458,304.9,1,1,2025-01-25,0845,Aqua,MODIS,62,61.03,265.5,13.1,N,0
26.9745,-80.4346,301.4,1.4,1.2,2025-01-25,1453,Terra,MODIS,39,61.03,286.6,7.8,D,0
27.9872,-81.5656,307,1.7,1.3,2025-01-25,1453,Terra,MODIS,56,61.03,285.5,19.1,D,0
27.3054,-81.2556,305.5,1.6,1.3,2025-01-25,1453,Terra,MODIS,58,61.03,285.5,16.4,D,0
26.9865,-80.4473,340.4,1.4,1.2,2025-01-25,1453,Terra,MODIS,92,61.03,289.8,74.7,D,0
26.9761,-80.4487,352.6,1.4,1.2,2025-01-25,1453,Terra,MODIS,97,61.03,289.5,115.8,D,0
26.0065,-81.1649,300.8,1.5,1.2,2025-01-25,1454,Terra,MODIS,42,61.03,286.2,9.9,D,0
26.0022,-81.157,300.6,1.5,1.2,2025-01-25,1454,Terra,MODIS,39,61.03,286.5,8.8,D,0
31.7607,-95.7554,304.3,1.3,1.1,2025-01-25,1630,Terra,MODIS,58,61.03,285.9,10.1,D,0
33.2436,-89.8425,307.6,2.9,1.6,2025-01-25,1630,Terra,MODIS,66,61.03,280.3,52.8,D,0
32.8203,-91.4297,300.5,2.3,1.5,2025-01-25,1630,Terra,MODIS,37,61.03,281.8,21.6,D,0
32.6923,-95.2348,305.2,1.4,1.2,2025-01-25,1630,Terra,MODIS,61,61.03,282.3,13.2,D,0
30.062,-100.8153,329,1,1,2025-01-25,1631,Terra,MODIS,86,61.03,282.4,30.5,D,0
30.0606,-100.8051,315.9,1,1,2025-01-25,1631,Terra,MODIS,76,61.03,283,16.5,D,0
26.7437,-80.6276,332.5,1.1,1.1,2025-01-25,1944,Aqua,MODIS,82,61.03,291.7,37.1,D,0
26.0126,-81.1492,317.4,1.1,1,2025-01-25,1944,Aqua,MODIS,67,61.03,292.7,15.1,D,0
25.998,-81.1303,332.9,1.1,1,2025-01-25,1944,Aqua,MODIS,49,61.03,295.3,29.2,D,0
26.7064,-80.5689,308.6,1.2,1.1,2025-01-25,1944,Aqua,MODIS,53,61.03,289.4,8.5,D,0
26.4281,-81.6302,306.7,1,1,2025-01-25,1944,Aqua,MODIS,61,61.03,295.3,5.8,D,0
26.0627,-81.6061,316.5,1,1,2025-01-25,1944,Aqua,MODIS,76,61.03,295.9,12.6,D,0
26.0057,-81.1423,367.9,1.1,1,2025-01-25,1944,Aqua,MODIS,100,61.03,298.9,116.3,D,0
26.7451,-80.6164,321.5,1.1,1.1,2025-01-25,1944,Aqua,MODIS,80,61.03,291.7,21.3,D,0
26.0168,-81.1178,319.5,1.1,1,2025-01-25,1944,Aqua,MODIS,61,61.03,293.8,15.5,D,0
26.014,-81.1388,324.9,1.1,1,2025-01-25,1944,Aqua,MODIS,61,61.03,294.7,22.2,D,0
28.6845,-82.2486,303.2,1,1,2025-01-25,1944,Aqua,MODIS,55,61.03,290.4,4.9,D,0
28.4398,-81.6703,321.2,1.1,1,2025-01-25,1944,Aqua,MODIS,76,61.03,294.2,18.9,D,0
28.3637,-82.1741,304.4,1,1,2025-01-25,1944,Aqua,MODIS,51,61.03,292.9,4.7,D,0
28.3651,-82.1637,303.3,1,1,2025-01-25,1944,Aqua,MODIS,48,61.03,293.1,4.6,D,0
27.9915,-81.5736,320.2,1.1,1,2025-01-25,1944,Aqua,MODIS,79,61.03,297.7,16.8,D,0
27.9929,-81.5629,309.8,1.1,1,2025-01-25,1944,Aqua,MODIS,62,61.03,292.8,7.2,D,0
29.2189,-82.1114,303.2,1.1,1,2025-01-25,1945,Aqua,MODIS,55,61.03,292.2,3.9,D,0
29.369,-82.1661,317.1,1.1,1,2025-01-25,1945,Aqua,MODIS,77,61.03,292.8,14.6,D,0
29.309,-82.8735,308.3,1,1,2025-01-25,1945,Aqua,MODIS,67,61.03,289.4,9.4,D,0
29.9499,-81.8846,308.3,1.1,1,2025-01-25,1945,Aqua,MODIS,67,61.03,288.9,10.3,D,0
29.9485,-81.8956,338.5,1.1,1,2025-01-25,1945,Aqua,MODIS,91,61.03,292.3,47.8,D,0
30.0441,-83.0901,302.9,1,1,2025-01-25,1945,Aqua,MODIS,49,61.03,291.9,4.3,D,0
30.0427,-83.1003,304.2,1,1,2025-01-25,1945,Aqua,MODIS,49,61.03,293.5,5.2,D,0
30.2709,-84.2721,313.4,1,1,2025-01-25,1945,Aqua,MODIS,74,61.03,288.9,13.5,D,0
30.3522,-83.9209,302.2,1,1,2025-01-25,1945,Aqua,MODIS,51,61.03,289.1,5.4,D,0
30.3434,-84.0438,303.5,1,1,2025-01-25,1945,Aqua,MODIS,56,61.03,287,6.8,D,0
30.5291,-83.3866,301.1,1,1,2025-01-25,1945,Aqua,MODIS,45,61.03,288.8,4,D,0
31.0628,-83.3345,303.6,1,1,2025-01-25,1945,Aqua,MODIS,57,61.03,285.1,7.1,D,0
31.1578,-84.344,301.2,1,1,2025-01-25,1945,Aqua,MODIS,45,61.03,287.7,4.8,D,0
31.4048,-82.8563,307.4,1,1,2025-01-25,1945,Aqua,MODIS,65,61.03,286.5,10.2,D,0
31.3213,-84.673,312.1,1,1,2025-01-25,1945,Aqua,MODIS,72,61.03,287.2,12.7,D,0
31.3197,-84.6832,300.6,1,1,2025-01-25,1945,Aqua,MODIS,39,61.03,286,5.2,D,0
30.6479,-89.4778,303.3,1.6,1.3,2025-01-25,1945,Aqua,MODIS,55,61.03,288.2,12.3,D,0
30.9374,-88.0141,301.7,1.3,1.1,2025-01-25,1945,Aqua,MODIS,48,61.03,289.2,8.5,D,2
31.8798,-81.8967,317.5,1.1,1.1,2025-01-25,1945,Aqua,MODIS,78,61.03,282.5,21.8,D,0
31.967,-82.8535,301.1,1.1,1,2025-01-25,1945,Aqua,MODIS,45,61.03,287.6,5.9,D,0
31.8389,-83.9865,301.7,1,1,2025-01-25,1945,Aqua,MODIS,48,61.03,285,6,D,0
31.8681,-83.8436,305.3,1,1,2025-01-25,1945,Aqua,MODIS,61,61.03,286.9,7.7,D,0
31.9309,-83.5244,323.8,1,1,2025-01-25,1945,Aqua,MODIS,83,61.03,288.6,23.4,D,0
32.0981,-82.6926,351.5,1.1,1,2025-01-25,1945,Aqua,MODIS,96,61.03,290,73.7,D,0
32.0967,-82.7036,314.9,1.1,1,2025-01-25,1945,Aqua,MODIS,75,61.03,288,15.7,D,0
31.4785,-86.9127,306.9,1.1,1.1,2025-01-25,1945,Aqua,MODIS,64,61.03,285.9,10.8,D,0
31.4766,-86.9243,308.6,1.1,1.1,2025-01-25,1945,Aqua,MODIS,67,61.03,286.4,12.2,D,0
31.0928,-89.1551,301.3,1.5,1.2,2025-01-25,1945,Aqua,MODIS,46,61.03,288.4,10.1,D,0
32.2496,-82.6704,328.2,1.1,1,2025-01-25,1945,Aqua,MODIS,86,61.03,289.1,30.8,D,0
32.2481,-82.6815,326.8,1.1,1,2025-01-25,1945,Aqua,MODIS,85,61.03,289.1,28.8,D,0
31.4154,-88.1197,327.7,1.3,1.1,2025-01-25,1945,Aqua,MODIS,68,61.03,288.3,37.4,D,0
31.4171,-88.1119,324.1,1.3,1.1,2025-01-25,1945,Aqua,MODIS,83,61.03,287.7,32.7,D,0
31.4147,-88.125,312.7,1.3,1.1,2025-01-25,1945,Aqua,MODIS,57,61.03,287.9,17.5,D,0
31.8963,-85.6443,330.7,1,1,2025-01-25,1945,Aqua,MODIS,87,61.03,285.8,33,D,0
31.6839,-91.5847,305,2.1,1.4,2025-01-25,1946,Aqua,MODIS,57,61.03,291.1,17.9,D,0
31.6557,-88.2794,327.9,1.3,1.1,2025-01-25,1946,Aqua,MODIS,85,61.03,287.6,42,D,0
31.4867,-89.7854,311.5,1.6,1.3,2025-01-25,1946,Aqua,MODIS,71,61.03,286.9,23.3,D,0
31.4872,-89.7908,307.1,1.6,1.3,2025-01-25,1946,Aqua,MODIS,65,61.03,286.9,18.4,D,0
32.0062,-86.9759,309.9,1.1,1.1,2025-01-25,1946,Aqua,MODIS,69,61.03,285.6,13.3,D,0
32.0043,-86.9875,347.3,1.1,1.1,2025-01-25,1946,Aqua,MODIS,95,61.03,289.9,69.9,D,0
32.0972,-86.5974,307.5,1.1,1,2025-01-25,1946,Aqua,MODIS,65,61.03,286.8,10.2,D,0
32.0201,-87.3883,309.5,1.2,1.1,2025-01-25,1946,Aqua,MODIS,69,61.03,285.8,13.9,D,0
32.8751,-81.7956,302.9,1.2,1.1,2025-01-25,1946,Aqua,MODIS,54,61.03,286.1,8.4,D,0
31.1127,-92.602,331,2.6,1.5,2025-01-25,1946,Aqua,MODIS,78,61.03,286.4,113.1,D,0
31.1124,-92.5795,319,2.5,1.5,2025-01-25,1946,Aqua,MODIS,73,61.03,286.5,65.8,D,0
31.1068,-92.6049,313.9,2.6,1.5,2025-01-25,1946,Aqua,MODIS,60,61.03,286.3,48.6,D,0
31.1256,-92.5834,328.6,2.5,1.5,2025-01-25,1946,Aqua,MODIS,86,61.03,285.6,104,D,0
31.1201,-92.6087,320.1,2.6,1.5,2025-01-25,1946,Aqua,MODIS,71,61.03,284.3,68,D,0
33.0335,-81.1508,333.6,1.3,1.1,2025-01-25,1946,Aqua,MODIS,89,61.03,286.8,50.4,D,0
33.032,-81.1641,322.9,1.3,1.1,2025-01-25,1946,Aqua,MODIS,82,61.03,286.2,31.5,D,0
32.8694,-82.7818,304.6,1.1,1,2025-01-25,1946,Aqua,MODIS,59,61.03,284,8.7,D,0
31.8853,-89.5281,300.8,1.5,1.2,2025-01-25,1946,Aqua,MODIS,42,61.03,287.3,9.8,D,0
32.1707,-88.2365,307,1.3,1.1,2025-01-25,1946,Aqua,MODIS,65,61.03,286.4,13.6,D,0
32.7772,-84.7113,309.8,1,1,2025-01-25,1946,Aqua,MODIS,69,61.03,285.4,11.5,D,0
33.1358,-82.4997,303.5,1.1,1.1,2025-01-25,1946,Aqua,MODIS,56,61.03,285.5,7.8,D,0
33.1821,-82.6318,302.7,1.1,1,2025-01-25,1946,Aqua,MODIS,53,61.03,283.4,7.9,D,0
33.1807,-82.6433,326.9,1.1,1,2025-01-25,1946,Aqua,MODIS,85,61.03,285.4,31.2,D,0
31.6901,-91.5685,301,2.1,1.4,2025-01-25,1946,Aqua,MODIS,41,61.03,290.2,11.9,D,0
31.6857,-91.5897,302.1,2.1,1.4,2025-01-25,1946,Aqua,MODIS,44,61.03,290.9,13,D,0
32.6839,-86.413,300.4,1.1,1,2025-01-25,1946,Aqua,MODIS,36,61.03,285.9,5.8,D,0
32.5598,-87.7824,301.2,1.2,1.1,2025-01-25,1946,Aqua,MODIS,42,61.03,286.8,7,D,0
32.707,-87.7791,315.5,1.2,1.1,2025-01-25,1946,Aqua,MODIS,71,61.03,286.9,20.1,D,0
32.7049,-87.7914,308.7,1.2,1.1,2025-01-25,1946,Aqua,MODIS,64,61.03,285.2,13.5,D,0
32.7298,-87.9916,326.6,1.2,1.1,2025-01-25,1946,Aqua,MODIS,84,61.03,287.6,35.1,D,0
32.6869,-89.0516,301,1.4,1.2,2025-01-25,1946,Aqua,MODIS,43,61.03,286.1,9.6,D,0
32.145,-91.8217,316,2.1,1.4,2025-01-25,1946,Aqua,MODIS,72,61.03,286.1,44.5,D,0
32.1405,-91.8433,308.1,2.1,1.4,2025-01-25,1946,Aqua,MODIS,66,61.03,286.1,27.1,D,0
32.8703,-88.8402,304,1.3,1.1,2025-01-25,1946,Aqua,MODIS,58,61.03,285.6,10.7,D,0
32.869,-88.8465,302.5,1.3,1.1,2025-01-25,1946,Aqua,MODIS,53,61.03,285.9,9.3,D,0
33.4444,-85.8813,305.8,1,1,2025-01-25,1946,Aqua,MODIS,62,61.03,284.2,9,D,0
32.4319,-91.6479,306.9,2.1,1.4,2025-01-25,1946,Aqua,MODIS,51,61.03,287.3,21.2,D,0
32.4107,-91.7528,318.2,2.1,1.4,2025-01-25,1946,Aqua,MODIS,78,61.03,285,47,D,0
32.4009,-91.7547,308.4,2.1,1.4,2025-01-25,1946,Aqua,MODIS,67,61.03,286.2,24.8,D,0
32.4348,-91.6536,307,2.1,1.4,2025-01-25,1946,Aqua,MODIS,65,61.03,286.7,22.8,D,0
32.413,-91.7583,306,2.1,1.4,2025-01-25,1946,Aqua,MODIS,54,61.03,284.9,19.7,D,0
33.7253,-85.9908,306.2,1,1,2025-01-25,1946,Aqua,MODIS,63,61.03,284.3,9.6,D,0
33.1798,-89.4145,318.9,1.4,1.2,2025-01-25,1946,Aqua,MODIS,79,61.03,286.6,31.2,D,0
34.4743,-81.283,320.2,1.3,1.1,2025-01-25,1946,Aqua,MODIS,80,61.03,284.8,30.2,D,0
33.4357,-88.5716,300.4,1.3,1.1,2025-01-25,1946,Aqua,MODIS,36,61.03,288.3,6.4,D,2
33.2252,-89.8447,315.7,1.5,1.2,2025-01-25,1946,Aqua,MODIS,76,61.03,287,27.2,D,0
33.2076,-89.9385,331.8,1.5,1.2,2025-01-25,1946,Aqua,MODIS,88,61.03,287.2,60.4,D,0
33.2046,-89.9543,302.2,1.5,1.2,2025-01-25,1946,Aqua,MODIS,43,61.03,286.2,10.6,D,0
33.2356,-89.8475,338.8,1.5,1.2,2025-01-25,1946,Aqua,MODIS,91,61.03,288.8,76,D,0
33.2181,-89.9414,305.8,1.5,1.2,2025-01-25,1946,Aqua,MODIS,62,61.03,285.8,14.8,D,0
33.2398,-89.8554,309.3,1.5,1.2,2025-01-25,1946,Aqua,MODIS,68,61.03,287.1,18.4,D,0
33.4144,-89.0392,323.3,1.3,1.1,2025-01-25,1946,Aqua,MODIS,82,61.03,286.5,34.5,D,0
33.4243,-89.0418,311.7,1.3,1.1,2025-01-25,1946,Aqua,MODIS,69,61.03,285.7,17.7,D,0
33.0994,-91.5811,301.2,2,1.4,2025-01-25,1946,Aqua,MODIS,43,61.03,286.9,12.8,D,0
34.0914,-86.489,318.2,1,1,2025-01-25,1946,Aqua,MODIS,74,61.03,272.7,20.3,D,0
33.6525,-89.1577,302.7,1.4,1.2,2025-01-25,1946,Aqua,MODIS,53,61.03,285.7,9.9,D,0
35.1202,-79.2572,307,1.8,1.3,2025-01-25,1946,Aqua,MODIS,65,61.03,283.1,21.9,D,0
34.6364,-87.0845,302.1,1.1,1,2025-01-25,1946,Aqua,MODIS,47,61.03,281.1,7.5,D,2
33.8451,-91.8778,302.5,2,1.4,2025-01-25,1946,Aqua,MODIS,52,61.03,286.6,17.2,D,0
34.7302,-89.2129,303.4,1.3,1.1,2025-01-25,1946,Aqua,MODIS,56,61.03,282.3,11.2,D,0
36.6212,-87.6804,309.7,1.1,1,2025-01-25,1947,Aqua,MODIS,69,61.03,281.1,12.6,D,0
19.4075,-155.2729,344,1.3,1.1,2025-01-25,1951,Terra,MODIS,91,61.03,285.8,64.3,D,1
19.3991,-155.2861,425.7,1.3,1.1,2025-01-25,1951,Terra,MODIS,94,61.03,297.4,634.2,D,1
19.3891,-155.2875,327.4,1.3,1.1,2025-01-25,1951,Terra,MODIS,62,61.03,293.9,26,D,1
19.3976,-155.2741,347.5,1.3,1.1,2025-01-25,1951,Terra,MODIS,94,61.03,287,72.9,D,1
19.409,-155.2849,411.8,1.3,1.1,2025-01-25,1951,Terra,MODIS,100,61.03,297.5,472.7,D,1
19.4189,-155.2832,325.5,1.3,1.1,2025-01-25,1951,Terra,MODIS,72,61.03,283.6,29.5,D,1
19.4105,-155.2965,363.6,1.3,1.1,2025-01-25,1951,Terra,MODIS,94,61.03,289.8,134.6,D,1
19.4204,-155.2949,317.3,1.3,1.1,2025-01-25,1951,Terra,MODIS,50,61.03,284.5,19.7,D,1
22.121,-159.3078,324,1.3,1.1,2025-01-26,0039,Aqua,MODIS,58,61.03,298.1,25.4,D,0
19.4129,-155.2948,322.1,4.1,1.9,2025-01-26,0822,Terra,MODIS,100,61.03,286.1,169.4,N,1
19.4063,-155.2883,328.3,4.1,1.9,2025-01-26,0822,Terra,MODIS,100,61.03,286.9,222.8,N,1
19.4125,-155.2743,353.1,1.3,1.1,2025-01-26,1247,Aqua,MODIS,100,61.03,296,110.5,N,1
19.4041,-155.288,337.5,1.3,1.1,2025-01-26,1247,Aqua,MODIS,100,61.03,289.8,64.5,N,1
19.4024,-155.2757,334.8,1.3,1.1,2025-01-26,1247,Aqua,MODIS,100,61.03,292.7,57.9,N,1
19.4141,-155.2864,328,1.3,1.1,2025-01-26,1247,Aqua,MODIS,100,61.03,289.4,44.2,N,1
28.8946,-81.3268,303,1.4,1.2,2025-01-26,1532,Terra,MODIS,50,61.03,288.1,8.5,D,0
28.6173,-81.923,303.9,1.3,1.1,2025-01-26,1532,Terra,MODIS,57,61.03,288.5,9.2,D,0
31.8378,-83.979,313.8,1,1,2025-01-26,1532,Terra,MODIS,74,61.03,282.4,15.5,D,0
30.4678,-82.6927,300.2,1.1,1.1,2025-01-26,1532,Terra,MODIS,30,61.03,286.8,6.5,D,0
28.6925,-82.2405,301,1.3,1.1,2025-01-26,1532,Terra,MODIS,43,61.03,287.3,7.1,D,0
26.4883,-80.872,340.1,1.7,1.3,2025-01-26,1533,Terra,MODIS,92,61.03,288.7,91.7,D,0
27.6238,-80.7932,302.4,1.6,1.3,2025-01-26,1533,Terra,MODIS,52,61.03,291.6,8.9,D,0
26.6494,-80.7375,305.4,1.7,1.3,2025-01-26,1533,Terra,MODIS,61,61.03,282.2,14.9,D,0
26.6463,-80.7208,317.3,1.7,1.3,2025-01-26,1533,Terra,MODIS,77,61.03,283.9,34.6,D,0
26.6892,-81.0166,325,1.6,1.3,2025-01-26,1533,Terra,MODIS,83,61.03,279,50.6,D,0
26.6862,-81.0007,310.1,1.6,1.3,2025-01-26,1533,Terra,MODIS,70,61.03,278.6,23,D,0
26.4853,-80.8555,318.5,1.7,1.3,2025-01-26,1533,Terra,MODIS,74,61.03,288.2,32.6,D,0
26.4772,-80.8745,323.4,1.7,1.3,2025-01-26,1533,Terra,MODIS,82,61.03,286.8,44.7,D,0
26.4741,-80.858,311.5,1.7,1.3,2025-01-26,1533,Terra,MODIS,71,61.03,287.9,21.8,D,0
26.4266,-81.0434,303,1.7,1.3,2025-01-26,1533,Terra,MODIS,54,61.03,288.3,9.3,D,0
33.4215,-110.8692,305.5,1.1,1,2025-01-26,1710,Terra,MODIS,61,61.03,287.3,6.8,D,2
33.4201,-110.8582,310.2,1.1,1,2025-01-26,1710,Terra,MODIS,70,61.03,288.3,10.2,D,2
32.6453,-101.2174,305.4,1.9,1.4,2025-01-26,2026,Aqua,MODIS,58,61.03,289.9,13,D,0
34.6758,-98.5441,300.7,1.2,1.1,2025-01-26,2026,Aqua,MODIS,40,61.03,278.4,7.2,D,0
40.1967,-97.2207,308.3,1,1,2025-01-26,2027,Aqua,MODIS,63,61.03,272.9,12.9,D,0
19.4076,-155.2609,310.8,2.2,1.4,2025-01-26,2031,Terra,MODIS,29,61.03,292.8,27,D,1
37.6397,-121.0461,301.4,1,1,2025-01-26,2205,Aqua,MODIS,47,61.03,286.9,4.6,D,0
38.1072,-121.3339,301.9,1,1,2025-01-26,2205,Aqua,MODIS,50,61.03,287.3,5.2,D,0
37.638,-121.0571,311.6,1,1,2025-01-26,2205,Aqua,MODIS,71,61.03,286.4,11.4,D,0
38.9744,-121.6105,306,1,1,2025-01-26,2206,Aqua,MODIS,63,61.03,287.6,8,D,0
38.9761,-121.5993,310.7,1,1,2025-01-26,2206,Aqua,MODIS,61,61.03,287,11.1,D,0
26.6513,-80.7467,314,3.2,1.7,2025-01-27,1435,Terra,MODIS,60,61.03,292.2,61,D,0
26.6504,-80.7396,311.5,3.2,1.7,2025-01-27,1435,Terra,MODIS,49,61.03,292.2,46.6,D,0
41.7464,-91.6769,311.9,1,1,2025-01-27,1609,Terra,MODIS,72,61.03,272,15.9,D,0
35.565,-91.2542,301.4,1.1,1.1,2025-01-27,1610,Terra,MODIS,46,61.03,279.9,8.6,D,0
35.5719,-91.2587,310.3,1.1,1.1,2025-01-27,1610,Terra,MODIS,68,61.03,280.6,14,D,0
35.567,-91.2663,311.5,1.1,1.1,2025-01-27,1610,Terra,MODIS,71,61.03,279.6,16.3,D,0
32.6892,-97.7734,307.1,1.2,1.1,2025-01-27,1611,Terra,MODIS,65,61.03,275.4,12.4,D,0
32.4849,-98.0108,302.1,1.2,1.1,2025-01-27,1612,Terra,MODIS,51,61.03,271.3,11.1,D,0
45.3808,-122.3089,304.3,1.7,1.3,2025-01-27,1747,Terra,MODIS,59,61.03,275.8,22.2,D,0
42.2311,-120.0542,301.8,1.2,1.1,2025-01-27,1747,Terra,MODIS,49,61.03,270.7,12,D,0
40.0248,-123.2884,305.5,1.6,1.3,2025-01-27,1748,Terra,MODIS,61,61.03,279.4,19.2,D,0
36.7725,-119.5312,303.2,1,1,2025-01-27,1749,Terra,MODIS,55,61.03,280.9,8.2,D,0
36.0534,-118.9279,316.7,1,1,2025-01-27,1749,Terra,MODIS,73,61.03,281.8,17.7,D,0
37.4399,-119.8462,317.1,1.1,1,2025-01-27,1749,Terra,MODIS,77,61.03,278.2,20.6,D,0
37.4414,-119.8581,301.1,1.1,1,2025-01-27,1749,Terra,MODIS,44,61.03,278.4,8.6,D,0
33.5118,-116.1898,300.3,1.2,1.1,2025-01-27,1750,Terra,MODIS,33,61.03,288.4,4.6,D,0
33.5097,-116.1774,300,1.2,1.1,2025-01-27,1750,Terra,MODIS,16,61.03,288.4,4.5,D,0
27.8615,-80.5316,319.4,1.1,1,2025-01-27,1925,Aqua,MODIS,72,61.03,296.2,15.8,D,0
26.4686,-81.4283,321.2,1.3,1.1,2025-01-27,1925,Aqua,MODIS,78,61.03,296.5,20.5,D,0
26.7522,-81.7048,313.6,1.3,1.1,2025-01-27,1925,Aqua,MODIS,68,61.03,297.8,12.3,D,0
27.3712,-80.5775,309.8,1.1,1.1,2025-01-27,1925,Aqua,MODIS,56,61.03,291.5,6.6,D,0
27.3317,-80.9769,326.1,1.2,1.1,2025-01-27,1925,Aqua,MODIS,82,61.03,298.3,24.7,D,0
27.4145,-81.8148,316.3,1.3,1.1,2025-01-27,1925,Aqua,MODIS,72,61.03,297.1,15.5,D,0
27.5733,-81.3676,308,1.2,1.1,2025-01-27,1925,Aqua,MODIS,48,61.03,296.8,5.5,D,0
27.531,-81.9104,311.5,1.3,1.1,2025-01-27,1925,Aqua,MODIS,63,61.03,297.4,9.4,D,0
27.5289,-81.9229,315.7,1.3,1.1,2025-01-27,1925,Aqua,MODIS,72,61.03,297.5,14.7,D,0
27.7548,-80.6658,313,1.1,1.1,2025-01-27,1925,Aqua,MODIS,59,61.03,295.7,11.9,D,0
27.8633,-80.5208,317,1.1,1,2025-01-27,1925,Aqua,MODIS,57,61.03,295.8,13.1,D,0
27.8679,-80.5383,327.3,1.1,1,2025-01-27,1925,Aqua,MODIS,78,61.03,296.9,25.1,D,0
27.8788,-80.5295,314,1.1,1,2025-01-27,1925,Aqua,MODIS,66,61.03,296,11,D,0
27.877,-80.5402,308,1.1,1,2025-01-27,1925,Aqua,MODIS,27,61.03,296,6.2,D,0
27.9688,-81.5754,317.9,1.2,1.1,2025-01-27,1925,Aqua,MODIS,57,61.03,300.1,14.2,D,0
28.0467,-81.55,309.7,1.2,1.1,2025-01-27,1925,Aqua,MODIS,40,61.03,293.7,6.7,D,0
28.1459,-81.2753,314.7,1.2,1.1,2025-01-27,1925,Aqua,MODIS,62,61.03,297,12.9,D,0
28.144,-81.2868,309.8,1.2,1.1,2025-01-27,1925,Aqua,MODIS,64,61.03,296.2,7.9,D,0
28.6281,-81.7196,307.4,1.2,1.1,2025-01-27,1925,Aqua,MODIS,35,61.03,293.6,6.6,D,0
28.6123,-81.9286,306.9,1.2,1.1,2025-01-27,1925,Aqua,MODIS,63,61.03,293.7,6.7,D,0
28.6693,-82.0241,309.3,1.2,1.1,2025-01-27,1925,Aqua,MODIS,64,61.03,294.2,8.1,D,2
29.1441,-81.3588,305.7,1.1,1.1,2025-01-27,1925,Aqua,MODIS,57,61.03,292.8,5.3,D,0
28.987,-82.3939,302.1,1.3,1.1,2025-01-27,1925,Aqua,MODIS,46,61.03,290.3,4.9,D,0
29.377,-81.3634,310.6,1.1,1.1,2025-01-27,1925,Aqua,MODIS,70,61.03,287.7,12.2,D,0
29.3751,-81.3747,307.8,1.1,1.1,2025-01-27,1925,Aqua,MODIS,66,61.03,285.9,9.9,D,0
29.4799,-82.941,326.1,1.4,1.2,2025-01-27,1925,Aqua,MODIS,84,61.03,287.5,36.7,D,0
29.4776,-82.9545,356.6,1.4,1.2,2025-01-27,1925,Aqua,MODIS,98,61.03,288.3,121.2,D,0
29.49,-82.9434,300.7,1.4,1.2,2025-01-27,1925,Aqua,MODIS,30,61.03,285.7,4.9,D,0
29.4876,-82.9569,302.5,1.4,1.2,2025-01-27,1925,Aqua,MODIS,45,61.03,286.2,6.6,D,0
29.6344,-83.0603,302.9,1.4,1.2,2025-01-27,1925,Aqua,MODIS,54,61.03,278.8,7.7,D,0
36.6,-87.6172,303.6,1.9,1.3,2025-01-27,1928,Aqua,MODIS,30,61.03,281.7,17.7,D,0
38.0636,-93.9852,307.9,4.2,1.9,2025-01-27,1928,Aqua,MODIS,66,61.03,281.9,84,D,0
38.0586,-93.9754,305.4,4.2,1.9,2025-01-27,1928,Aqua,MODIS,61,61.03,282.2,71.8,D,0
37.2643,-84.1666,302.3,1.2,1.1,2025-01-27,1928,Aqua,MODIS,52,61.03,281.1,9.8,D,0
36.604,-87.5976,320.7,1.9,1.3,2025-01-27,1928,Aqua,MODIS,80,61.03,281.4,50.1,D,0
41.5023,-89.8446,314.7,1.9,1.3,2025-01-27,1929,Aqua,MODIS,75,61.03,280.9,39.6,D,0
41.4977,-89.8661,314.1,1.9,1.3,2025-01-27,1929,Aqua,MODIS,74,61.03,281.5,38.6,D,0
41.6306,-87.1385,301.5,1.3,1.1,2025-01-27,1929,Aqua,MODIS,36,61.03,278.7,12,D,2
40.584,-95.5672,302.5,4.3,1.9,2025-01-27,1929,Aqua,MODIS,53,61.03,283.5,50.8,D,0
40.5971,-95.5204,309.2,4.3,1.9,2025-01-27,1929,Aqua,MODIS,68,61.03,283,84.9,D,0
40.5932,-95.5153,302.6,4.3,1.9,2025-01-27,1929,Aqua,MODIS,53,61.03,282.9,52.9,D,0
33.8473,-100.0905,305.4,1.4,1.2,2025-01-27,2105,Aqua,MODIS,61,61.03,287.7,11.1,D,0
33.8652,-98.7911,305.3,1.7,1.3,2025-01-27,2105,Aqua,MODIS,61,61.03,289.5,12.8,D,0
33.8424,-100.084,301.8,1.4,1.2,2025-01-27,2105,Aqua,MODIS,49,61.03,288.1,7.8,D,0
33.8406,-100.0994,300.1,1.4,1.2,2025-01-27,2105,Aqua,MODIS,26,61.03,286.6,5.9,D,0
34.8224,-95.3801,302.1,3,1.7,2025-01-27,2105,Aqua,MODIS,51,61.03,285.1,30.1,D,0
36.304,-94.5091,307.6,3.6,1.8,2025-01-27,2105,Aqua,MODIS,66,61.03,282.6,59.1,D,0
36.3131,-94.5143,308.4,3.6,1.8,2025-01-27,2105,Aqua,MODIS,67,61.03,282.7,66.1,D,0
36.7803,-96.9317,300.3,2.5,1.5,2025-01-27,2106,Aqua,MODIS,30,61.03,279.8,20.6,D,0
42.5693,-103.4821,317.6,1.2,1.1,2025-01-27,2107,Aqua,MODIS,61,61.03,275.9,25,D,0
42.579,-103.4839,318.9,1.2,1.1,2025-01-27,2107,Aqua,MODIS,74,61.03,276.4,27.1,D,0
45.1467,-109.3516,310.6,1,1,2025-01-27,2108,Aqua,MODIS,70,61.03,273.7,15.4,D,0
36.8302,-120.3106,304.4,3.1,1.7,2025-01-27,2244,Aqua,MODIS,59,61.03,288.2,32.2,D,0
40.0216,-123.3003,309.3,2.1,1.4,2025-01-27,2245,Aqua,MODIS,68,61.03,286.5,28.5,D,0
40.0259,-123.2805,306.3,2.2,1.4,2025-01-27,2245,Aqua,MODIS,63,61.03,289,23.9,D,0
40.0237,-123.3087,301.3,2.1,1.4,2025-01-27,2245,Aqua,MODIS,46,61.03,285.7,15.2,D,0
40.288,-123.058,311.9,2.2,1.5,2025-01-27,2245,Aqua,MODIS,42,61.03,283.7,36.8,D,0
40.2861,-123.0828,316,2.2,1.4,2025-01-27,2245,Aqua,MODIS,66,61.03,285.7,47.8,D,0
40.3693,-122.8205,301.7,2.3,1.5,2025-01-27,2245,Aqua,MODIS,48,61.03,289.8,16.6,D,0
39.8556,-122.0393,313.8,2.6,1.5,2025-01-27,2245,Aqua,MODIS,74,61.03,290.5,48.9,D,0
39.8576,-122.0099,310.7,2.6,1.5,2025-01-27,2245,Aqua,MODIS,70,61.03,290.6,39.8,D,0
39.6132,-95.8797,316.1,1.3,1.1,2025-01-28,0313,Terra,MODIS,93,61.03,271.1,28.9,N,0
44.1818,-103.6874,301.7,2.7,1.6,2025-01-28,0314,Terra,MODIS,43,61.03,267.8,42.2,N,0
39.8565,-122.0269,319.8,1.5,1.2,2025-01-28,0452,Terra,MODIS,99,61.03,276.6,38.9,N,0
39.8669,-122.0303,307.5,1.5,1.2,2025-01-28,0452,Terra,MODIS,72,61.03,275.9,22.5,N,0
19.3916,-155.2681,316.5,1.8,1.3,2025-01-28,0803,Terra,MODIS,89,61.03,278.2,36.5,N,1
19.3897,-155.2844,323.9,1.8,1.3,2025-01-28,0803,Terra,MODIS,98,61.03,281.6,53.4,N,1
19.3892,-155.2733,318.3,1.8,1.3,2025-01-28,0803,Terra,MODIS,90,61.03,280.6,39.6,N,1
19.4006,-155.2748,315.8,1.8,1.3,2025-01-28,0803,Terra,MODIS,16,61.03,276.1,31.6,N,1
19.4146,-155.2635,339.5,3.1,1.7,2025-01-28,1228,Aqua,MODIS,100,61.03,285.3,237.9,N,1
19.4169,-155.2843,352.9,3.1,1.7,2025-01-28,1228,Aqua,MODIS,100,61.03,284.5,376.6,N,1
19.4315,-155.2817,305.1,3.1,1.7,2025-01-28,1228,Aqua,MODIS,7,61.03,279.6,50,N,1
19.4028,-155.2934,331.8,3.1,1.7,2025-01-28,1228,Aqua,MODIS,100,61.03,280.1,182.2,N,1
19.3999,-155.2649,316.6,3.1,1.7,2025-01-28,1228,Aqua,MODIS,73,61.03,282,93.3,N,1
19.4141,-155.2556,327.1,3.1,1.7,2025-01-28,1228,Aqua,MODIS,73,61.03,283.5,142.9,N,1
19.4175,-155.2913,346,3.1,1.7,2025-01-28,1228,Aqua,MODIS,100,61.03,281.5,303,N,1
35.091,-80.4841,308.5,1,1,2025-01-28,1512,Terra,MODIS,67,61.03,281.5,11.9,D,0
36.1161,-78.3392,303.1,1,1,2025-01-28,1512,Terra,MODIS,55,61.03,280.5,8.5,D,0
30.4506,-83.894,310.3,1.2,1.1,2025-01-28,1513,Terra,MODIS,70,61.03,285.3,15.6,D,0
30.3524,-83.8395,300.7,1.2,1.1,2025-01-28,1513,Terra,MODIS,41,61.03,285.6,7.3,D,0
29.723,-81.9433,316.7,1,1,2025-01-28,1513,Terra,MODIS,77,61.03,289.1,16,D,0
29.7216,-81.9329,300.7,1,1,2025-01-28,1513,Terra,MODIS,40,61.03,288.3,4.4,D,0
26.6835,-80.5154,357.1,1,1,2025-01-28,1514,Terra,MODIS,93,61.03,284.1,82.7,D,0
29.5764,-82.5734,304.6,1.1,1,2025-01-28,1514,Terra,MODIS,59,61.03,290.4,6,D,0
29.487,-82.9449,302.8,1.1,1,2025-01-28,1514,Terra,MODIS,54,61.03,285.2,6.1,D,0
28.675,-82.0248,313.6,1,1,2025-01-28,1514,Terra,MODIS,74,61.03,292.1,10.8,D,2
28.6332,-81.7213,327.9,1,1,2025-01-28,1514,Terra,MODIS,85,61.03,292,25.4,D,0
28.6319,-81.7112,334.1,1,1,2025-01-28,1514,Terra,MODIS,89,61.03,291.4,33.5,D,0
28.1541,-81.2752,319.7,1,1,2025-01-28,1514,Terra,MODIS,75,61.03,291.3,15.5,D,0
28.1453,-81.2767,317.1,1,1,2025-01-28,1514,Terra,MODIS,73,61.03,290.6,13,D,0
28.1139,-81.0587,323.6,1,1,2025-01-28,1514,Terra,MODIS,82,61.03,291.8,20.2,D,0
28.1124,-81.0488,314.8,1,1,2025-01-28,1514,Terra,MODIS,75,61.03,291.3,12.1,D,0
28.0668,-81.185,301.5,1,1,2025-01-28,1514,Terra,MODIS,40,61.03,290.2,2.9,D,0
28.0654,-81.1751,324.1,1,1,2025-01-28,1514,Terra,MODIS,83,61.03,292,20.7,D,0
28.0451,-81.5512,303.3,1,1,2025-01-28,1514,Terra,MODIS,55,61.03,292.4,4.1,D,0
28.0436,-81.5413,304.3,1,1,2025-01-28,1514,Terra,MODIS,58,61.03,292.6,4.7,D,0
27.9245,-81.8638,303.8,1,1,2025-01-28,1514,Terra,MODIS,38,61.03,292.2,3.9,D,0
27.5164,-80.3914,311.8,1,1,2025-01-28,1514,Terra,MODIS,72,61.03,291.7,9.9,D,0
27.6569,-81.9289,307.1,1,1,2025-01-28,1514,Terra,MODIS,58,61.03,272,10,D,0
27.5334,-81.9118,305.5,1,1,2025-01-28,1514,Terra,MODIS,52,61.03,283.1,6.6,D,0
27.5246,-81.9133,306.5,1,1,2025-01-28,1514,Terra,MODIS,48,61.03,285.3,7.2,D,0
27.2501,-82.3874,300.7,1,1,2025-01-28,1514,Terra,MODIS,40,61.03,284.8,3,D,0
26.7578,-80.5163,365.6,1,1,2025-01-28,1514,Terra,MODIS,100,61.03,280.7,107,D,0
26.7563,-80.5063,349.9,1,1,2025-01-28,1514,Terra,MODIS,96,61.03,282.5,65.3,D,0
27.0145,-82.3536,309.2,1,1,2025-01-28,1514,Terra,MODIS,68,61.03,291.6,7.4,D,0
26.685,-80.5254,324.4,1,1,2025-01-28,1514,Terra,MODIS,83,61.03,282.8,24.1,D,0
26.5689,-81.1084,303.9,1,1,2025-01-28,1514,Terra,MODIS,57,61.03,293.2,3.8,D,0
26.4341,-81.6364,327.9,1,1,2025-01-28,1514,Terra,MODIS,85,61.03,294.8,24.7,D,0
46.3956,-92.4492,308.9,1.9,1.3,2025-01-28,1647,Terra,MODIS,68,61.03,272.8,34.7,D,0
46.3895,-92.4577,313.8,1.9,1.3,2025-01-28,1647,Terra,MODIS,74,61.03,272.9,41.7,D,0
38.7789,-94.8924,323.9,2.2,1.4,2025-01-28,1649,Terra,MODIS,83,61.03,277.9,79,D,0
38.4786,-97.6579,321.7,1.5,1.2,2025-01-28,1649,Terra,MODIS,77,61.03,278.5,41,D,0
38.4754,-97.6655,307.7,1.5,1.2,2025-01-28,1649,Terra,MODIS,62,61.03,278.4,20.9,D,0
38.7783,-94.8981,325.1,2.2,1.4,2025-01-28,1649,Terra,MODIS,84,61.03,278.2,79.3,D,0
44.5249,-120.0334,302.7,1.5,1.2,2025-01-28,1826,Terra,MODIS,53,61.03,272.2,17.1,D,0
43.1944,-121.2215,301.5,1.4,1.2,2025-01-28,1827,Terra,MODIS,47,61.03,270.2,14.9,D,0
43.1913,-121.2051,327.1,1.4,1.2,2025-01-28,1827,Terra,MODIS,85,61.03,271.2,49.1,D,0
43.1943,-121.2098,327.8,1.4,1.2,2025-01-28,1827,Terra,MODIS,85,61.03,271.2,50.1,D,0
43.1638,-123.8068,305.7,1.1,1,2025-01-28,1827,Terra,MODIS,62,61.03,283.5,11.4,D,0
37.8095,-120.8033,300.4,1.9,1.4,2025-01-28,1828,Terra,MODIS,36,61.03,283.5,14.8,D,0
39.7954,-122.1386,312,1.5,1.2,2025-01-28,1828,Terra,MODIS,72,61.03,283.5,22.5,D,0
40.0268,-123.2862,317.6,1.3,1.1,2025-01-28,1828,Terra,MODIS,78,61.03,280.8,25.8,D,0
40.0295,-123.3016,311.2,1.3,1.1,2025-01-28,1828,Terra,MODIS,71,61.03,281.3,18.3,D,0
26.0173,-81.1622,321.6,2.1,1.4,2025-01-28,2004,Aqua,MODIS,60,61.03,296.5,42.6,D,0
26.4408,-80.5468,322.5,2.4,1.5,2025-01-28,2004,Aqua,MODIS,80,61.03,283.6,68.4,D,0
27.298,-82.3564,310.5,1.8,1.3,2025-01-28,2004,Aqua,MODIS,39,61.03,294.2,16,D,0
27.4644,-81.6281,324.2,2.1,1.4,2025-01-28,2004,Aqua,MODIS,77,61.03,292.9,57.1,D,0
29.0733,-81.5289,321.4,2.2,1.4,2025-01-28,2004,Aqua,MODIS,70,61.03,290.5,56.9,D,0
29.0712,-81.5509,322.6,2.2,1.4,2025-01-28,2004,Aqua,MODIS,75,61.03,290.9,60.4,D,0
29.0839,-81.5525,377.6,2.2,1.4,2025-01-28,2004,Aqua,MODIS,100,61.03,296.6,443.8,D,0
29.086,-81.5304,368.4,2.2,1.4,2025-01-28,2004,Aqua,MODIS,87,61.03,293.4,340,D,0
29.0987,-81.5319,375.6,2.2,1.4,2025-01-28,2004,Aqua,MODIS,75,61.03,292.8,418.4,D,0
29.0966,-81.554,368,2.2,1.4,2025-01-28,2004,Aqua,MODIS,100,61.03,294.8,335.9,D,0
26.0194,-81.1414,338.5,2.1,1.4,2025-01-28,2004,Aqua,MODIS,90,61.03,295.6,108.3,D,0
30.0152,-82.0215,361.5,2.1,1.4,2025-01-28,2005,Aqua,MODIS,100,61.03,278.4,268,D,0
32.5346,-81.9806,301.1,2.3,1.5,2025-01-28,2005,Aqua,MODIS,44,61.03,279.3,18.6,D,0
30.0296,-82.0016,316.7,2.1,1.4,2025-01-28,2005,Aqua,MODIS,32,61.03,274.3,42.3,D,0
29.5026,-82.0679,308.4,2.1,1.4,2025-01-28,2005,Aqua,MODIS,63,61.03,286.8,24.2,D,0
29.9455,-81.6461,300.4,2.2,1.4,2025-01-28,2005,Aqua,MODIS,33,61.03,275.6,17.4,D,0
30.0276,-82.023,362.8,2.1,1.4,2025-01-28,2005,Aqua,MODIS,100,61.03,278.7,279.2,D,0
33.4694,-81.4365,310.3,2.6,1.5,2025-01-28,2006,Aqua,MODIS,70,61.03,288.3,39.5,D,0
33.1626,-89.0821,302.1,1,1,2025-01-28,2006,Aqua,MODIS,51,61.03,271.5,7.5,D,0
34.6781,-92.273,307.6,1.1,1,2025-01-28,2006,Aqua,MODIS,66,61.03,284.7,10.2,D,2
35.0279,-91.48,301.2,1,1,2025-01-28,2006,Aqua,MODIS,0,61.03,286.1,5.5,D,0
35.1425,-91.8725,313.2,1,1,2025-01-28,2006,Aqua,MODIS,73,61.03,289,12.6,D,0
35.1407,-91.8836,304.6,1,1,2025-01-28,2006,Aqua,MODIS,59,61.03,289.4,6.3,D,0
37.9939,-94.5325,319.3,1.2,1.1,2025-01-28,2007,Aqua,MODIS,79,61.03,288.4,22.6,D,0
37.9965,-94.5386,328.6,1.2,1.1,2025-01-28,2007,Aqua,MODIS,86,61.03,288.5,34.8,D,0
34.9708,-94.0512,304.4,1.3,1.1,2025-01-28,2007,Aqua,MODIS,59,61.03,284.3,11,D,0
34.9683,-94.0648,305.2,1.3,1.1,2025-01-28,2007,Aqua,MODIS,61,61.03,284,11.6,D,0
34.5116,-96.48,315.6,1.8,1.3,2025-01-28,2007,Aqua,MODIS,72,61.03,271.8,36.9,D,0
35.6464,-89.9355,301.8,1,1,2025-01-28,2007,Aqua,MODIS,46,61.03,288.4,5.1,D,2
35.1962,-93.1829,314.1,1.2,1.1,2025-01-28,2007,Aqua,MODIS,74,61.03,286.6,16.1,D,0
35.1941,-93.1951,311.5,1.2,1.1,2025-01-28,2007,Aqua,MODIS,71,61.03,287.5,13.9,D,0
35.7426,-92.014,305.2,1,1,2025-01-28,2007,Aqua,MODIS,61,61.03,287.4,7.6,D,0
35.7409,-92.0251,302.6,1,1,2025-01-28,2007,Aqua,MODIS,53,61.03,288.1,6.1,D,0
35.1063,-96.1389,301.2,1.7,1.3,2025-01-28,2007,Aqua,MODIS,37,61.03,279.8,12.3,D,0
36.0567,-90.9294,346.9,1,1,2025-01-28,2007,Aqua,MODIS,95,61.03,287.5,57.2,D,0
36.0551,-90.9402,328.4,1,1,2025-01-28,2007,Aqua,MODIS,86,61.03,287.2,27.7,D,2
36.0309,-91.102,300.9,1,1,2025-01-28,2007,Aqua,MODIS,42,61.03,287.3,4.6,D,0
37.9917,-94.5457,316,1.2,1.1,2025-01-28,2007,Aqua,MODIS,76,61.03,289.3,18.8,D,0
36.0293,-91.1128,324.9,1,1,2025-01-28,2007,Aqua,MODIS,83,61.03,287.9,23.8,D,0
35.6455,-93.6462,311,1.2,1.1,2025-01-28,2007,Aqua,MODIS,71,61.03,287.1,14.5,D,0
35.6138,-93.826,311.2,1.2,1.1,2025-01-28,2007,Aqua,MODIS,71,61.03,286.3,15.4,D,0
35.6115,-93.839,310.3,1.2,1.1,2025-01-28,2007,Aqua,MODIS,70,61.03,286.7,14.5,D,0
35.6482,-93.6871,312.6,1.2,1.1,2025-01-28,2007,Aqua,MODIS,73,61.03,288.4,15.7,D,0
36.0149,-91.5205,301.9,1,1,2025-01-28,2007,Aqua,MODIS,49,61.03,290.3,4.6,D,0
35.6576,-93.6897,361.8,1.2,1.1,2025-01-28,2007,Aqua,MODIS,100,61.03,290.9,119,D,0
36.5894,-87.5214,307.3,1.2,1.1,2025-01-28,2007,Aqua,MODIS,43,61.03,285.7,10.2,D,0
36.5879,-87.5344,351,1.2,1.1,2025-01-28,2007,Aqua,MODIS,96,61.03,290.3,84.9,D,0
36.5863,-87.5474,315.1,1.2,1.1,2025-01-28,2007,Aqua,MODIS,75,61.03,287.8,18,D,0
36.6007,-87.5898,304.2,1.2,1.1,2025-01-28,2007,Aqua,MODIS,55,61.03,286.4,8.5,D,0
36.6087,-87.6045,301.9,1.2,1.1,2025-01-28,2007,Aqua,MODIS,43,61.03,286,6.7,D,0
36.1775,-91.2379,312.2,1,1,2025-01-28,2007,Aqua,MODIS,59,61.03,290.9,10,D,0
36.1879,-91.2291,304.3,1,1,2025-01-28,2007,Aqua,MODIS,53,61.03,289.4,5.4,D,0
36.1863,-91.2399,323,1,1,2025-01-28,2007,Aqua,MODIS,82,61.03,290.9,20.6,D,0
36.1351,-91.634,306.5,1,1,2025-01-28,2007,Aqua,MODIS,64,61.03,290.1,7.1,D,0
36.1334,-91.645,324.4,1,1,2025-01-28,2007,Aqua,MODIS,83,61.03,291.3,22.8,D,0
36.237,-91.2809,322.1,1,1,2025-01-28,2007,Aqua,MODIS,81,61.03,290.8,20.1,D,0
36.228,-91.4589,337.3,1,1,2025-01-28,2007,Aqua,MODIS,90,61.03,292.3,39.6,D,0
36.2263,-91.4698,320.8,1,1,2025-01-28,2007,Aqua,MODIS,80,61.03,291.5,18.4,D,0
36.2368,-91.461,354.2,1,1,2025-01-28,2007,Aqua,MODIS,97,61.03,293.5,71.9,D,0
36.2351,-91.4719,336.3,1,1,2025-01-28,2007,Aqua,MODIS,90,61.03,293.1,37.2,D,0
36.2119,-91.6817,321.6,1,1,2025-01-28,2007,Aqua,MODIS,81,61.03,290.6,20,D,0
36.3399,-90.9575,305,1,1,2025-01-28,2007,Aqua,MODIS,60,61.03,287.7,6.8,D,0
36.056,-93.1052,306.4,1.1,1.1,2025-01-28,2007,Aqua,MODIS,63,61.03,291.5,7.7,D,0
36.0672,-93.0954,301.4,1.1,1.1,2025-01-28,2007,Aqua,MODIS,16,61.03,290.3,3.8,D,0
35.7073,-95.1329,336.7,1.4,1.2,2025-01-28,2007,Aqua,MODIS,90,61.03,286.4,64.1,D,0
35.7045,-95.1479,337,1.4,1.2,2025-01-28,2007,Aqua,MODIS,90,61.03,287.6,65.2,D,0
36.0967,-93.0901,315.9,1.1,1.1,2025-01-28,2007,Aqua,MODIS,76,61.03,290.9,16.5,D,0
35.6404,-96.039,303.5,1.6,1.2,2025-01-28,2007,Aqua,MODIS,49,61.03,284.7,11.4,D,0
36.5539,-91.8686,312.5,1,1,2025-01-28,2007,Aqua,MODIS,73,61.03,290.2,11.4,D,0
36.5522,-91.8797,301,1,1,2025-01-28,2007,Aqua,MODIS,28,61.03,288.8,3.7,D,0
36.5627,-91.8708,311.1,1,1,2025-01-28,2007,Aqua,MODIS,71,61.03,289.6,10.2,D,0
36.1574,-94.3122,317.3,1.3,1.1,2025-01-28,2007,Aqua,MODIS,77,61.03,288.5,21.1,D,0
36.155,-94.3255,336.5,1.3,1.1,2025-01-28,2007,Aqua,MODIS,90,61.03,290.3,53.4,D,0
36.529,-92.2036,313.8,1,1,2025-01-28,2007,Aqua,MODIS,74,61.03,289.6,13.5,D,0
36.5838,-91.9161,305.8,1,1,2025-01-28,2007,Aqua,MODIS,62,61.03,288.4,7.4,D,0
36.4381,-92.9319,300.9,1.1,1,2025-01-28,2007,Aqua,MODIS,37,61.03,289.2,5,D,0
36.9278,-90.2298,324.7,1,1,2025-01-28,2007,Aqua,MODIS,83,61.03,284.6,24.8,D,0
36.9263,-90.2407,303.8,1,1,2025-01-28,2007,Aqua,MODIS,57,61.03,283.5,7.4,D,0
36.5287,-93.2341,302.7,1.1,1.1,2025-01-28,2007,Aqua,MODIS,53,61.03,288.3,6.5,D,0
36.2989,-94.9068,307.5,1.3,1.1,2025-01-28,2007,Aqua,MODIS,66,61.03,289.2,12.3,D,0
36.6819,-92.7514,318.7,1.1,1,2025-01-28,2007,Aqua,MODIS,73,61.03,290,17.3,D,0
36.68,-92.763,325.2,1.1,1,2025-01-28,2007,Aqua,MODIS,84,61.03,290.9,24.5,D,0
36.7089,-92.7584,321.4,1.1,1,2025-01-28,2007,Aqua,MODIS,75,61.03,290,19.9,D,0
36.707,-92.7699,341.7,1.1,1,2025-01-28,2007,Aqua,MODIS,92,61.03,292.4,49.7,D,0
36.7051,-92.7813,337.3,1.1,1,2025-01-28,2007,Aqua,MODIS,90,61.03,290.7,41.1,D,0
36.7168,-92.767,325.8,1.1,1,2025-01-28,2007,Aqua,MODIS,84,61.03,289.1,27.1,D,0
36.7149,-92.7784,327.3,1.1,1,2025-01-28,2007,Aqua,MODIS,85,61.03,291.1,29,D,0
36.4637,-95.0272,307.7,1.3,1.1,2025-01-28,2007,Aqua,MODIS,62,61.03,287.6,13.3,D,2
36.4611,-95.0415,305,1.3,1.2,2025-01-28,2007,Aqua,MODIS,46,61.03,287.6,10.5,D,0
36.8136,-93.6393,314.1,1.1,1.1,2025-01-28,2007,Aqua,MODIS,74,61.03,289.7,16,D,0
36.8096,-94.3117,303.1,1.2,1.1,2025-01-28,2007,Aqua,MODIS,55,61.03,288.7,7.5,D,0
37.4761,-91.0416,301.3,1,1,2025-01-28,2007,Aqua,MODIS,46,61.03,287.7,4.2,D,0
37.4744,-91.0525,307.9,1,1,2025-01-28,2007,Aqua,MODIS,66,61.03,288.6,8.2,D,0
37.3033,-92.4696,300.6,1,1,2025-01-28,2007,Aqua,MODIS,40,61.03,289,4.5,D,0
37.2669,-92.6976,308.5,1.1,1,2025-01-28,2007,Aqua,MODIS,67,61.03,287.8,9.9,D,0
37.2311,-94.0321,301.3,1.2,1.1,2025-01-28,2007,Aqua,MODIS,46,61.03,288.5,5.5,D,0
37.1251,-94.9906,307.9,1.3,1.1,2025-01-28,2007,Aqua,MODIS,66,61.03,287,12.3,D,0
38.2104,-89.1237,304,1.1,1,2025-01-28,2007,Aqua,MODIS,58,61.03,282,9.2,D,0
37.7235,-92.7509,310.6,1,1,2025-01-28,2007,Aqua,MODIS,70,61.03,288,11.5,D,0
37.7216,-92.7624,300.9,1,1,2025-01-28,2007,Aqua,MODIS,42,61.03,287.9,5,D,0
37.7233,-92.8646,303.3,1.1,1,2025-01-28,2007,Aqua,MODIS,56,61.03,287,6.7,D,0
37.1905,-95.8531,300.5,1.4,1.2,2025-01-28,2007,Aqua,MODIS,38,61.03,289.6,5.2,D,0
37.564,-95.3134,308.1,1.3,1.1,2025-01-28,2007,Aqua,MODIS,67,61.03,288.1,12.9,D,0
37.5613,-95.3279,303.7,1.3,1.1,2025-01-28,2007,Aqua,MODIS,57,61.03,288.8,8.6,D,0
38.0353,-93.1233,302.8,1.1,1,2025-01-28,2007,Aqua,MODIS,54,61.03,287.5,6.2,D,0
38.0442,-93.1257,303.1,1.1,1,2025-01-28,2007,Aqua,MODIS,55,61.03,287.4,6.4,D,0
38.0955,-93.206,306.3,1.1,1,2025-01-28,2007,Aqua,MODIS,63,61.03,287,8.9,D,0
38.0936,-93.2177,312.7,1.1,1,2025-01-28,2007,Aqua,MODIS,73,61.03,287.6,13.9,D,0
37.9825,-94.2037,308.2,1.2,1.1,2025-01-28,2007,Aqua,MODIS,67,61.03,287,10.7,D,0
37.9803,-94.2164,312.2,1.2,1.1,2025-01-28,2007,Aqua,MODIS,72,61.03,287.6,14.2,D,0
40.6979,-93.9156,316.4,1.1,1,2025-01-28,2008,Aqua,MODIS,77,61.03,285.5,17.6,D,0
38.0224,-99.1529,305.6,2.2,1.4,2025-01-28,2008,Aqua,MODIS,62,61.03,287,23,D,0
38.4723,-97.664,302.3,1.7,1.3,2025-01-28,2008,Aqua,MODIS,49,61.03,281.5,16.9,D,0
39.6185,-93.9595,311.9,1.1,1,2025-01-28,2008,Aqua,MODIS,72,61.03,279.4,16.6,D,0
40.6283,-91.4571,304.3,1,1,2025-01-28,2008,Aqua,MODIS,55,61.03,284.5,7.7,D,0
40.7123,-91.3105,307.6,1,1,2025-01-28,2008,Aqua,MODIS,66,61.03,284.7,9.3,D,0
40.7107,-91.3221,302.6,1,1,2025-01-28,2008,Aqua,MODIS,53,61.03,284.3,6.3,D,0
40.9921,-91.6919,303.2,1,1,2025-01-28,2008,Aqua,MODIS,55,61.03,283.2,7,D,0
40.8043,-96.3583,307,1.3,1.1,2025-01-28,2008,Aqua,MODIS,65,61.03,289.1,10.5,D,0
40.814,-96.3615,310.9,1.3,1.1,2025-01-28,2008,Aqua,MODIS,71,61.03,288.1,14.7,D,0
41.346,-98.1059,301.3,1.6,1.2,2025-01-28,2008,Aqua,MODIS,46,61.03,286.7,9.2,D,0
42.438,-92.0028,313.5,1,1,2025-01-28,2008,Aqua,MODIS,74,61.03,282.3,14.1,D,0
42.4364,-92.0147,325.5,1,1,2025-01-28,2008,Aqua,MODIS,84,61.03,283.6,25.6,D,0
38.7699,-94.8946,304.7,1.2,1.1,2025-01-28,2008,Aqua,MODIS,46,61.03,279.6,10.8,D,0
38.7729,-94.9022,312.5,1.2,1.1,2025-01-28,2008,Aqua,MODIS,73,61.03,280.3,18,D,0
38.0338,-99.1524,306.6,2.2,1.4,2025-01-28,2008,Aqua,MODIS,64,61.03,286.2,24.2,D,0
43.6992,-88.8716,316.3,1.3,1.1,2025-01-28,2009,Aqua,MODIS,77,61.03,279.5,24.3,D,0
46.3888,-92.46,301.2,1,1,2025-01-28,2009,Aqua,MODIS,45,61.03,274.9,9.1,D,0
44.8175,-96.2303,314.4,1.1,1.1,2025-01-28,2009,Aqua,MODIS,75,61.03,279.3,17.8,D,0
19.3959,-155.2987,349.8,1.1,1,2025-01-28,2012,Terra,MODIS,90,61.03,285.2,66.5,D,1
19.4142,-155.2957,332,1.1,1,2025-01-28,2012,Terra,MODIS,78,61.03,282.8,32.5,D,1
19.3943,-155.2885,373.5,1.1,1,2025-01-28,2012,Terra,MODIS,0,61.03,284.2,144.4,D,1
33.0182,-115.363,333.1,1,1,2025-01-28,2144,Aqua,MODIS,88,61.03,296.1,32.1,D,0
35.1922,-119.0307,307.9,1.3,1.1,2025-01-28,2145,Aqua,MODIS,66,61.03,288.3,11.6,D,0
35.1947,-119.0169,308.4,1.3,1.1,2025-01-28,2145,Aqua,MODIS,67,61.03,288.6,12,D,0
34.7162,-118.3251,302.2,1.2,1.1,2025-01-28,2145,Aqua,MODIS,30,61.03,288,4.8,D,0
35.1935,-111.8109,337.2,1.2,1.1,2025-01-28,2145,Aqua,MODIS,0,61.03,269,57.9,D,0
34.9656,-111.6917,314.9,1.2,1.1,2025-01-28,2145,Aqua,MODIS,65,61.03,272.1,24.4,D,0
38.9072,-122.003,304.8,1.6,1.2,2025-01-28,2146,Aqua,MODIS,57,61.03,288.7,11.8,D,0
36.9931,-120.1393,311.6,1.4,1.2,2025-01-28,2146,Aqua,MODIS,72,61.03,287.7,16.7,D,0
37.0032,-120.1423,310.7,1.4,1.2,2025-01-28,2146,Aqua,MODIS,70,61.03,288.3,15.5,D,0
37.5543,-119.8564,304.6,1.3,1.1,2025-01-28,2146,Aqua,MODIS,59,61.03,281.7,12.9,D,0
37.7368,-119.9369,304.7,1.3,1.1,2025-01-28,2146,Aqua,MODIS,60,61.03,282.7,13,D,0
38.1847,-121.5704,304.9,1.6,1.2,2025-01-28,2146,Aqua,MODIS,60,61.03,289.6,12.4,D,0
38.3028,-121.2514,300.1,1.5,1.2,2025-01-28,2146,Aqua,MODIS,29,61.03,290,6.8,D,0
38.3095,-121.2412,332.4,1.5,1.2,2025-01-28,2146,Aqua,MODIS,88,61.03,290,58.7,D,0
38.3063,-121.2576,332.8,1.5,1.2,2025-01-28,2146,Aqua,MODIS,88,61.03,291.1,59.9,D,0
38.4649,-121.2109,303.4,1.5,1.2,2025-01-28,2146,Aqua,MODIS,56,61.03,289.9,9.4,D,0
38.325,-122.0991,305.9,1.7,1.3,2025-01-28,2146,Aqua,MODIS,62,61.03,289.3,15.3,D,0
38.3242,-122.1035,302.2,1.7,1.3,2025-01-28,2146,Aqua,MODIS,51,61.03,289.2,11.8,D,0
39.8935,-116.2103,330.8,1,1,2025-01-28,2146,Aqua,MODIS,87,61.03,274.5,34.6,D,0
39.8919,-116.2216,328.7,1,1,2025-01-28,2146,Aqua,MODIS,86,61.03,275.5,32.1,D,0
38.9107,-121.9854,306.2,1.6,1.2,2025-01-28,2146,Aqua,MODIS,63,61.03,289.1,13.6,D,0
38.9117,-121.9908,311.3,1.6,1.2,2025-01-28,2146,Aqua,MODIS,71,61.03,289.3,21.7,D,0
38.8717,-122.6455,300.7,1.8,1.3,2025-01-28,2146,Aqua,MODIS,41,61.03,288.7,10.3,D,0
39.082,-122.1924,308,1.6,1.3,2025-01-28,2146,Aqua,MODIS,66,61.03,289.7,16.1,D,0
39.0927,-122.1962,309.9,1.6,1.3,2025-01-28,2146,Aqua,MODIS,69,61.03,290.2,18.9,D,0
39.1799,-122.2327,303.2,1.6,1.3,2025-01-28,2146,Aqua,MODIS,55,61.03,290.3,9.8,D,0
39.8551,-122.034,302.8,1.5,1.2,2025-01-28,2147,Aqua,MODIS,47,61.03,291.1,8.2,D,0
39.6228,-122.012,301.2,1.6,1.2,2025-01-28,2147,Aqua,MODIS,45,61.03,288.5,8,D,0
40.0213,-123.2927,322.5,1.8,1.3,2025-01-28,2147,Aqua,MODIS,82,61.03,286.3,48.4,D,0
40.0324,-123.2974,319.5,1.8,1.3,2025-01-28,2147,Aqua,MODIS,79,61.03,286.1,41.4,D,0
39.5399,-122.1252,300.2,1.6,1.2,2025-01-28,2147,Aqua,MODIS,27,61.03,290.1,5.8,D,0
40.2896,-123.0784,324.6,1.7,1.3,2025-01-28,2147,Aqua,MODIS,83,61.03,285.5,53.7,D,0
40.2853,-123.1,319.5,1.7,1.3,2025-01-28,2147,Aqua,MODIS,79,61.03,287.9,42.2,D,0
40.2885,-123.0856,334.7,1.7,1.3,2025-01-28,2147,Aqua,MODIS,89,61.03,287.1,82.3,D,0
42.1236,-123.1546,319.5,1.6,1.2,2025-01-28,2147,Aqua,MODIS,79,61.03,283.7,39,D,0
39.5422,-122.1329,300.6,1.6,1.2,2025-01-28,2147,Aqua,MODIS,39,61.03,289.9,6.6,D,0
42.1203,-123.1709,305.4,1.6,1.2,2025-01-28,2147,Aqua,MODIS,61,61.03,282.2,18.1,D,0
42.569,-123.5794,302.3,1.6,1.2,2025-01-28,2147,Aqua,MODIS,52,61.03,281.8,16.1,D,0
43.99,-117.1551,312.9,1,1,2025-01-28,2147,Aqua,MODIS,73,61.03,282.4,14,D,0
43.0813,-122.9682,316.4,1.5,1.2,2025-01-28,2147,Aqua,MODIS,77,61.03,282.8,30.3,D,0
39.8585,-122.017,302,1.5,1.2,2025-01-28,2147,Aqua,MODIS,50,61.03,291.9,7.1,D,0
44.5129,-120.2756,312.4,1.1,1,2025-01-28,2148,Aqua,MODIS,73,61.03,278,17.2,D,0
43.7942,-124.0019,309.7,1.6,1.2,2025-01-28,2148,Aqua,MODIS,69,61.03,284.3,22.7,D,0
43.7903,-124.0207,351.1,1.6,1.2,2025-01-28,2148,Aqua,MODIS,96,61.03,288.2,131.8,D,0
46.225,-113.4842,317.8,1.4,1.2,2025-01-28,2148,Aqua,MODIS,0,61.03,270.9,34,D,0
45.1178,-122.2208,311.2,1.2,1.1,2025-01-28,2148,Aqua,MODIS,71,61.03,281.1,18.2,D,0
45.1151,-122.2356,308.9,1.2,1.1,2025-01-28,2148,Aqua,MODIS,68,61.03,281.8,16,D,0
44.9258,-123.72,305.3,1.4,1.2,2025-01-28,2148,Aqua,MODIS,61,61.03,285.4,14.2,D,0
44.9226,-123.736,311.3,1.4,1.2,2025-01-28,2148,Aqua,MODIS,71,61.03,285.5,21.1,D,0
44.9358,-123.7247,397.8,1.4,1.2,2025-01-28,2148,Aqua,MODIS,100,61.03,292.9,412.7,D,0
44.9326,-123.7406,400.3,1.4,1.2,2025-01-28,2148,Aqua,MODIS,100,61.03,295.4,439.2,D,0
33.0187,-79.8872,302.4,1.4,1.2,2025-01-29,0212,Terra,MODIS,49,61.03,279.2,14.3,N,2
44.119,-120.5797,303.9,1.9,1.3,2025-01-29,0532,Terra,MODIS,57,61.03,266.5,29.6,N,0
40.3982,-79.8523,300.1,1.1,1.1,2025-01-29,0805,Aqua,MODIS,19,61.03,273.7,11,N,2
41.3445,-92.9336,304.1,1.5,1.2,2025-01-29,1550,Terra,MODIS,58,61.03,277.8,16.2,D,0
40.4225,-86.6496,302.4,1,1,2025-01-29,1550,Terra,MODIS,52,61.03,277.1,8.6,D,0
39.9774,-86.8317,300.3,1,1,2025-01-29,1550,Terra,MODIS,35,61.03,277.7,7.9,D,2
41.3379,-92.9286,301.9,1.5,1.2,2025-01-29,1550,Terra,MODIS,50,61.03,277.2,14,D,0
38.0754,-84.598,306,1.3,1.1,2025-01-29,1551,Terra,MODIS,63,61.03,280.6,13.3,D,0
40.1866,-91.1336,305.4,1.2,1.1,2025-01-29,1551,Terra,MODIS,61,61.03,277.8,12.3,D,0
34.0851,-80.8001,306.1,2.6,1.6,2025-01-29,1552,Terra,MODIS,63,61.03,286.1,34.7,D,0
32.8193,-82.273,308.9,2.3,1.5,2025-01-29,1552,Terra,MODIS,68,61.03,285.5,32.7,D,0
32.8067,-82.2767,310.3,2.3,1.5,2025-01-29,1552,Terra,MODIS,70,61.03,285.6,36.2,D,0
33.4416,-88.5663,303,1,1,2025-01-29,1552,Terra,MODIS,54,61.03,269.7,8.8,D,2
32.5815,-84.313,301.1,1.7,1.3,2025-01-29,1552,Terra,MODIS,43,61.03,282.6,12.5,D,0
31.6923,-82.96,306.6,2.2,1.4,2025-01-29,1552,Terra,MODIS,64,61.03,282.4,26.4,D,0
31.6913,-82.9656,305.8,2.2,1.4,2025-01-29,1552,Terra,MODIS,62,61.03,282.8,24.7,D,0
36.6949,-92.7483,303.4,1.3,1.1,2025-01-29,1552,Terra,MODIS,56,61.03,277.5,11.8,D,0
30.1841,-81.4666,300.6,3,1.6,2025-01-29,1553,Terra,MODIS,39,61.03,285.6,21,D,0
31.3162,-84.162,301.2,1.8,1.3,2025-01-29,1553,Terra,MODIS,45,61.03,287.2,12.1,D,0
31.6845,-86.2069,304.1,1.4,1.2,2025-01-29,1553,Terra,MODIS,58,61.03,286.3,10.7,D,0
31.0923,-83.0983,306.9,2.2,1.4,2025-01-29,1553,Terra,MODIS,64,61.03,288.7,24.8,D,0
31.0878,-83.0763,314.4,2.2,1.4,2025-01-29,1553,Terra,MODIS,75,61.03,288.3,41.8,D,0
31.1618,-83.5054,300.5,2.1,1.4,2025-01-29,1553,Terra,MODIS,38,61.03,287.6,13.2,D,0
30.1857,-81.4594,302,3,1.6,2025-01-29,1553,Terra,MODIS,50,61.03,285.4,25.5,D,0
30.9414,-85.4551,317.2,1.5,1.2,2025-01-29,1553,Terra,MODIS,77,61.03,288.3,29.7,D,0
30.9386,-85.4396,336.4,1.6,1.2,2025-01-29,1553,Terra,MODIS,90,61.03,288.7,72.7,D,0
30.1499,-81.9283,308.6,2.8,1.6,2025-01-29,1553,Terra,MODIS,67,61.03,287.8,38.3,D,0
30.1452,-81.935,308,2.8,1.6,2025-01-29,1553,Terra,MODIS,66,61.03,287.7,38.7,D,0
30.0508,-81.9979,308.6,2.8,1.6,2025-01-29,1553,Terra,MODIS,67,61.03,288.3,39.8,D,0
30.045,-81.9706,307.6,2.8,1.6,2025-01-29,1553,Terra,MODIS,66,61.03,288,36.9,D,0
30.2187,-83.1322,307.9,2.3,1.5,2025-01-29,1553,Terra,MODIS,66,61.03,284.8,24.3,D,0
30.2198,-83.1373,304.7,2.3,1.5,2025-01-29,1553,Terra,MODIS,60,61.03,285.1,19.6,D,0
30.2152,-83.1145,303,2.3,1.5,2025-01-29,1553,Terra,MODIS,55,61.03,284.7,16.6,D,0
30.2171,-83.2563,301.3,2.2,1.5,2025-01-29,1553,Terra,MODIS,45,61.03,289.1,11.3,D,0
30.1232,-82.7941,307.7,2.4,1.5,2025-01-29,1553,Terra,MODIS,66,61.03,288.7,28,D,0
30.1183,-82.7701,316.6,2.4,1.5,2025-01-29,1553,Terra,MODIS,77,61.03,287.5,53.8,D,0
30.3646,-84.2538,300.5,1.9,1.3,2025-01-29,1553,Terra,MODIS,33,61.03,287.8,10.1,D,0
30.1669,-83.2698,307.3,2.2,1.5,2025-01-29,1553,Terra,MODIS,65,61.03,290.1,23.1,D,0
30.1675,-83.2763,304.2,2.2,1.5,2025-01-29,1553,Terra,MODIS,58,61.03,290.2,17.1,D,0
30.9417,-88.0121,303.1,1.1,1.1,2025-01-29,1553,Terra,MODIS,55,61.03,282.9,8.5,D,2
30.2077,-83.9589,300.3,2,1.4,2025-01-29,1553,Terra,MODIS,34,61.03,287.3,12.8,D,0
29.633,-81.4971,300.6,3.1,1.7,2025-01-29,1553,Terra,MODIS,39,61.03,288,22.2,D,0
29.6323,-81.5039,302.1,3.1,1.7,2025-01-29,1553,Terra,MODIS,51,61.03,288.1,25.6,D,0
46.5089,-113.8876,308.7,1.2,1.1,2025-01-29,1727,Terra,MODIS,68,61.03,269.4,18.1,D,0
46.5107,-113.9033,313.2,1.2,1.1,2025-01-29,1727,Terra,MODIS,73,61.03,267.4,22.2,D,0
39.8863,-116.2186,338.3,1.2,1.1,2025-01-29,1729,Terra,MODIS,69,61.03,270.4,61.8,D,0
33.5026,-116.1795,303.6,1.1,1,2025-01-29,1731,Terra,MODIS,57,61.03,290.7,5,D,0
25.3663,-80.7253,359.6,2.5,1.5,2025-01-29,1905,Aqua,MODIS,99,61.03,294.6,307.4,D,0
25.3843,-80.7047,314.1,2.5,1.5,2025-01-29,1905,Aqua,MODIS,25,61.03,294.7,31.5,D,0
25.3795,-80.7287,356.5,2.5,1.5,2025-01-29,1905,Aqua,MODIS,98,61.03,294.5,282.4,D,0
30.3465,-83.583,301.9,3,1.7,2025-01-29,1906,Aqua,MODIS,49,61.03,287.3,19.5,D,0
30.207,-84.737,300.5,3.7,1.8,2025-01-29,1906,Aqua,MODIS,37,61.03,289,19,D,0
29.8738,-81.695,305.4,2.3,1.5,2025-01-29,1906,Aqua,MODIS,51,61.03,294,16.8,D,0
27.2267,-81.7862,316.5,2.7,1.6,2025-01-29,1906,Aqua,MODIS,66,61.03,278.2,60.3,D,0
27.232,-81.792,314.9,2.7,1.6,2025-01-29,1906,Aqua,MODIS,55,61.03,278.8,52.2,D,0
27.6459,-81.3093,313.9,2.5,1.5,2025-01-29,1906,Aqua,MODIS,46,61.03,279.9,45.2,D,0
27.6422,-81.3154,319.2,2.5,1.5,2025-01-29,1906,Aqua,MODIS,71,61.03,278.5,66.9,D,0
29.2909,-82.556,359.5,2.8,1.6,2025-01-29,1906,Aqua,MODIS,99,61.03,288.7,363.1,D,0
29.2851,-82.5829,340.5,2.8,1.6,2025-01-29,1906,Aqua,MODIS,90,61.03,286.7,189.9,D,0
29.9494,-81.6491,307.7,2.3,1.5,2025-01-29,1906,Aqua,MODIS,64,61.03,288.5,23.7,D,0
29.8719,-81.6994,305.2,2.3,1.5,2025-01-29,1906,Aqua,MODIS,51,61.03,294.2,15.2,D,0
30.0302,-82.0275,320.1,2.4,1.5,2025-01-29,1906,Aqua,MODIS,80,61.03,292.9,57.3,D,0
30.0481,-82.0075,312.6,2.4,1.5,2025-01-29,1906,Aqua,MODIS,44,61.03,291.5,31.9,D,0
30.0431,-82.0312,342.4,2.4,1.5,2025-01-29,1906,Aqua,MODIS,93,61.03,293.3,165.1,D,0
30.4017,-82.6128,325.5,2.6,1.6,2025-01-29,1906,Aqua,MODIS,84,61.03,289.6,89.9,D,0
35.0207,-76.747,305.4,1,1,2025-01-29,1907,Aqua,MODIS,53,61.03,283,8,D,0
35.019,-76.758,303.5,1,1,2025-01-29,1907,Aqua,MODIS,49,61.03,284.6,6.9,D,0
34.5137,-79.9428,310.7,1.4,1.2,2025-01-29,1907,Aqua,MODIS,70,61.03,291.7,16.5,D,0
34.6092,-79.928,306.9,1.4,1.2,2025-01-29,1907,Aqua,MODIS,64,61.03,291.5,11.9,D,0
34.6065,-79.9428,307.5,1.4,1.2,2025-01-29,1907,Aqua,MODIS,66,61.03,291.7,12.6,D,0
34.1246,-82.5367,317,2.1,1.4,2025-01-29,1907,Aqua,MODIS,71,61.03,292.6,38.8,D,0
34.132,-82.5232,314,2.1,1.4,2025-01-29,1907,Aqua,MODIS,74,61.03,291.6,35.5,D,0
34.1274,-82.5446,319.5,2.1,1.4,2025-01-29,1907,Aqua,MODIS,79,61.03,292.6,49.5,D,0
35.1278,-79.2488,302.8,1.3,1.1,2025-01-29,1907,Aqua,MODIS,52,61.03,288.7,6.8,D,0
35.716,-76.6821,301.8,1,1,2025-01-29,1907,Aqua,MODIS,49,61.03,290.2,4.1,D,0
35.1375,-79.2512,307.7,1.3,1.1,2025-01-29,1907,Aqua,MODIS,66,61.03,288.8,11.2,D,0
35.3276,-77.6636,303.8,1.1,1,2025-01-29,1907,Aqua,MODIS,57,61.03,287.9,6.7,D,0
35.4169,-77.4604,301.4,1.1,1,2025-01-29,1907,Aqua,MODIS,47,61.03,288.5,5.3,D,0
31.0782,-83.0835,307.1,2.7,1.6,2025-01-29,1907,Aqua,MODIS,65,61.03,292.3,26.8,D,0
31.0837,-83.0898,309.7,2.7,1.6,2025-01-29,1907,Aqua,MODIS,69,61.03,292.5,34.5,D,0
30.89,-85.2401,305,3.8,1.8,2025-01-29,1907,Aqua,MODIS,60,61.03,285.3,40.8,D,0
32.4938,-81.5021,308.7,2,1.4,2025-01-29,1907,Aqua,MODIS,67,61.03,289.7,21.5,D,0
32.4897,-81.522,315.5,2,1.4,2025-01-29,1907,Aqua,MODIS,76,61.03,290.9,35.6,D,0
32.5015,-81.5254,310.5,2,1.4,2025-01-29,1907,Aqua,MODIS,55,61.03,290.9,24.1,D,0
33.0097,-79.8806,302.5,1.5,1.2,2025-01-29,1907,Aqua,MODIS,49,61.03,292.2,7.7,D,2
32.7232,-81.6909,301.1,2,1.4,2025-01-29,1907,Aqua,MODIS,44,61.03,290,11.5,D,0
33.1622,-79.5022,303.5,1.4,1.2,2025-01-29,1907,Aqua,MODIS,56,61.03,292.7,8,D,0
33.2118,-79.2895,307.8,1.4,1.2,2025-01-29,1907,Aqua,MODIS,62,61.03,292,12.6,D,0
32.8564,-81.2756,301.4,1.9,1.3,2025-01-29,1907,Aqua,MODIS,47,61.03,288.8,11.4,D,0
32.8126,-82.2869,305.8,2.2,1.4,2025-01-29,1907,Aqua,MODIS,62,61.03,285.1,22.9,D,0
33.4243,-83.0056,301.1,2.3,1.5,2025-01-29,1907,Aqua,MODIS,44,61.03,291,13.4,D,0
33.4192,-83.0295,317.1,2.3,1.5,2025-01-29,1907,Aqua,MODIS,77,61.03,291.9,52.1,D,0
34.6305,-77.2671,364.3,1.1,1,2025-01-29,1907,Aqua,MODIS,75,61.03,295.3,107,D,0
34.6286,-77.2784,324.6,1.1,1,2025-01-29,1907,Aqua,MODIS,63,61.03,292.5,23.4,D,0
34.2363,-79.9256,303.7,1.4,1.2,2025-01-29,1907,Aqua,MODIS,57,61.03,291.8,8.4,D,0
34.4737,-78.6539,300.6,1.2,1.1,2025-01-29,1907,Aqua,MODIS,39,61.03,290.4,5.1,D,0
34.4715,-78.6666,304.7,1.2,1.1,2025-01-29,1907,Aqua,MODIS,60,61.03,290.9,8.2,D,0
34.5405,-79.1056,301.7,1.3,1.1,2025-01-29,1907,Aqua,MODIS,49,61.03,290.9,5.9,D,0
33.943,-82.2004,302,2,1.4,2025-01-29,1907,Aqua,MODIS,50,61.03,291.4,12.3,D,0
36.3345,-81.2742,309.5,1.5,1.2,2025-01-29,1908,Aqua,MODIS,69,61.03,287.2,19.3,D,0
35.2592,-79.5453,304.7,1.3,1.1,2025-01-29,1908,Aqua,MODIS,59,61.03,288.1,8.9,D,0
35.2618,-79.5381,300.8,1.3,1.1,2025-01-29,1908,Aqua,MODIS,39,61.03,287.4,6,D,0
35.8329,-77.4761,303.6,1.1,1,2025-01-29,1908,Aqua,MODIS,56,61.03,291.9,4.9,D,0
34.7768,-83.1464,303.9,2.2,1.4,2025-01-29,1908,Aqua,MODIS,50,61.03,290.6,15.6,D,0
34.7718,-83.1693,302.5,2.2,1.4,2025-01-29,1908,Aqua,MODIS,37,61.03,290.7,13.7,D,0
35.4292,-80.0414,322.6,1.4,1.2,2025-01-29,1908,Aqua,MODIS,82,61.03,289.5,31.4,D,0
35.5816,-79.5428,311.3,1.3,1.1,2025-01-29,1908,Aqua,MODIS,71,61.03,286.7,15.4,D,0
35.6822,-79.5055,301.7,1.3,1.1,2025-01-29,1908,Aqua,MODIS,49,61.03,283.9,6.5,D,0
35.6797,-79.5191,306,1.3,1.1,2025-01-29,1908,Aqua,MODIS,63,61.03,287.2,10.2,D,0
35.9126,-78.837,300.1,1.2,1.1,2025-01-29,1908,Aqua,MODIS,19,61.03,286.2,4.3,D,2
36.1966,-78.8134,301.3,1.2,1.1,2025-01-29,1908,Aqua,MODIS,46,61.03,284.3,6,D,0
35.5774,-82.1879,305.6,1.8,1.3,2025-01-29,1908,Aqua,MODIS,62,61.03,290.1,17.2,D,0
36.7223,-77.0762,301.6,1,1,2025-01-29,1908,Aqua,MODIS,48,61.03,289.9,4.4,D,0
36.7206,-77.0872,317.2,1,1,2025-01-29,1908,Aqua,MODIS,77,61.03,290,15.6,D,0
36.2953,-80.2396,302.2,1.4,1.2,2025-01-29,1908,Aqua,MODIS,51,61.03,290.9,7,D,0
36.7085,-78.9742,300.9,1.2,1.1,2025-01-29,1908,Aqua,MODIS,43,61.03,290.4,4.8,D,0
36.3319,-81.2683,306,1.5,1.2,2025-01-29,1908,Aqua,MODIS,63,61.03,286.9,15.6,D,0
36.631,-79.7009,318.6,1.3,1.1,2025-01-29,1908,Aqua,MODIS,72,61.03,290.3,20.6,D,0
36.6342,-79.693,333,1.3,1.1,2025-01-29,1908,Aqua,MODIS,88,61.03,290.9,42.4,D,0
36.6317,-79.7064,326.9,1.3,1.1,2025-01-29,1908,Aqua,MODIS,73,61.03,290.5,31.6,D,0
36.9762,-78.3827,339.5,1.1,1,2025-01-29,1908,Aqua,MODIS,91,61.03,291.9,49,D,0
36.8955,-79.856,301.9,1.3,1.1,2025-01-29,1908,Aqua,MODIS,50,61.03,288.9,6.7,D,0
37.3312,-77.8614,300.9,1.1,1,2025-01-29,1908,Aqua,MODIS,43,61.03,290.3,4.5,D,0
37.1365,-79.3601,308.8,1.2,1.1,2025-01-29,1908,Aqua,MODIS,68,61.03,289.5,11,D,0
37.2732,-79.1111,301.4,1.2,1.1,2025-01-29,1908,Aqua,MODIS,46,61.03,288.9,5.5,D,0
37.1096,-80.0434,314.1,1.3,1.1,2025-01-29,1908,Aqua,MODIS,74,61.03,287.1,20.2,D,0
37.107,-80.0579,315,1.3,1.1,2025-01-29,1908,Aqua,MODIS,75,61.03,288.6,21.4,D,0
37.1193,-80.0461,332.9,1.3,1.1,2025-01-29,1908,Aqua,MODIS,88,61.03,287,47.6,D,0
37.1167,-80.0603,328.9,1.3,1.1,2025-01-29,1908,Aqua,MODIS,86,61.03,288.6,40.4,D,0
38.0426,-77.2917,302.8,1,1,2025-01-29,1908,Aqua,MODIS,54,61.03,289,5.7,D,0
38.0409,-77.3028,305,1,1,2025-01-29,1908,Aqua,MODIS,60,61.03,289.1,7,D,0
36.592,-87.6402,304.3,3.8,1.8,2025-01-29,1908,Aqua,MODIS,58,61.03,287.9,46.5,D,0
36.6001,-87.6473,304.7,3.8,1.8,2025-01-29,1908,Aqua,MODIS,60,61.03,288,45.3,D,0
42.198,-90.0053,303.4,3.6,1.8,2025-01-29,1910,Aqua,MODIS,56,61.03,280,51.5,D,0
42.2025,-89.9998,300.1,3.6,1.8,2025-01-29,1910,Aqua,MODIS,29,61.03,280,40.3,D,0
43.3081,-88.933,323.9,2.9,1.6,2025-01-29,1910,Aqua,MODIS,83,61.03,280.1,112.4,D,0
43.3162,-88.9004,371.9,2.8,1.6,2025-01-29,1910,Aqua,MODIS,100,61.03,282.7,575.3,D,0
36.1353,-91.6699,300.2,2.6,1.6,2025-01-29,2046,Aqua,MODIS,20,61.03,281.3,16,D,0
36.151,-91.6437,302.2,2.6,1.6,2025-01-29,2046,Aqua,MODIS,50,61.03,281,21,D,0
36.149,-91.6714,301.9,2.6,1.6,2025-01-29,2046,Aqua,MODIS,48,61.03,280.9,20.1,D,0
36.5982,-87.6684,301.1,4.8,2,2025-01-29,2046,Aqua,MODIS,44,61.03,287.4,47.9,D,0
36.1431,-91.6659,314.1,2.6,1.6,2025-01-29,2046,Aqua,MODIS,74,61.03,281.6,54.8,D,0
37.6288,-91.2916,313.1,2.9,1.6,2025-01-29,2046,Aqua,MODIS,65,61.03,286.8,50.9,D,0
37.6266,-91.3233,313.7,2.9,1.6,2025-01-29,2046,Aqua,MODIS,65,61.03,288.2,52.5,D,0
37.6311,-91.2968,319.5,2.9,1.6,2025-01-29,2046,Aqua,MODIS,79,61.03,287.2,81.9,D,0
37.629,-91.3285,308.5,2.9,1.6,2025-01-29,2046,Aqua,MODIS,67,61.03,287.7,40.5,D,0
37.7945,-93.9398,307.1,1.9,1.4,2025-01-29,2046,Aqua,MODIS,65,61.03,288.5,19.5,D,0
36.1452,-91.638,304.2,2.6,1.6,2025-01-29,2046,Aqua,MODIS,58,61.03,281.5,27.2,D,0
36.1373,-91.6419,301.7,2.6,1.6,2025-01-29,2046,Aqua,MODIS,38,61.03,282.1,19.7,D,0
37.812,-94.2832,300.4,1.9,1.3,2025-01-29,2046,Aqua,MODIS,37,61.03,288.7,8.4,D,0
39.0159,-95.4068,301.5,1.6,1.3,2025-01-29,2047,Aqua,MODIS,47,61.03,280.2,14.7,D,0
38.0677,-93.4419,319.5,2.1,1.4,2025-01-29,2047,Aqua,MODIS,79,61.03,287.2,53.5,D,0
38.0657,-93.4656,311.4,2.1,1.4,2025-01-29,2047,Aqua,MODIS,71,61.03,286.5,32.8,D,0
38.0706,-93.4501,327.1,2.1,1.4,2025-01-29,2047,Aqua,MODIS,85,61.03,287.1,73.7,D,0
39.8697,-97.4813,302.8,1.3,1.1,2025-01-29,2047,Aqua,MODIS,54,61.03,283.4,10,D,0
39.868,-97.4961,300.3,1.3,1.1,2025-01-29,2047,Aqua,MODIS,33,61.03,283.4,7.9,D,0
40.547,-94.1616,305.2,2,1.4,2025-01-29,2047,Aqua,MODIS,61,61.03,285.8,20.9,D,0
41.4021,-92.5826,301.1,2.6,1.6,2025-01-29,2047,Aqua,MODIS,45,61.03,284.2,20.2,D,0
41.396,-92.5901,300.2,2.6,1.6,2025-01-29,2047,Aqua,MODIS,31,61.03,284.2,18.3,D,0
41.2902,-98.2655,304.8,1.2,1.1,2025-01-29,2048,Aqua,MODIS,52,61.03,288.8,9.6,D,0
42.158,-96.7014,306.9,1.5,1.2,2025-01-29,2048,Aqua,MODIS,64,61.03,286,14,D,0
42.1621,-96.709,304.4,1.5,1.2,2025-01-29,2048,Aqua,MODIS,59,61.03,285.9,12,D,0
42.6315,-92.8704,303.4,2.6,1.5,2025-01-29,2048,Aqua,MODIS,56,61.03,280.3,30.4,D,0
42.6542,-97.7934,305.4,1.4,1.2,2025-01-29,2048,Aqua,MODIS,61,61.03,281.3,13.3,D,0
42.6525,-97.8096,305.8,1.4,1.2,2025-01-29,2048,Aqua,MODIS,62,61.03,281.5,13.7,D,0
41.5689,-106.325,331.3,1.3,1.1,2025-01-29,2048,Aqua,MODIS,76,61.03,270.1,51.2,D,0
43.3611,-98.7707,303.3,1.2,1.1,2025-01-29,2048,Aqua,MODIS,56,61.03,283.3,9.7,D,0
41.2918,-98.251,302.6,1.2,1.1,2025-01-29,2048,Aqua,MODIS,50,61.03,287.5,7.7,D,0
44.4353,-109.8658,301.7,1.7,1.3,2025-01-29,2049,Aqua,MODIS,49,61.03,275,18.5,D,0
35.2899,-119.9711,326.4,1.5,1.2,2025-01-29,2224,Aqua,MODIS,84,61.03,292.5,38.5,D,0
35.2969,-119.9629,309.6,1.5,1.2,2025-01-29,2224,Aqua,MODIS,69,61.03,291,13,D,0
35.2953,-119.9789,320.9,1.5,1.2,2025-01-29,2224,Aqua,MODIS,81,61.03,292.7,30.1,D,0
35.3463,-118.9905,307.6,1.7,1.3,2025-01-29,2224,Aqua,MODIS,55,61.03,293.2,12.5,D,2
37.2291,-119.4315,370.8,1.7,1.3,2025-01-29,2225,Aqua,MODIS,100,61.03,286.8,261.6,D,0
37.2402,-119.4341,371.7,1.7,1.3,2025-01-29,2225,Aqua,MODIS,100,61.03,284,267.5,D,0
37.8266,-119.9511,325.7,1.6,1.2,2025-01-29,2225,Aqua,MODIS,84,61.03,284.4,51.2,D,0
38.9244,-121.8655,302.1,1.3,1.1,2025-01-29,2225,Aqua,MODIS,38,61.03,291.2,5.7,D,0
38.9344,-121.8673,300.5,1.3,1.1,2025-01-29,2225,Aqua,MODIS,15,61.03,289.3,5.1,D,0
38.9646,-121.9692,301.1,1.3,1.1,2025-01-29,2225,Aqua,MODIS,44,61.03,287.8,6.6,D,0
37.2307,-119.4147,316.6,1.7,1.3,2025-01-29,2225,Aqua,MODIS,77,61.03,282.3,34.2,D,0
39.2199,-122.2253,341.6,1.3,1.1,2025-01-29,2226,Aqua,MODIS,92,61.03,288.3,63.3,D,0
39.2118,-122.2091,300.9,1.3,1.1,2025-01-29,2226,Aqua,MODIS,35,61.03,286.3,5.5,D,0
39.2216,-122.211,348.1,1.3,1.1,2025-01-29,2226,Aqua,MODIS,95,61.03,287.5,81.8,D,0
39.2183,-122.2395,306.7,1.3,1.1,2025-01-29,2226,Aqua,MODIS,64,61.03,288.3,9.7,D,0
39.2167,-122.2537,324.2,1.3,1.1,2025-01-29,2226,Aqua,MODIS,83,61.03,288.4,30.6,D,0
39.303,-122.2188,325.6,1.3,1.1,2025-01-29,2226,Aqua,MODIS,84,61.03,286.6,34.2,D,0
39.5468,-122.0395,343.2,1.3,1.1,2025-01-29,2226,Aqua,MODIS,93,61.03,291.2,69.3,D,0
39.5451,-122.0542,319.4,1.3,1.1,2025-01-29,2226,Aqua,MODIS,79,61.03,291.8,23.2,D,0
39.5601,-122.0118,309.9,1.3,1.1,2025-01-29,2226,Aqua,MODIS,20,61.03,288.2,11.4,D,0
39.5584,-122.0265,321.3,1.3,1.1,2025-01-29,2226,Aqua,MODIS,46,61.03,290,23.9,D,0
39.5688,-122.0188,340.6,1.3,1.1,2025-01-29,2226,Aqua,MODIS,80,61.03,289.5,62.7,D,0
39.5672,-122.0336,324.7,1.3,1.1,2025-01-29,2226,Aqua,MODIS,75,61.03,289.6,30.2,D,0
39.7902,-122.133,301.3,1.3,1.1,2025-01-29,2226,Aqua,MODIS,46,61.03,288.2,6.7,D,0
39.7885,-122.1478,300.1,1.3,1.1,2025-01-29,2226,Aqua,MODIS,28,61.03,288.2,5.8,D,0
39.8648,-122.017,327.4,1.3,1.1,2025-01-29,2226,Aqua,MODIS,85,61.03,291.2,37.8,D,0
39.8631,-122.032,304.8,1.3,1.1,2025-01-29,2226,Aqua,MODIS,56,61.03,290.1,8.4,D,0
39.8209,-123.7293,308.2,1.1,1.1,2025-01-29,2226,Aqua,MODIS,67,61.03,281.6,13.5,D,0
39.8193,-123.7419,308,1.1,1.1,2025-01-29,2226,Aqua,MODIS,66,61.03,281.6,13.1,D,0
40.0305,-123.3046,323.2,1.2,1.1,2025-01-29,2226,Aqua,MODIS,82,61.03,286.1,26.8,D,0
40.3143,-122.4497,300.9,1.3,1.1,2025-01-29,2226,Aqua,MODIS,43,61.03,287.4,7.1,D,0
40.2759,-123.0746,319.8,1.2,1.1,2025-01-29,2226,Aqua,MODIS,72,61.03,287.5,22.2,D,0
40.2744,-123.0878,317.2,1.2,1.1,2025-01-29,2226,Aqua,MODIS,77,61.03,288.1,20.2,D,0
40.2729,-123.1008,324.8,1.2,1.1,2025-01-29,2226,Aqua,MODIS,83,61.03,288.2,28.8,D,0
40.2838,-123.0899,358.9,1.2,1.1,2025-01-29,2226,Aqua,MODIS,99,61.03,290,105.2,D,0
40.2823,-123.1029,364.1,1.2,1.1,2025-01-29,2226,Aqua,MODIS,100,61.03,292.5,123.5,D,0
40.3264,-123.5011,306.8,1.1,1.1,2025-01-29,2226,Aqua,MODIS,64,61.03,282.7,11.3,D,0
42.1189,-123.1669,310.3,1.2,1.1,2025-01-29,2226,Aqua,MODIS,70,61.03,283,16.7,D,0
43.1578,-123.797,321.9,1.2,1.1,2025-01-29,2227,Aqua,MODIS,81,61.03,283.6,29.5,D,0
43.1562,-123.811,331.5,1.2,1.1,2025-01-29,2227,Aqua,MODIS,87,61.03,286.9,43.9,D,0
43.1673,-123.7997,333.7,1.2,1.1,2025-01-29,2227,Aqua,MODIS,89,61.03,282.9,46.5,D,0
43.1656,-123.8138,342.4,1.2,1.1,2025-01-29,2227,Aqua,MODIS,93,61.03,286.5,64.2,D,0
43.3475,-123.0933,301.4,1.3,1.1,2025-01-29,2227,Aqua,MODIS,44,61.03,286.4,7.8,D,0
44.9449,-122.2627,325.9,1.5,1.2,2025-01-29,2227,Aqua,MODIS,84,61.03,283.8,47.9,D,0
44.943,-122.2823,316.9,1.5,1.2,2025-01-29,2227,Aqua,MODIS,77,61.03,282.4,31,D,0
46.048,-122.8429,304.3,1.4,1.2,2025-01-29,2227,Aqua,MODIS,55,61.03,282.5,14.6,D,0
46.0526,-122.8497,303,1.4,1.2,2025-01-29,2227,Aqua,MODIS,46,61.03,281.7,13.2,D,0
31.8404,-85.4583,302.8,1,1,2025-01-30,0252,Terra,MODIS,52,61.03,279.6,8.8,N,0
37.1196,-80.0457,312.3,1.8,1.3,2025-01-30,0253,Terra,MODIS,84,61.03,277.8,36.4,N,0
41.6384,-87.143,300.7,1,1,2025-01-30,0254,Terra,MODIS,33,61.03,273.2,9.6,N,2
37.2364,-119.4308,307.3,2.3,1.5,2025-01-30,0432,Terra,MODIS,71,61.03,271.9,45.5,N,0
47.1312,-109.5183,324.3,1.3,1.1,2025-01-30,0434,Terra,MODIS,100,61.03,267.9,41.8,N,0
36.9861,-78.6649,305.5,1.4,1.2,2025-01-30,1453,Terra,MODIS,58,61.03,269.7,17.4,D,0
36.9845,-78.6498,304,1.4,1.2,2025-01-30,1453,Terra,MODIS,50,61.03,267.5,16.1,D,0
30.3407,-83.5798,306.7,2.3,1.5,2025-01-30,1455,Terra,MODIS,64,61.03,286.9,29,D,0
30.1324,-81.8955,300.5,1.8,1.3,2025-01-30,1455,Terra,MODIS,38,61.03,287.5,10,D,0
30.171,-83.2601,305.8,2.2,1.4,2025-01-30,1455,Terra,MODIS,62,61.03,286.6,22.9,D,0
28.8691,-81.0556,300.7,1.5,1.2,2025-01-30,1455,Terra,MODIS,40,61.03,290.3,6.8,D,0
28.8667,-82.3443,303,1.8,1.3,2025-01-30,1455,Terra,MODIS,51,61.03,287.9,13.3,D,0
28.7611,-81.9656,302.1,1.7,1.3,2025-01-30,1455,Terra,MODIS,49,61.03,288.5,7.6,D,0
28.6327,-81.7146,327.8,1.6,1.3,2025-01-30,1455,Terra,MODIS,74,61.03,291.4,52.6,D,0
28.5665,-81.8473,310.3,1.7,1.3,2025-01-30,1455,Terra,MODIS,61,61.03,289.5,19.9,D,0
28.5647,-81.8305,302.8,1.7,1.3,2025-01-30,1455,Terra,MODIS,47,61.03,289.5,10,D,0
28.4054,-80.8078,304.3,1.4,1.2,2025-01-30,1455,Terra,MODIS,58,61.03,291.8,7.9,D,0
28.1922,-81.3142,304.4,1.5,1.2,2025-01-30,1455,Terra,MODIS,52,61.03,291.5,7.9,D,0
28.038,-81.5837,306.1,1.6,1.2,2025-01-30,1455,Terra,MODIS,63,61.03,293,9.7,D,0
28.0346,-81.5743,304,1.6,1.2,2025-01-30,1455,Terra,MODIS,26,61.03,292.3,6.7,D,0
27.9907,-81.5798,309.2,1.6,1.2,2025-01-30,1455,Terra,MODIS,59,61.03,293.3,13.5,D,0
27.9671,-81.5669,306.6,1.6,1.2,2025-01-30,1455,Terra,MODIS,42,61.03,292.7,9.5,D,0
27.5288,-80.3641,303.3,1.3,1.1,2025-01-30,1455,Terra,MODIS,34,61.03,292.3,5.2,D,0
27.0231,-82.357,302.4,1.7,1.3,2025-01-30,1455,Terra,MODIS,44,61.03,291.9,7.1,D,0
26.9889,-82.3497,303.5,1.7,1.3,2025-01-30,1455,Terra,MODIS,47,61.03,292.2,8.4,D,0
26.8671,-81.6304,316.4,1.5,1.2,2025-01-30,1456,Terra,MODIS,75,61.03,293.6,23.8,D,0
26.8655,-81.6152,312.6,1.5,1.2,2025-01-30,1456,Terra,MODIS,71,61.03,293,18.1,D,0
26.6799,-80.7683,308.9,1.4,1.2,2025-01-30,1456,Terra,MODIS,37,61.03,295.8,8.8,D,0
26.6697,-80.7697,341.9,1.4,1.2,2025-01-30,1456,Terra,MODIS,92,61.03,295.8,68.3,D,0
26.6682,-80.7564,316.3,1.4,1.2,2025-01-30,1456,Terra,MODIS,75,61.03,295.5,17.5,D,0
26.4824,-80.5562,315.7,1.3,1.1,2025-01-30,1456,Terra,MODIS,75,61.03,296.3,15.4,D,0
26.4809,-80.5433,327,1.3,1.1,2025-01-30,1456,Terra,MODIS,84,61.03,296.2,32.3,D,0
45.7538,-97.7535,303.7,1,1,2025-01-30,1629,Terra,MODIS,57,61.03,274.3,10.5,D,0
44.5587,-97.2342,301.1,1,1,2025-01-30,1629,Terra,MODIS,45,61.03,277.4,7.5,D,0
43.3972,-95.5673,313.1,1,1,2025-01-30,1629,Terra,MODIS,73,61.03,281.2,14.8,D,0
43.3953,-95.5551,319.3,1,1,2025-01-30,1629,Terra,MODIS,79,61.03,281.6,20.4,D,0
42.9986,-94.6451,320.8,1.1,1,2025-01-30,1629,Terra,MODIS,80,61.03,282.3,23.5,D,0
36.4455,-99.2835,300.8,1,1,2025-01-30,1631,Terra,MODIS,0,61.03,278.2,5.5,D,0
35.1357,-100.8355,301.9,1,1,2025-01-30,1632,Terra,MODIS,50,61.03,282.1,7.5,D,0
32.8855,-98.427,300.2,1,1,2025-01-30,1632,Terra,MODIS,29,61.03,286.5,5.1,D,0
32.7754,-98.4344,310.4,1,1,2025-01-30,1632,Terra,MODIS,70,61.03,286.3,12.2,D,0
32.6145,-98.711,321.6,1,1,2025-01-30,1632,Terra,MODIS,81,61.03,287.4,21.6,D,0
32.6128,-98.7003,312.4,1,1,2025-01-30,1632,Terra,MODIS,72,61.03,286.7,12.9,D,0
32.033,-98.017,314.7,1.1,1,2025-01-30,1632,Terra,MODIS,75,61.03,286.7,16.7,D,0
32.0312,-98.0057,311,1.1,1,2025-01-30,1632,Terra,MODIS,71,61.03,286.2,13.5,D,0
30.9452,-99.5964,303.7,1,1,2025-01-30,1633,Terra,MODIS,57,61.03,286.6,6.7,D,0
31.7199,-100.6578,301.5,1,1,2025-01-30,1633,Terra,MODIS,47,61.03,285.3,5.7,D,0
31.1136,-98.3596,311,1.1,1,2025-01-30,1633,Terra,MODIS,71,61.03,284.9,12.2,D,0
31.0829,-98.1692,309.8,1.1,1.1,2025-01-30,1633,Terra,MODIS,69,61.03,284.6,11.6,D,0
31.3655,-101.7772,306.1,1,1,2025-01-30,1633,Terra,MODIS,63,61.03,283.5,8.8,D,0
30.9436,-99.5861,309.7,1,1,2025-01-30,1633,Terra,MODIS,69,61.03,285.5,10.8,D,0
30.2275,-98.4377,307.6,1.1,1,2025-01-30,1633,Terra,MODIS,66,61.03,286.2,10.3,D,0
29.973,-98.4058,321.5,1.1,1.1,2025-01-30,1633,Terra,MODIS,76,61.03,285.6,24.1,D,0
30.0326,-98.9599,314.3,1.1,1,2025-01-30,1633,Terra,MODIS,75,61.03,287.9,15.3,D,0
30.0309,-98.9493,303.1,1.1,1,2025-01-30,1633,Terra,MODIS,55,61.03,286.9,6.8,D,0
30.0553,-99.7079,312.6,1,1,2025-01-30,1633,Terra,MODIS,73,61.03,285.4,13,D,0
30.0537,-99.6976,317.6,1,1,2025-01-30,1633,Terra,MODIS,78,61.03,286.4,17.3,D,0
29.9022,-98.7806,301.8,1.1,1,2025-01-30,1633,Terra,MODIS,30,61.03,285.6,5.2,D,0
29.1812,-99.1438,300.7,1.1,1,2025-01-30,1633,Terra,MODIS,36,61.03,288,3.5,D,0
48.7486,-113.3197,303.3,1.5,1.2,2025-01-30,1806,Terra,MODIS,31,61.03,272.7,15.9,D,0
46.5062,-113.906,305.5,1.6,1.2,2025-01-30,1807,Terra,MODIS,61,61.03,271.1,22.6,D,0
46.5026,-113.8885,306.3,1.6,1.2,2025-01-30,1807,Terra,MODIS,63,61.03,271.6,23.7,D,0
45.6899,-121.9387,325.7,1,1,2025-01-30,1807,Terra,MODIS,84,61.03,276.3,29.3,D,0
44.9725,-120.088,301.3,1,1,2025-01-30,1808,Terra,MODIS,46,61.03,277.3,7.8,D,0
44.6493,-120.726,303.3,1,1,2025-01-30,1808,Terra,MODIS,52,61.03,275.8,7.9,D,0
44.6475,-120.7138,303,1,1,2025-01-30,1808,Terra,MODIS,49,61.03,276.2,7.7,D,0
44.6405,-120.7285,312.5,1,1,2025-01-30,1808,Terra,MODIS,73,61.03,278.9,13.9,D,0
42.1142,-123.1631,319.9,1,1,2025-01-30,1808,Terra,MODIS,80,61.03,277.7,21.9,D,0
39.887,-116.2264,305.6,1.7,1.3,2025-01-30,1809,Terra,MODIS,47,61.03,272.1,24.9,D,0
40.4529,-122.2557,306.8,1,1,2025-01-30,1809,Terra,MODIS,64,61.03,280.1,10.4,D,0
40.5069,-123.7669,328.2,1,1,2025-01-30,1809,Terra,MODIS,85,61.03,279.6,31.6,D,0
40.3165,-122.3904,325.3,1,1,2025-01-30,1809,Terra,MODIS,84,61.03,281.4,26.5,D,0
40.2861,-123.0962,306,1,1,2025-01-30,1809,Terra,MODIS,63,61.03,279.3,10.4,D,0
40.1221,-123.4442,313.1,1,1,2025-01-30,1809,Terra,MODIS,73,61.03,280.9,15.4,D,0
40.1205,-123.4326,313.2,1,1,2025-01-30,1809,Terra,MODIS,73,61.03,281.4,15.6,D,0
40.0288,-123.3047,320.6,1,1,2025-01-30,1809,Terra,MODIS,80,61.03,280.4,21.5,D,0
40.0272,-123.2934,301.2,1,1,2025-01-30,1809,Terra,MODIS,45,61.03,279.3,6.8,D,0
39.7977,-122.1344,310.5,1,1,2025-01-30,1809,Terra,MODIS,70,61.03,281.3,12.3,D,0
39.5603,-121.3727,309.1,1,1,2025-01-30,1809,Terra,MODIS,68,61.03,282.2,12.5,D,0
39.6304,-122.011,307.8,1,1,2025-01-30,1809,Terra,MODIS,66,61.03,281.8,10.7,D,0
37.7384,-120.0713,310.9,1.2,1.1,2025-01-30,1810,Terra,MODIS,71,61.03,278.6,17.8,D,0
37.2437,-119.4343,312.3,1.3,1.1,2025-01-30,1810,Terra,MODIS,72,61.03,276.5,20.3,D,0
37.2413,-119.4211,300.4,1.3,1.1,2025-01-30,1810,Terra,MODIS,22,61.03,277.3,9.1,D,0
37.2338,-119.4362,307.6,1.3,1.1,2025-01-30,1810,Terra,MODIS,59,61.03,277.2,15.1,D,0
37.2314,-119.4233,301.3,1.3,1.1,2025-01-30,1810,Terra,MODIS,26,61.03,278.5,9.5,D,0
37.0932,-119.2898,312.2,1.3,1.1,2025-01-30,1810,Terra,MODIS,72,61.03,276.5,21.6,D,0
37.0943,-119.296,317.7,1.3,1.1,2025-01-30,1810,Terra,MODIS,78,61.03,276.8,28.3,D,0
36.5412,-119.5637,301.3,1.3,1.1,2025-01-30,1810,Terra,MODIS,46,61.03,284.6,7.8,D,0
33.502,-116.1859,301.5,2.4,1.5,2025-01-30,1810,Terra,MODIS,34,61.03,290.3,15.6,D,0
25.9886,-80.6877,337.7,1.1,1.1,2025-01-30,1944,Aqua,MODIS,83,61.03,297.3,38.8,D,0
25.9872,-80.6986,337.4,1.1,1.1,2025-01-30,1944,Aqua,MODIS,83,61.03,296.7,38.4,D,0
25.9965,-80.7001,322.5,1.1,1.1,2025-01-30,1944,Aqua,MODIS,54,61.03,295.6,17.1,D,0
26.1911,-81.378,321.8,1.1,1,2025-01-30,1944,Aqua,MODIS,77,61.03,298.3,17.2,D,0
26.1897,-81.3883,309.8,1.1,1,2025-01-30,1944,Aqua,MODIS,57,61.03,297.8,6,D,0
26.3133,-81.1595,311.2,1.1,1,2025-01-30,1944,Aqua,MODIS,60,61.03,299.2,6.4,D,0
26.4027,-81.5902,316,1.1,1,2025-01-30,1944,Aqua,MODIS,68,61.03,298.9,11.1,D,0
26.4338,-81.564,318.9,1.1,1,2025-01-30,1944,Aqua,MODIS,72,61.03,299.6,12.8,D,0
26.7797,-81.317,332.2,1.1,1,2025-01-30,1944,Aqua,MODIS,85,61.03,302.7,28.9,D,0
26.7783,-81.3275,325.7,1.1,1,2025-01-30,1944,Aqua,MODIS,80,61.03,301,19.6,D,0
26.7569,-81.6959,325.5,1,1,2025-01-30,1944,Aqua,MODIS,80,61.03,301.5,19.3,D,0
26.7555,-81.7062,318.2,1,1,2025-01-30,1944,Aqua,MODIS,71,61.03,301.2,11.2,D,0
26.7556,-82.0385,317.7,1,1,2025-01-30,1944,Aqua,MODIS,70,61.03,300.6,10.3,D,2
26.7542,-82.0485,327.4,1,1,2025-01-30,1944,Aqua,MODIS,70,61.03,301.2,20.7,D,2
27.0283,-81.1089,325.1,1.1,1,2025-01-30,1945,Aqua,MODIS,80,61.03,300.5,20.4,D,0
27.0375,-81.1104,316.5,1.1,1,2025-01-30,1945,Aqua,MODIS,70,61.03,299.6,11,D,0
27.0787,-81.6953,311.7,1.1,1,2025-01-30,1945,Aqua,MODIS,46,61.03,299.7,6.4,D,0
27.0773,-81.7056,315.7,1.1,1,2025-01-30,1945,Aqua,MODIS,68,61.03,298.8,9.9,D,0
27.4717,-80.6724,308.3,1.2,1.1,2025-01-30,1945,Aqua,MODIS,43,61.03,294.8,5.5,D,0
27.3969,-81.7956,312.1,1.1,1,2025-01-30,1945,Aqua,MODIS,62,61.03,300.4,5.8,D,0
27.6351,-80.6053,313.2,1.2,1.1,2025-01-30,1945,Aqua,MODIS,42,61.03,293.4,9.9,D,0
27.6011,-81.0956,322.7,1.1,1.1,2025-01-30,1945,Aqua,MODIS,78,61.03,296.9,17,D,0
27.5996,-81.1066,376.7,1.1,1.1,2025-01-30,1945,Aqua,MODIS,100,61.03,304.8,156.3,D,0
27.5982,-81.1176,351.2,1.1,1.1,2025-01-30,1945,Aqua,MODIS,96,61.03,306.6,66.4,D,0
27.6103,-81.0972,416.3,1.1,1.1,2025-01-30,1945,Aqua,MODIS,100,61.03,308,421.4,D,0
27.6089,-81.1082,410.2,1.1,1.1,2025-01-30,1945,Aqua,MODIS,100,61.03,307.5,364.9,D,0
27.6074,-81.1192,424.6,1.1,1.1,2025-01-30,1945,Aqua,MODIS,100,61.03,310.2,498.9,D,0
27.606,-81.1301,392.4,1.1,1.1,2025-01-30,1945,Aqua,MODIS,100,61.03,305.2,237.5,D,0
27.637,-81.0848,344.1,1.1,1.1,2025-01-30,1945,Aqua,MODIS,93,61.03,299.5,54,D,0
27.6328,-81.1179,341.3,1.1,1.1,2025-01-30,1945,Aqua,MODIS,90,61.03,296.6,46.6,D,0
27.6314,-81.1289,329.4,1.1,1.1,2025-01-30,1945,Aqua,MODIS,76,61.03,294.4,26.7,D,0
27.73,-80.9523,318.5,1.1,1.1,2025-01-30,1945,Aqua,MODIS,74,61.03,296.9,13.8,D,0
27.7393,-80.9538,365.6,1.1,1.1,2025-01-30,1945,Aqua,MODIS,100,61.03,299.4,117.1,D,0
27.7379,-80.965,335.2,1.1,1.1,2025-01-30,1945,Aqua,MODIS,88,61.03,297.3,36.3,D,0
27.8188,-81.8142,341.1,1.1,1,2025-01-30,1945,Aqua,MODIS,91,61.03,302.4,44.4,D,0
27.8174,-81.8247,313,1.1,1,2025-01-30,1945,Aqua,MODIS,63,61.03,301.1,7.2,D,0
27.9897,-81.0826,307.8,1.1,1.1,2025-01-30,1945,Aqua,MODIS,37,61.03,293.5,5.6,D,0
28.0005,-81.0729,313.4,1.1,1.1,2025-01-30,1945,Aqua,MODIS,67,61.03,293.1,10.3,D,0
27.999,-81.0841,346.5,1.1,1.1,2025-01-30,1945,Aqua,MODIS,94,61.03,295.3,62.1,D,0
28.0091,-81.2725,314.5,1.1,1.1,2025-01-30,1945,Aqua,MODIS,37,61.03,296.7,7.8,D,0
28.0183,-81.274,316.5,1.1,1.1,2025-01-30,1945,Aqua,MODIS,45,61.03,296.9,9.9,D,0
28.0276,-81.2755,337.2,1.1,1.1,2025-01-30,1945,Aqua,MODIS,89,61.03,295.7,38.6,D,0
28.0368,-81.2771,325.3,1.1,1.1,2025-01-30,1945,Aqua,MODIS,81,61.03,294.4,21,D,0
28.0335,-81.5822,319.2,1.1,1,2025-01-30,1945,Aqua,MODIS,75,61.03,300.8,12,D,0
28.0468,-81.5516,313.1,1.1,1,2025-01-30,1945,Aqua,MODIS,52,61.03,298.9,7.6,D,0
28.1225,-81.1851,328.4,1.1,1.1,2025-01-30,1945,Aqua,MODIS,81,61.03,294.8,25.6,D,0
28.1211,-81.1963,354.7,1.1,1.1,2025-01-30,1945,Aqua,MODIS,97,61.03,296.8,80.3,D,0
28.1318,-81.1867,314.1,1.1,1.1,2025-01-30,1945,Aqua,MODIS,61,61.03,294.6,10.5,D,0
28.1303,-81.1978,322.1,1.1,1.1,2025-01-30,1945,Aqua,MODIS,78,61.03,293.6,18.8,D,0
28.148,-81.2798,308.3,1.1,1.1,2025-01-30,1945,Aqua,MODIS,50,61.03,295.2,5.8,D,0
28.1969,-81.3161,318.4,1.1,1.1,2025-01-30,1945,Aqua,MODIS,70,61.03,291.1,14.8,D,0
28.444,-82.0936,352,1,1,2025-01-30,1945,Aqua,MODIS,86,61.03,283.5,64.9,D,0
28.453,-82.0951,347.1,1,1,2025-01-30,1945,Aqua,MODIS,94,61.03,278.6,56.1,D,0
28.4516,-82.1056,324.7,1,1,2025-01-30,1945,Aqua,MODIS,53,61.03,273.4,19.2,D,0
28.5902,-82.3753,306.6,1,1,2025-01-30,1945,Aqua,MODIS,36,61.03,295.4,3.7,D,0
28.5813,-82.5728,319.4,1,1,2025-01-30,1945,Aqua,MODIS,76,61.03,295.4,14.8,D,0
28.5799,-82.583,310.7,1,1,2025-01-30,1945,Aqua,MODIS,64,61.03,295,7.7,D,0
28.5902,-82.5744,311,1,1,2025-01-30,1945,Aqua,MODIS,25,61.03,296.1,6.8,D,0
28.6739,-82.0281,320.4,1.1,1,2025-01-30,1945,Aqua,MODIS,73,61.03,300.3,14.5,D,2
28.7638,-82.3871,313.3,1,1,2025-01-30,1945,Aqua,MODIS,67,61.03,296.6,8,D,0
28.7624,-82.3974,353.8,1,1,2025-01-30,1945,Aqua,MODIS,97,61.03,301.4,70.3,D,0
28.761,-82.4077,311.7,1,1,2025-01-30,1945,Aqua,MODIS,52,61.03,297.6,6.6,D,0
28.7727,-82.3886,342.8,1,1,2025-01-30,1945,Aqua,MODIS,92,61.03,296.2,46.2,D,0
28.7713,-82.399,403.7,1,1,2025-01-30,1945,Aqua,MODIS,100,61.03,303,285.7,D,0
28.7699,-82.4093,375.5,1,1,2025-01-30,1945,Aqua,MODIS,100,61.03,300.7,138.3,D,0
28.7685,-82.4196,328.2,1,1,2025-01-30,1945,Aqua,MODIS,84,61.03,297.2,24,D,0
28.8607,-82.2128,306.9,1,1,2025-01-30,1945,Aqua,MODIS,43,61.03,295.7,4.7,D,0
28.8593,-82.2233,314.2,1,1,2025-01-30,1945,Aqua,MODIS,70,61.03,295.4,10.4,D,0
28.8698,-82.221,310.2,1,1,2025-01-30,1945,Aqua,MODIS,62,61.03,295.1,7.8,D,0
29.1446,-81.9567,312.9,1.1,1,2025-01-30,1945,Aqua,MODIS,68,61.03,295.7,10,D,0
29.365,-81.5372,316.6,1.1,1.1,2025-01-30,1945,Aqua,MODIS,74,61.03,293.1,14.2,D,0
29.3635,-81.5484,308.1,1.1,1.1,2025-01-30,1945,Aqua,MODIS,52,61.03,293.6,6.7,D,0
29.5242,-82.2827,316.4,1.1,1,2025-01-30,1945,Aqua,MODIS,75,61.03,288,13.7,D,0
29.6329,-81.5203,307.6,1.1,1.1,2025-01-30,1945,Aqua,MODIS,62,61.03,290,7.8,D,0
29.5332,-82.2843,314.8,1.1,1,2025-01-30,1945,Aqua,MODIS,73,61.03,289.3,12.2,D,0
29.7238,-82.1667,344.1,1.1,1,2025-01-30,1945,Aqua,MODIS,93,61.03,296.2,53.1,D,0
29.7224,-82.1775,305.2,1.1,1,2025-01-30,1945,Aqua,MODIS,48,61.03,292.1,4.4,D,0
29.7727,-81.8643,318.7,1.1,1,2025-01-30,1945,Aqua,MODIS,78,61.03,280.6,18.6,D,0
29.7328,-82.1683,309.4,1.1,1,2025-01-30,1945,Aqua,MODIS,67,61.03,292,7.4,D,0
29.7308,-82.5259,308.3,1,1,2025-01-30,1945,Aqua,MODIS,65,61.03,293.2,5.5,D,0
29.6919,-83.0861,304.8,1,1,2025-01-30,1945,Aqua,MODIS,46,61.03,291.6,3.4,D,0
29.875,-81.9336,307.3,1.1,1,2025-01-30,1945,Aqua,MODIS,64,61.03,283,7.6,D,0
29.8736,-81.9446,314.9,1.1,1,2025-01-30,1945,Aqua,MODIS,75,61.03,284.1,13.8,D,0
29.7923,-82.8207,313,1,1,2025-01-30,1945,Aqua,MODIS,72,61.03,291.1,9.3,D,0
29.9717,-82.7916,308,1,1,2025-01-30,1945,Aqua,MODIS,61,61.03,291.9,5.4,D,0
29.9702,-82.8019,316.8,1,1,2025-01-30,1945,Aqua,MODIS,77,61.03,294.4,12.2,D,0
30.1402,-82.9729,306,1,1,2025-01-30,1945,Aqua,MODIS,63,61.03,289.6,4.5,D,0
30.1636,-83.2673,312.7,1,1,2025-01-30,1945,Aqua,MODIS,73,61.03,295,8,D,0
30.2023,-83.9117,320.4,1,1,2025-01-30,1945,Aqua,MODIS,47,61.03,291.3,14.6,D,0
30.2009,-83.9218,322,1,1,2025-01-30,1945,Aqua,MODIS,60,61.03,291.7,16.4,D,0
30.2111,-83.9134,316.6,1,1,2025-01-30,1945,Aqua,MODIS,48,61.03,290.8,11.5,D,0
30.2096,-83.9235,323.5,1,1,2025-01-30,1945,Aqua,MODIS,78,61.03,291.1,18.2,D,0
32.2426,-83.4527,301.7,1,1,2025-01-30,1946,Aqua,MODIS,49,61.03,288.6,4.1,D,0
30.4555,-82.6199,316.7,1,1,2025-01-30,1946,Aqua,MODIS,77,61.03,283.2,15.7,D,0
30.3427,-83.5817,306,1,1,2025-01-30,1946,Aqua,MODIS,58,61.03,291.2,4.3,D,0
30.3412,-83.5918,306.6,1,1,2025-01-30,1946,Aqua,MODIS,64,61.03,292.3,5,D,0
30.447,-83.4923,307.7,1,1,2025-01-30,1946,Aqua,MODIS,66,61.03,290.7,6.6,D,0
30.4285,-83.8746,311.5,1,1,2025-01-30,1946,Aqua,MODIS,71,61.03,293.7,8.7,D,0
30.4895,-83.5109,325.5,1,1,2025-01-30,1946,Aqua,MODIS,84,61.03,289,22.7,D,0
30.8009,-81.9634,303.2,1.1,1,2025-01-30,1946,Aqua,MODIS,55,61.03,283.2,6.7,D,0
30.3084,-85.8779,301.5,1.1,1,2025-01-30,1946,Aqua,MODIS,29,61.03,287.5,4.1,D,0
30.3585,-86.0298,304.8,1.1,1,2025-01-30,1946,Aqua,MODIS,60,61.03,286.4,6.6,D,0
30.6156,-84.5553,303.3,1,1,2025-01-30,1946,Aqua,MODIS,55,61.03,286,4.2,D,0
30.6448,-85.2813,319.2,1,1,2025-01-30,1946,Aqua,MODIS,79,61.03,281.3,17,D,0
30.9047,-83.7794,315.9,1,1,2025-01-30,1946,Aqua,MODIS,76,61.03,289.4,12.9,D,0
30.9033,-83.7896,338.1,1,1,2025-01-30,1946,Aqua,MODIS,91,61.03,289.5,39.5,D,0
30.9357,-84.3244,303.3,1,1,2025-01-30,1946,Aqua,MODIS,56,61.03,282.1,5.1,D,0
31.0141,-84.0539,304.8,1,1,2025-01-30,1946,Aqua,MODIS,60,61.03,286,5.2,D,0
31.2599,-82.5354,312.4,1.1,1,2025-01-30,1946,Aqua,MODIS,57,61.03,292.5,9.9,D,0
31.2585,-82.5463,319.1,1.1,1,2025-01-30,1946,Aqua,MODIS,79,61.03,292.9,16.3,D,0
31.2675,-82.548,320.4,1.1,1,2025-01-30,1946,Aqua,MODIS,80,61.03,292.5,17.3,D,0
31.2546,-82.6457,317.2,1.1,1,2025-01-30,1946,Aqua,MODIS,77,61.03,293.3,14.9,D,0
31.2531,-82.6565,308.4,1.1,1,2025-01-30,1946,Aqua,MODIS,67,61.03,292.3,7.4,D,0
30.6858,-86.8542,311.2,1.2,1.1,2025-01-30,1946,Aqua,MODIS,71,61.03,288.5,11.8,D,0
30.6951,-86.8563,306.4,1.2,1.1,2025-01-30,1946,Aqua,MODIS,51,61.03,286.8,7.7,D,0
31.5105,-81.6687,302.2,1.2,1.1,2025-01-30,1946,Aqua,MODIS,48,61.03,289.9,5.3,D,0
31.3949,-83.2405,314.7,1,1,2025-01-30,1946,Aqua,MODIS,75,61.03,287.7,12.6,D,0
31.4414,-83.1036,301.5,1,1,2025-01-30,1946,Aqua,MODIS,47,61.03,278.9,5.4,D,0
31.662,-81.9232,312.8,1.1,1.1,2025-01-30,1946,Aqua,MODIS,73,61.03,290.6,11.2,D,0
31.6694,-81.9194,303.6,1.1,1.1,2025-01-30,1946,Aqua,MODIS,57,61.03,289.1,4.8,D,0
31.668,-81.931,315.6,1.1,1.1,2025-01-30,1946,Aqua,MODIS,76,61.03,289.4,15,D,0
31.5307,-83.0618,306.8,1,1,2025-01-30,1946,Aqua,MODIS,64,61.03,286.4,7.5,D,0
31.5293,-83.0725,303.1,1,1,2025-01-30,1946,Aqua,MODIS,55,61.03,283.5,5.3,D,0
31.6169,-82.6921,310.9,1.1,1,2025-01-30,1946,Aqua,MODIS,71,61.03,293.9,8.7,D,0
31.3679,-84.848,314.2,1,1,2025-01-30,1946,Aqua,MODIS,74,61.03,290.4,12.3,D,0
30.996,-87.4467,303.2,1.2,1.1,2025-01-30,1946,Aqua,MODIS,45,61.03,285.6,6.9,D,0
31.1399,-86.9772,314,1.2,1.1,2025-01-30,1946,Aqua,MODIS,49,61.03,292.4,13.3,D,0
31.1492,-86.9794,315.2,1.2,1.1,2025-01-30,1946,Aqua,MODIS,60,61.03,291.7,14.5,D,0
31.7127,-83.347,302.6,1,1,2025-01-30,1946,Aqua,MODIS,53,61.03,289.2,4.1,D,0
31.4944,-84.9868,303.7,1,1,2025-01-30,1946,Aqua,MODIS,57,61.03,286.8,5,D,0
31.954,-82.0704,314.8,1.1,1.1,2025-01-30,1946,Aqua,MODIS,75,61.03,286.7,15.2,D,0
31.9526,-82.082,301.1,1.1,1.1,2025-01-30,1946,Aqua,MODIS,44,61.03,287,4.2,D,0
31.6552,-84.2765,307.2,1,1,2025-01-30,1946,Aqua,MODIS,65,61.03,276.7,7.7,D,0
31.8128,-83.2851,302.1,1,1,2025-01-30,1946,Aqua,MODIS,48,61.03,286.1,4,D,0
32.0284,-81.7829,318.1,1.2,1.1,2025-01-30,1946,Aqua,MODIS,78,61.03,289.4,17.9,D,0
32.0773,-81.4687,314.2,1.2,1.1,2025-01-30,1946,Aqua,MODIS,74,61.03,281.5,17.9,D,0
31.9767,-82.2624,303.7,1.1,1,2025-01-30,1946,Aqua,MODIS,49,61.03,287.5,5.3,D,0
31.9753,-82.2738,301.3,1.1,1,2025-01-30,1946,Aqua,MODIS,33,61.03,285.7,3.7,D,0
31.4813,-85.7311,328.7,1,1,2025-01-30,1946,Aqua,MODIS,65,61.03,276.5,29.3,D,0
31.8838,-83.5105,319.8,1,1,2025-01-30,1946,Aqua,MODIS,80,61.03,288,16.7,D,0
31.8823,-83.521,317.5,1,1,2025-01-30,1946,Aqua,MODIS,78,61.03,288,14.5,D,0
31.9644,-83.3262,306.7,1,1,2025-01-30,1946,Aqua,MODIS,64,61.03,288.2,6.6,D,0
31.9629,-83.3368,302,1,1,2025-01-30,1946,Aqua,MODIS,50,61.03,289.9,3.7,D,0
31.6781,-85.3633,304.4,1,1,2025-01-30,1946,Aqua,MODIS,59,61.03,290.2,4.8,D,0
31.6765,-85.3736,305,1,1,2025-01-30,1946,Aqua,MODIS,60,61.03,291.1,5.2,D,0
31.9506,-83.882,300.2,1,1,2025-01-30,1946,Aqua,MODIS,33,61.03,287.6,3,D,0
31.1301,-88.9744,320.6,1.5,1.2,2025-01-30,1946,Aqua,MODIS,66,61.03,288.8,27.2,D,0
32.2903,-81.5871,309.7,1.2,1.1,2025-01-30,1946,Aqua,MODIS,69,61.03,289.7,11.2,D,0
32.2888,-81.5994,328.2,1.2,1.1,2025-01-30,1946,Aqua,MODIS,85,61.03,289.7,33.5,D,0
32.0942,-83.4552,303.8,1,1,2025-01-30,1946,Aqua,MODIS,57,61.03,284.7,5.4,D,0
32.0927,-83.4658,302.8,1,1,2025-01-30,1946,Aqua,MODIS,54,61.03,282.1,4.8,D,0
32.0612,-83.8308,312.8,1,1,2025-01-30,1946,Aqua,MODIS,58,61.03,288.3,9.9,D,0
32.0597,-83.8412,317.7,1,1,2025-01-30,1946,Aqua,MODIS,78,61.03,288.1,14,D,0
31.8388,-85.4637,312.6,1,1,2025-01-30,1946,Aqua,MODIS,72,61.03,294.8,9.9,D,0
31.8371,-85.4741,308.7,1,1,2025-01-30,1946,Aqua,MODIS,66,61.03,294.7,7,D,0
32.0802,-84.0157,313.2,1,1,2025-01-30,1946,Aqua,MODIS,73,61.03,289.5,10.3,D,0
32.0788,-84.0261,314.1,1,1,2025-01-30,1946,Aqua,MODIS,74,61.03,292,10.8,D,0
32.089,-84.0175,308.5,1,1,2025-01-30,1946,Aqua,MODIS,39,61.03,289.2,6.6,D,0
32.0876,-84.0278,310.3,1,1,2025-01-30,1946,Aqua,MODIS,48,61.03,290.3,7.5,D,0
32.5165,-81.1462,302.1,1.3,1.1,2025-01-30,1946,Aqua,MODIS,51,61.03,288.6,6.4,D,0
32.5029,-81.509,320.7,1.2,1.1,2025-01-30,1946,Aqua,MODIS,80,61.03,287.1,24,D,0
32.4611,-81.9263,306.6,1.2,1.1,2025-01-30,1946,Aqua,MODIS,64,61.03,285.4,8.1,D,0
32.5136,-81.7381,317.2,1.2,1.1,2025-01-30,1946,Aqua,MODIS,77,61.03,287.6,17.9,D,0
32.5121,-81.7503,325,1.2,1.1,2025-01-30,1946,Aqua,MODIS,83,61.03,287.4,27.8,D,0
32.5168,-81.7443,328.6,1.2,1.1,2025-01-30,1946,Aqua,MODIS,86,61.03,287.9,34.3,D,0
32.5153,-81.7565,306.2,1.2,1.1,2025-01-30,1946,Aqua,MODIS,63,61.03,286.7,8,D,0
32.5975,-81.4795,303,1.2,1.1,2025-01-30,1946,Aqua,MODIS,54,61.03,287.7,6.3,D,0
32.255,-84.2118,303,1,1,2025-01-30,1946,Aqua,MODIS,55,61.03,284.9,5,D,0
32.2549,-84.2755,307.6,1,1,2025-01-30,1946,Aqua,MODIS,66,61.03,279.4,8.4,D,0
32.249,-84.3168,303.8,1,1,2025-01-30,1946,Aqua,MODIS,48,61.03,286.1,4.9,D,0
32.5239,-82.3742,319.4,1.1,1,2025-01-30,1946,Aqua,MODIS,79,61.03,288.2,18.7,D,0
32.5224,-82.3857,322.2,1.1,1,2025-01-30,1946,Aqua,MODIS,81,61.03,288.5,21.7,D,0
32.5802,-81.984,302.1,1.2,1.1,2025-01-30,1946,Aqua,MODIS,51,61.03,288.2,4.5,D,0
32.5787,-81.996,302.6,1.1,1.1,2025-01-30,1946,Aqua,MODIS,53,61.03,288.4,4.7,D,0
32.5307,-82.382,307.3,1.1,1,2025-01-30,1946,Aqua,MODIS,56,61.03,287.5,9.3,D,0
32.5921,-82.1194,301.7,1.1,1.1,2025-01-30,1946,Aqua,MODIS,49,61.03,281.8,6,D,0
32.6662,-81.9868,315.6,1.2,1.1,2025-01-30,1946,Aqua,MODIS,76,61.03,283.5,16.5,D,0
32.6646,-81.9988,310,1.2,1.1,2025-01-30,1946,Aqua,MODIS,69,61.03,284.9,11,D,0
32.6702,-81.9932,309.7,1.2,1.1,2025-01-30,1946,Aqua,MODIS,69,61.03,284.8,10.4,D,0
32.6075,-82.7152,336.2,1.1,1,2025-01-30,1946,Aqua,MODIS,90,61.03,290.1,41.4,D,0
32.6532,-82.4334,312.3,1.1,1,2025-01-30,1946,Aqua,MODIS,72,61.03,279.5,14.2,D,0
32.6517,-82.4448,316.8,1.1,1,2025-01-30,1946,Aqua,MODIS,77,61.03,279.3,18.6,D,0
32.6751,-82.837,316.7,1.1,1,2025-01-30,1946,Aqua,MODIS,77,61.03,290,15.3,D,0
32.4887,-84.331,301.8,1,1,2025-01-30,1946,Aqua,MODIS,47,61.03,280.8,4.5,D,0
32.8667,-81.6979,302.9,1.2,1.1,2025-01-30,1946,Aqua,MODIS,54,61.03,283.1,7.1,D,0
33.1199,-79.5876,301.6,1.6,1.2,2025-01-30,1946,Aqua,MODIS,48,61.03,286.3,9,D,0
33.1213,-79.5935,305.4,1.6,1.2,2025-01-30,1946,Aqua,MODIS,61,61.03,286.4,12.6,D,0
32.9303,-81.3519,306.8,1.2,1.1,2025-01-30,1946,Aqua,MODIS,64,61.03,281.7,11.1,D,0
32.4461,-85.6166,306.3,1,1,2025-01-30,1946,Aqua,MODIS,63,61.03,281.2,8,D,0
32.9728,-82.738,325.9,1.1,1,2025-01-30,1946,Aqua,MODIS,84,61.03,274.7,28.5,D,0
32.9714,-82.7493,315.7,1.1,1,2025-01-30,1946,Aqua,MODIS,76,61.03,275.4,17,D,0
33.0541,-82.608,310.4,1.1,1,2025-01-30,1946,Aqua,MODIS,60,61.03,277.7,12,D,0
33.1326,-82.1309,306.6,1.1,1.1,2025-01-30,1946,Aqua,MODIS,64,61.03,280.3,9.7,D,0
33.0753,-82.5885,332.3,1.1,1,2025-01-30,1946,Aqua,MODIS,83,61.03,273.5,37.7,D,0
33.0739,-82.6,311.2,1.1,1,2025-01-30,1946,Aqua,MODIS,38,61.03,277.5,12.4,D,0
33.1584,-81.9996,302.9,1.2,1.1,2025-01-30,1946,Aqua,MODIS,54,61.03,283.6,7,D,0
32.7562,-85.0929,307.9,1,1,2025-01-30,1946,Aqua,MODIS,66,61.03,290,7.7,D,0
32.4921,-86.8984,313.8,1.1,1,2025-01-30,1946,Aqua,MODIS,74,61.03,293.1,11.8,D,0
32.7805,-86.1429,304.7,1,1,2025-01-30,1946,Aqua,MODIS,60,61.03,285.1,6.2,D,0
33.294,-82.8281,326.8,1.1,1,2025-01-30,1946,Aqua,MODIS,85,61.03,275.5,29.6,D,0
33.2926,-82.8394,306.5,1.1,1,2025-01-30,1946,Aqua,MODIS,64,61.03,273.4,9.3,D,0
33.3006,-82.8349,306.3,1.1,1,2025-01-30,1946,Aqua,MODIS,60,61.03,275.4,9.9,D,0
32.8917,-85.7877,302.7,1,1,2025-01-30,1946,Aqua,MODIS,50,61.03,284.5,4.9,D,0
32.8901,-85.7983,307.8,1,1,2025-01-30,1946,Aqua,MODIS,66,61.03,285.3,8,D,0
33.3705,-82.5063,314.3,1.1,1.1,2025-01-30,1946,Aqua,MODIS,70,61.03,277.4,16.6,D,0
33.6455,-80.3372,305.1,1.4,1.2,2025-01-30,1946,Aqua,MODIS,61,61.03,281.7,12.9,D,0
33.286,-83.7843,312.8,1,1,2025-01-30,1946,Aqua,MODIS,63,61.03,270.6,14.9,D,0
33.0034,-86.7207,303.1,1.1,1,2025-01-30,1946,Aqua,MODIS,55,61.03,288.3,4.7,D,0
32.9618,-87.1998,306.8,1.1,1.1,2025-01-30,1946,Aqua,MODIS,64,61.03,286,8.1,D,0
33.1534,-86.7102,303,1.1,1,2025-01-30,1946,Aqua,MODIS,54,61.03,286.5,5,D,0
34.1741,-84.882,302.2,1,1,2025-01-30,1947,Aqua,MODIS,51,61.03,276.9,5.8,D,0
42.8359,-89.6269,300,1,1,2025-01-30,1949,Aqua,MODIS,24,61.03,285.5,5.2,D,0
42.509,-91.9298,302,1.3,1.1,2025-01-30,1949,Aqua,MODIS,50,61.03,288.6,6.8,D,0
42.5063,-91.9447,310.8,1.3,1.1,2025-01-30,1949,Aqua,MODIS,71,61.03,287,15,D,0
42.9537,-89.8188,305.7,1.1,1,2025-01-30,1949,Aqua,MODIS,62,61.03,285.4,8.6,D,0
42.9516,-89.8312,305.8,1.1,1,2025-01-30,1949,Aqua,MODIS,62,61.03,285.7,8.7,D,0
41.5856,-92.2912,311.5,1.4,1.2,2025-01-30,1949,Aqua,MODIS,71,61.03,287.2,17.3,D,0
42.8981,-90.3209,301,1.1,1,2025-01-30,1949,Aqua,MODIS,43,61.03,284.8,5.7,D,0
42.5197,-92.5433,308.8,1.4,1.2,2025-01-30,1949,Aqua,MODIS,68,61.03,290.5,12.1,D,0
43.594,-88.5366,305.9,1,1,2025-01-30,1949,Aqua,MODIS,62,61.03,283.1,8.7,D,0
42.583,-94.9302,302.6,1.8,1.3,2025-01-30,1949,Aqua,MODIS,53,61.03,289.1,8.5,D,0
42.5942,-94.9347,302.2,1.8,1.3,2025-01-30,1949,Aqua,MODIS,50,61.03,289.2,8,D,0
43.5819,-94.2747,326.2,1.6,1.2,2025-01-30,1949,Aqua,MODIS,80,61.03,289.3,47.5,D,0
43.5781,-94.2932,322.7,1.6,1.2,2025-01-30,1949,Aqua,MODIS,77,61.03,289.5,40.1,D,0
41.5825,-92.307,305.6,1.4,1.2,2025-01-30,1949,Aqua,MODIS,62,61.03,286.3,10.8,D,0
43.0912,-97.4459,325.4,2.4,1.5,2025-01-30,1950,Aqua,MODIS,84,61.03,287.9,88.2,D,0
43.0945,-97.4236,307.1,2.4,1.5,2025-01-30,1950,Aqua,MODIS,65,61.03,287.3,29,D,0
43.0878,-97.4515,318.6,2.4,1.5,2025-01-30,1950,Aqua,MODIS,79,61.03,287.6,62.5,D,0
44.066,-93.5761,309,1.4,1.2,2025-01-30,1950,Aqua,MODIS,68,61.03,286.2,16.4,D,0
46.7102,-98.2672,309,2.1,1.4,2025-01-30,1951,Aqua,MODIS,64,61.03,276.3,36.6,D,0
46.722,-98.2731,304,2.1,1.4,2025-01-30,1951,Aqua,MODIS,58,61.03,276.8,26.6,D,0
32.955,-112.9224,311.7,1.2,1.1,2025-01-30,2125,Aqua,MODIS,60,61.03,294.1,12.4,D,0
33.416,-110.8622,305.8,1,1,2025-01-30,2125,Aqua,MODIS,38,61.03,290,7.4,D,2
32.6695,-115.5466,311.9,1.8,1.3,2025-01-30,2125,Aqua,MODIS,57,61.03,298.5,12.3,D,0
32.666,-115.5505,314.2,1.8,1.3,2025-01-30,2125,Aqua,MODIS,66,61.03,299.2,18.4,D,0
33.339,-112.9284,319.1,1.2,1.1,2025-01-30,2125,Aqua,MODIS,75,61.03,295.5,14.9,D,0
33.0441,-115.5425,311,1.8,1.3,2025-01-30,2125,Aqua,MODIS,61,61.03,299.4,16,D,0
34.5734,-107.9434,311.1,1.1,1,2025-01-30,2125,Aqua,MODIS,71,61.03,282.8,13.8,D,0
39.5718,-122.0407,305.7,3.1,1.7,2025-01-30,2127,Aqua,MODIS,58,61.03,287.5,32.4,D,0
37.8224,-119.9382,336.7,2.6,1.5,2025-01-30,2127,Aqua,MODIS,90,61.03,284.6,160,D,0
37.8158,-119.9675,300.2,2.6,1.5,2025-01-30,2127,Aqua,MODIS,32,61.03,283.7,23.3,D,0
37.837,-119.9195,300.1,2.5,1.5,2025-01-30,2127,Aqua,MODIS,27,61.03,283,20.8,D,0
37.8305,-119.9472,338,2.6,1.5,2025-01-30,2127,Aqua,MODIS,91,61.03,283.1,166,D,0
40.3931,-105.6055,302.5,1.6,1.3,2025-01-30,2127,Aqua,MODIS,41,61.03,271.8,17.5,D,0
39.8071,-120.2434,301.7,2.4,1.5,2025-01-30,2127,Aqua,MODIS,46,61.03,290.6,12.5,D,0
39.8196,-120.2483,303.4,2.4,1.5,2025-01-30,2127,Aqua,MODIS,56,61.03,290.9,16.5,D,0
39.587,-122.0542,303.7,3.1,1.7,2025-01-30,2127,Aqua,MODIS,31,61.03,288.3,25.2,D,0
39.5786,-122.0874,306.1,3.1,1.7,2025-01-30,2127,Aqua,MODIS,48,61.03,289.1,32.6,D,0
40.2686,-123.0667,311.5,3.4,1.7,2025-01-30,2128,Aqua,MODIS,71,61.03,278.9,76.7,D,0
40.2579,-123.1089,348.3,3.4,1.7,2025-01-30,2128,Aqua,MODIS,95,61.03,283.9,361.4,D,0
40.2832,-123.0726,301.2,3.4,1.7,2025-01-30,2128,Aqua,MODIS,33,61.03,279.2,37,D,0
40.2731,-123.1125,325.1,3.4,1.7,2025-01-30,2128,Aqua,MODIS,84,61.03,281.8,149.5,D,0
40.2805,-123.0807,320.3,3.4,1.7,2025-01-30,2128,Aqua,MODIS,80,61.03,280.1,116.4,D,0
40.2703,-123.1202,328.3,3.4,1.7,2025-01-30,2128,Aqua,MODIS,86,61.03,282.3,168.9,D,0
44.4436,-109.8617,322.5,1.1,1.1,2025-01-30,2128,Aqua,MODIS,62,61.03,274.7,30.8,D,0
44.4418,-109.8771,309.4,1.1,1.1,2025-01-30,2128,Aqua,MODIS,52,61.03,272.6,17.2,D,0
42.5747,-121.1913,315.3,2.2,1.5,2025-01-30,2128,Aqua,MODIS,57,61.03,275.8,55.5,D,0
42.5744,-121.1951,306.5,2.2,1.5,2025-01-30,2128,Aqua,MODIS,55,61.03,275.7,35.1,D,0
45.7182,-111.9738,339.1,1,1,2025-01-30,2128,Aqua,MODIS,89,61.03,275.6,48.4,D,0
45.4252,-117.2066,311.6,1.2,1.1,2025-01-30,2129,Aqua,MODIS,72,61.03,283.3,16.7,D,0
46.5054,-113.8952,309.2,1,1,2025-01-30,2129,Aqua,MODIS,59,61.03,272.4,14.1,D,0
46.7691,-112.3415,344.5,1,1,2025-01-30,2129,Aqua,MODIS,82,61.03,275.7,55.9,D,0
46.7797,-112.3309,315.5,1,1,2025-01-30,2129,Aqua,MODIS,36,61.03,272.5,17.4,D,0
46.778,-112.3438,323.8,1,1,2025-01-30,2129,Aqua,MODIS,69,61.03,272,25.9,D,0
40.2712,-123.0997,317,4.5,2,2025-01-30,2305,Aqua,MODIS,67,61.03,278.1,161.8,D,0
40.2721,-123.1039,317.3,4.5,2,2025-01-30,2305,Aqua,MODIS,68,61.03,278.2,164.4,D,0
29.7586,-95.0152,307.6,1,1,2025-01-31,0331,Terra,MODIS,72,61.03,286,9.9,N,2
46.9964,-94.8879,305.1,1.3,1.1,2025-01-31,0336,Terra,MODIS,63,61.03,266.2,18.8,N,0
33.6674,-83.789,300.3,1,1,2025-01-31,1533,Terra,MODIS,15,61.03,287.8,3.5,D,0
32.5162,-81.1494,309.8,1.4,1.2,2025-01-31,1533,Terra,MODIS,69,61.03,288.1,15.2,D,0
32.5137,-81.1353,303.7,1.4,1.2,2025-01-31,1533,Terra,MODIS,57,61.03,286.4,9.1,D,0
31.6188,-82.7663,308.7,1.2,1.1,2025-01-31,1534,Terra,MODIS,68,61.03,288.7,10.2,D,0
31.0133,-83.2422,303,1.1,1.1,2025-01-31,1534,Terra,MODIS,55,61.03,291.1,5.1,D,0
31.0157,-84.916,306,1,1,2025-01-31,1534,Terra,MODIS,54,61.03,291.4,4.9,D,0
31.0141,-84.9057,306.2,1,1,2025-01-31,1534,Terra,MODIS,52,61.03,292.2,5.1,D,0
30.6108,-82.9908,315.3,1.2,1.1,2025-01-31,1534,Terra,MODIS,76,61.03,291,16.6,D,0
30.5621,-83.0508,302,1.2,1.1,2025-01-31,1534,Terra,MODIS,50,61.03,289,4.2,D,0
30.1649,-83.2776,312.3,1.2,1.1,2025-01-31,1534,Terra,MODIS,71,61.03,289.7,10.8,D,0
29.79,-82.8185,305.6,1.2,1.1,2025-01-31,1534,Terra,MODIS,55,61.03,293.6,6.5,D,0
29.7879,-82.8061,304.3,1.2,1.1,2025-01-31,1534,Terra,MODIS,51,61.03,293.1,5.8,D,0
28.8629,-81.0672,312.3,1.6,1.3,2025-01-31,1534,Terra,MODIS,70,61.03,293.8,19.3,D,0
28.2005,-81.3158,306.4,1.6,1.3,2025-01-31,1535,Terra,MODIS,57,61.03,295.1,8.9,D,0
28.8619,-82.345,305.3,1.4,1.2,2025-01-31,1535,Terra,MODIS,40,61.03,294.1,6.8,D,0
28.6735,-82.0279,309.7,1.4,1.2,2025-01-31,1535,Terra,MODIS,65,61.03,295.2,10.8,D,2
28.6711,-82.0137,305.8,1.4,1.2,2025-01-31,1535,Terra,MODIS,55,61.03,295.2,6.8,D,2
28.1965,-81.306,307.7,1.6,1.3,2025-01-31,1535,Terra,MODIS,61,61.03,295.2,9.7,D,0
28.1286,-81.5718,308.7,1.6,1.2,2025-01-31,1535,Terra,MODIS,58,61.03,294.5,10.6,D,0
28.0376,-81.5826,306.7,1.6,1.2,2025-01-31,1535,Terra,MODIS,58,61.03,294,7.5,D,0
28.0269,-81.5851,306.4,1.6,1.2,2025-01-31,1535,Terra,MODIS,53,61.03,294.1,7,D,0
27.9675,-81.5667,308.5,1.6,1.2,2025-01-31,1535,Terra,MODIS,55,61.03,296.2,9.6,D,0
27.9656,-81.5737,308.3,1.6,1.2,2025-01-31,1535,Terra,MODIS,44,61.03,295.9,9.6,D,0
27.6225,-81.1482,305.8,1.7,1.3,2025-01-31,1535,Terra,MODIS,43,61.03,295.2,7.5,D,0
27.6194,-81.1316,308.4,1.7,1.3,2025-01-31,1535,Terra,MODIS,57,61.03,295.2,10.6,D,0
27.1379,-80.9173,306.9,1.8,1.3,2025-01-31,1535,Terra,MODIS,57,61.03,295.9,10.4,D,0
27.2031,-81.395,310.3,1.7,1.3,2025-01-31,1535,Terra,MODIS,65,61.03,296.3,14.6,D,0
26.8431,-80.5697,310.1,1.9,1.4,2025-01-31,1535,Terra,MODIS,64,61.03,296.8,15.1,D,0
26.7994,-80.5995,316.2,1.9,1.4,2025-01-31,1535,Terra,MODIS,73,61.03,296.7,28,D,0
26.8694,-81.7269,331.3,1.6,1.2,2025-01-31,1535,Terra,MODIS,86,61.03,296.4,55.7,D,0
26.8712,-81.7493,325.3,1.6,1.2,2025-01-31,1535,Terra,MODIS,82,61.03,296.3,40.6,D,0
26.5414,-80.5797,307.7,2,1.4,2025-01-31,1535,Terra,MODIS,56,61.03,297.1,11.1,D,0
26.3701,-81.416,307.8,1.7,1.3,2025-01-31,1535,Terra,MODIS,56,61.03,297.2,10.3,D,0
31.1667,-98.8072,300.5,4.3,1.9,2025-01-31,1712,Terra,MODIS,38,61.03,286.9,39.7,D,0
33.496,-116.1837,309.5,1.9,1.3,2025-01-31,1712,Terra,MODIS,69,61.03,289.3,20.8,D,0
28.451,-81.9947,334.3,4.5,2,2025-01-31,2024,Aqua,MODIS,86,61.03,296.6,275.1,D,0
28.4478,-82.0395,343.3,4.5,2,2025-01-31,2024,Aqua,MODIS,92,61.03,297,402.6,D,0
28.4521,-81.9996,337.8,4.5,2,2025-01-31,2024,Aqua,MODIS,88,61.03,296.7,324.5,D,0
28.4492,-82.0445,338.4,4.5,2,2025-01-31,2024,Aqua,MODIS,89,61.03,296.9,332.4,D,0
28.682,-97.0494,308.3,1.3,1.1,2025-01-31,2025,Aqua,MODIS,59,61.03,297.2,7.6,D,0
29.7103,-90.5463,306.6,1.2,1.1,2025-01-31,2025,Aqua,MODIS,41,61.03,288,7.4,D,0
29.7088,-90.5587,306.4,1.2,1.1,2025-01-31,2025,Aqua,MODIS,45,61.03,288,6.9,D,0
28.8393,-96.5385,319.1,1.2,1.1,2025-01-31,2025,Aqua,MODIS,77,61.03,297,17.4,D,0
29.713,-90.5537,310.4,1.2,1.1,2025-01-31,2025,Aqua,MODIS,56,61.03,287.9,11,D,0
28.8449,-96.5342,318.2,1.2,1.1,2025-01-31,2025,Aqua,MODIS,76,61.03,296.6,17.5,D,0
28.9652,-97.6693,318.7,1.4,1.2,2025-01-31,2025,Aqua,MODIS,76,61.03,296.9,21.5,D,0
28.9628,-97.6828,307.9,1.4,1.2,2025-01-31,2025,Aqua,MODIS,56,61.03,296.9,7.6,D,0
29.6232,-94.6567,326.2,1,1,2025-01-31,2025,Aqua,MODIS,84,61.03,285.7,24.1,D,0
29.0713,-98.1138,312.6,1.5,1.2,2025-01-31,2025,Aqua,MODIS,66,61.03,298,12.8,D,0
30.2986,-95.3145,306.1,1,1,2025-01-31,2025,Aqua,MODIS,63,61.03,293.9,5.9,D,0
30.2969,-95.325,303.6,1,1,2025-01-31,2025,Aqua,MODIS,57,61.03,292.7,4.3,D,0
28.8413,-96.5267,315.6,1.2,1.1,2025-01-31,2025,Aqua,MODIS,73,61.03,297.1,13.6,D,0
28.1327,-96.9419,345.8,1.3,1.1,2025-01-31,2025,Aqua,MODIS,0,61.03,300.7,73.8,D,0
28.1448,-96.9315,312.6,1.3,1.1,2025-01-31,2025,Aqua,MODIS,0,61.03,298.9,10.8,D,0
28.1546,-96.9337,313.8,1.3,1.1,2025-01-31,2025,Aqua,MODIS,0,61.03,298.4,12.8,D,0
28.4996,-97.6737,310.2,1.4,1.2,2025-01-31,2025,Aqua,MODIS,61,61.03,297.6,9.7,D,0
28.4972,-97.6874,317,1.4,1.2,2025-01-31,2025,Aqua,MODIS,73,61.03,297.6,18.7,D,0
30.2957,-95.8603,304.5,1.1,1,2025-01-31,2025,Aqua,MODIS,59,61.03,292,5.7,D,0
30.6143,-95.7797,304.9,1.1,1,2025-01-31,2025,Aqua,MODIS,58,61.03,294,5.4,D,0
30.6233,-95.7817,305.6,1.1,1,2025-01-31,2025,Aqua,MODIS,58,61.03,293.8,5.8,D,0
31.0529,-96.6262,302.7,1.1,1.1,2025-01-31,2025,Aqua,MODIS,52,61.03,292.1,4,D,0
30.8131,-99.2202,316.8,1.6,1.2,2025-01-31,2025,Aqua,MODIS,76,61.03,295.6,24.2,D,0
31.0556,-97.9575,309.6,1.3,1.1,2025-01-31,2025,Aqua,MODIS,68,61.03,292.9,11.9,D,0
31.4773,-95.952,307.5,1.1,1,2025-01-31,2025,Aqua,MODIS,66,61.03,292.4,7.4,D,0
31.3962,-96.9527,303.4,1.2,1.1,2025-01-31,2025,Aqua,MODIS,56,61.03,292.7,5.3,D,0
33.9419,-93.1268,301.2,1.1,1,2025-01-31,2026,Aqua,MODIS,45,61.03,287.2,5.4,D,0
33.9404,-93.138,301.2,1.1,1,2025-01-31,2026,Aqua,MODIS,45,61.03,287.2,5.3,D,0
33.5823,-96.714,303.4,1.1,1,2025-01-31,2026,Aqua,MODIS,56,61.03,289.4,5.9,D,0
33.63,-97.1079,301.9,1.1,1,2025-01-31,2026,Aqua,MODIS,50,61.03,290.5,4.2,D,2
31.3235,-97.7232,307.6,1.3,1.1,2025-01-31,2026,Aqua,MODIS,65,61.03,293.7,9.1,D,0
31.1601,-98.8009,314.1,1.5,1.2,2025-01-31,2026,Aqua,MODIS,73,61.03,293.1,18.5,D,0
31.1574,-98.8155,317.7,1.5,1.2,2025-01-31,2026,Aqua,MODIS,77,61.03,293.8,24,D,0
31.1678,-98.8181,312,1.5,1.2,2025-01-31,2026,Aqua,MODIS,45,61.03,294.2,14.9,D,0
31.2891,-98.3275,304.6,1.4,1.2,2025-01-31,2026,Aqua,MODIS,57,61.03,292.2,8.4,D,0
31.732,-96.2761,301.6,1.1,1,2025-01-31,2026,Aqua,MODIS,48,61.03,290.7,4.5,D,0
32.4161,-95.9986,303.2,1,1,2025-01-31,2026,Aqua,MODIS,55,61.03,291.1,4.8,D,0
32.7987,-99.4661,310.5,1.5,1.2,2025-01-31,2026,Aqua,MODIS,66,61.03,296.2,13.2,D,0
32.4016,-101.6438,311.9,2.1,1.4,2025-01-31,2026,Aqua,MODIS,63,61.03,298.4,17,D,2
36.8157,-89.9611,309.6,1.6,1.3,2025-01-31,2027,Aqua,MODIS,69,61.03,285.7,20.9,D,0
37.4048,-96.0452,303,1,1,2025-01-31,2027,Aqua,MODIS,55,61.03,285.7,6.3,D,0
36.8152,-89.9666,308,1.6,1.3,2025-01-31,2027,Aqua,MODIS,66,61.03,285.2,17.9,D,0
34.9026,-102.0908,313,2,1.4,2025-01-31,2027,Aqua,MODIS,40,61.03,292.8,22.9,D,0
34.8984,-102.1114,318.5,2,1.4,2025-01-31,2027,Aqua,MODIS,0,61.03,294,35.6,D,0
34.9081,-102.0996,323.3,2,1.4,2025-01-31,2027,Aqua,MODIS,0,61.03,293.5,51.7,D,0
41.6946,-99.1559,312,1.1,1,2025-01-31,2028,Aqua,MODIS,72,61.03,284.5,14,D,0
41.4014,-97.9485,319.9,1,1,2025-01-31,2028,Aqua,MODIS,80,61.03,284.9,19,D,0
41.4032,-97.9369,322.9,1,1,2025-01-31,2028,Aqua,MODIS,82,61.03,285,22.1,D,0
41.6966,-99.1437,319.8,1.1,1,2025-01-31,2028,Aqua,MODIS,80,61.03,284.7,21.2,D,0
42.4419,-94.3783,300.6,1.2,1.1,2025-01-31,2028,Aqua,MODIS,40,61.03,284.3,6.3,D,0
42.718,-120.4872,303,1.1,1,2025-01-31,2207,Aqua,MODIS,51,61.03,281.1,7.8,D,0
